tk;oikismos;sk;kafsoxyla;viomaza_pellet
36100;Βελούχι,το;1.62;1;1
50150;Αγία Παρασκευή,η (Τοπική Κοινότητα Πολυμύλου);1.61;1;1
53100;Βίγλα,η;1.61;1;1
53076;Βίγλα,η;1.61;1;1
67062;Δασικό Χωριό,το;1.59;1;1
59150;Κάτω Βέρμιον,το;1.59;1;1
59200;Πηγάδια,τα;1.59;1;1
53100;Πισοδέριον,το;1.54;1;1
53076;Πισοδέριον,το;1.54;1;1
67062;Λειβαδίτης,ο;1.53;1;1
52051;Νέα Κοτύλη,η;1.53;1;1
59200;Άνω Σέλι,το;1.52;1;1
53073;Περικοπή,η;1.52;1;1
52051;Γράμος,ο;1.51;1;1
53073;Νυμφαίον,το;1.51;1;1
53078;Νυμφαίον,το;1.51;1;1
44100;Αετομηλίτσα,η;1.48;1;1
44015;Αετομηλίτσα,η;1.48;1;1
51100;Σαμαρίνα,η;1.48;1;1
51032;Σαμαρίνα,η;1.48;1;1
52055;Κορυφή,η;1.47;1;1
59200;Άγιος Παύλος,ο;1.46;1;1
61200;Λιβάδια,τα;1.46;1;1
38500;Πουριανός Σταυρός,ο;1.46;1;1
36071;Καμάρια,τα;1.45;1;1
36073;Καμάρια,τα;1.45;1;1
51100;Κουρούνα,η;1.45;1;1
59150;Ξηρολίβαδον,το;1.45;1;1
53100;Τρίβουνον,το;1.45;1;1
36071;Έλατος,ο;1.43;1;1
50150;Ζωοδόχος Πηγή,η;1.43;1;1
42200;Κονάκια,τα;1.43;1;1
36071;Νεράιδα,η;1.43;1;1
36073;Νεράιδα,η;1.43;1;1
50150;Προφήτης Ηλίας,ο;1.42;1;1
42200;Στεφάνιον,το;1.42;1;1
42036;Στεφάνιον,το;1.42;1;1
51100;Αβδέλλα,η;1.41;1;1
51032;Αβδέλλα,η;1.41;1;1
50150;Άγιο Πνεύμα,το;1.41;1;1
58002;Άγιος Αθανάσιος,ο;1.41;1;1
67300;Διάσπαρτον,το;1.41;1;1
59150;Καστανέα,η;1.41;1;1
36071;Παλαιόλακκα,η;1.41;1;1
36073;Παλαιόλακκα,η;1.41;1;1
53100;Καλογερίτσα,η;1.40;1;1
51100;Περιβόλιον,το;1.40;1;1
51032;Περιβόλιον,το;1.40;1;1
53100;Τριανταφυλλέα,η;1.40;1;1
44100;Φούρκα,η;1.40;1;1
44008;Φούρκα,η;1.40;1;1
62500;Άνω Βροντού,η;1.39;1;1
53100;Κρατερόν,το;1.39;1;1
51100;Σμίξη,η;1.39;1;1
51032;Σμίξη,η;1.39;1;1
53100;Ακρίτας,ο;1.38;1;1
52050;Καλή Βρύση,η;1.38;1;1
52058;Καλή Βρύση,η;1.38;1;1
69150;Καλύβια,τα;1.38;1;1
69500;Καλύβια,τα;1.38;1;1
50400;Καταφύγιον,το;1.38;1;1
52100;Οξυά,η;1.38;1;1
52059;Οξυά,η;1.38;1;1
52052;Κλεισούρα,η;1.37;1;1
52054;Κλεισούρα,η;1.37;1;1
52200;Λάγκα,η;1.37;1;1
52100;Πολυκέρασον,το;1.37;1;1
52059;Πολυκέρασον,το;1.37;1;1
45500;Άγιος Γεώργιος,ο;1.36;1;1
44013;Άγιος Γεώργιος,ο;1.36;1;1
58002;Άνω Γραμματικόν,το;1.36;1;1
50300;Βλάστη,η;1.36;1;1
50009;Βλάστη,η;1.36;1;1
44200;Μηλέα,η;1.36;1;1
42032;Περτούλιον,το;1.36;1;1
52051;Τρίλοφος,ο;1.36;1;1
51100;Φιλιππαίοι,οι;1.36;1;1
51032;Φιλιππαίοι,οι;1.36;1;1
52200;Βράχος,ο;1.35;1;1
52055;Κρυσταλλοπηγή,η;1.35;1;1
53076;Κρυσταλλοπηγή,η;1.35;1;1
52050;Μεσόβραχον,το;1.35;1;1
52058;Μεσόβραχον,το;1.35;1;1
53100;Άλωνα,τα;1.34;1;1
36071;Καρυά,η;1.34;1;1
59200;Μεταμόρφωσις,η;1.34;1;1
52051;Μονόπυλο,το;1.34;1;1
60150;Φτέρη,η;1.34;1;1
51100;Αετιά,η;1.33;1;1
51032;Αετιά,η;1.33;1;1
52055;Άνω Μελάς,ο;1.33;1;1
53077;Βροντερόν,το;1.33;1;1
52051;Γιαννοχώρι,το;1.33;1;1
66150;Δρυμότοπος,ο;1.33;1;1
20400;Ζήρεια,η;1.33;1;1
50300;Νάματα,τα;1.33;1;1
50003;Νάματα,τα;1.33;1;1
44100;Πληκάτιον,το;1.33;1;1
44015;Πληκάτιον,το;1.33;1;1
50002;Πολυκάστανον,το;1.33;1;1
53100;Πολυπόταμον,το;1.33;1;1
42200;Κρανέα,η;1.32;1;1
42036;Κρανέα,η;1.32;1;1
44100;Λουτρά,τα;1.32;1;1
52051;Πεύκος,ο;1.32;1;1
50007;Πευκόφυτον,το;1.32;1;1
50007;Βυθός,ο;1.31;1;1
67300;Δημάριον,το;1.31;1;1
53100;Δροσοπηγή,η;1.31;1;1
50002;Ζώνη,η;1.31;1;1
40006;Καλλιπεύκη,η;1.31;1;1
40004;Καλλιπεύκη,η;1.31;1;1
52200;Καστανόφυτον,το;1.31;1;1
58400;Κάτω Κορυφή,η;1.31;1;1
52200;Κυψέλη,η;1.31;1;1
51100;Μεσολούριον,το;1.31;1;1
51032;Μεσολούριον,το;1.31;1;1
37100;Όθρυς,ο;1.31;1;1
51100;Πανόραμα,το;1.31;1;1
51032;Πανόραμα,το;1.31;1;1
53070;Παρχάρι,το;1.31;1;1
66150;Σκαλωτή,η;1.31;1;1
42032;Βλατανέοι,οι;1.30;1;1
66033;Γρανίτης,ο;1.30;1;1
42200;Δολιανά,τα;1.30;1;1
42036;Δολιανά,τα;1.30;1;1
51100;Δοτσικόν,το;1.30;1;1
51032;Δοτσικόν,το;1.30;1;1
50002;Δραγασιά,η;1.30;1;1
33057;Ιταμός,ο;1.30;1;1
43150;Κέδρος,ο;1.30;1;1
53100;Κοίμησις της Θεοτόκου,η;1.30;1;1
52055;Μελάς,ο;1.30;1;1
52052;Μονή Παναγίας,η;1.30;1;1
52054;Μονή Παναγίας,η;1.30;1;1
42200;Χαλίκιον,το;1.30;1;1
42036;Χαλίκιον,το;1.30;1;1
44100;Χιονάδες,οι;1.30;1;1
44015;Χιονάδες,οι;1.30;1;1
60150;Άνω Μηλέα,η;1.29;1;1
58400;Αρχάγγελος,ο;1.29;1;1
58003;Αρχάγγελος,ο;1.29;1;1
50002;Αυγερινός,ο;1.29;1;1
50008;Αυγερινός,ο;1.29;1;1
42032;Βλάχα,η;1.29;1;1
50002;Δάφνη,η;1.29;1;1
52050;Ιεροπηγή,η;1.29;1;1
67300;Κίδαρις,η;1.29;1;1
50150;Κτενάς,ο;1.29;1;1
52051;Λειβαδοτόπι,το;1.29;1;1
51100;Πρόσβορρον,το;1.29;1;1
51032;Πρόσβορρον,το;1.29;1;1
52051;Στενά,τα;1.29;1;1
42200;Ανθούσα,η;1.28;1;1
42036;Ανθούσα,η;1.28;1;1
52055;Ανταρτικόν,το;1.28;1;1
53076;Ανταρτικόν,το;1.28;1;1
25006;Άνω Μεσορρούγι,το;1.28;1;1
44010;Βραδέτον,το;1.28;1;1
44018;Βραδέτον,το;1.28;1;1
66150;Δενδράκια,τα;1.28;1;1
50007;Ζούζουλη,η;1.28;1;1
51100;Λάβδας,ο;1.28;1;1
51032;Λάβδας,ο;1.28;1;1
64009;Λεκάνη,η;1.28;1;1
53073;Λέχοβον,το;1.28;1;1
51100;Μοναχίτιον,το;1.28;1;1
67300;Πάχνη,η;1.28;1;1
43150;Ραφήνα,η;1.28;1;1
43067;Ραφήνα,η;1.28;1;1
44010;Σκαμνέλλιον,το;1.28;1;1
52050;Χιονάτον,το;1.28;1;1
52058;Χιονάτον,το;1.28;1;1
36100;Άμπλιανη,η;1.27;1;1
36076;Άμπλιανη,η;1.27;1;1
66033;Αχλαδέα,η;1.27;1;1
66033;Βαθύτοπος,ο;1.27;1;1
42032;Βακάριον,το;1.27;1;1
42037;Βακάριον,το;1.27;1;1
66033;Βώλαξ,ο;1.27;1;1
66033;Δασωτόν,το;1.27;1;1
50007;Δίλοφον,το;1.27;1;1
66033;Εξοχή,η;1.27;1;1
43150;Ίταμος,ο;1.27;1;1
42032;Καλλιθέα,η;1.27;1;1
51100;Καλλιθέα,η;1.27;1;1
51031;Καλλιθέα,η;1.27;1;1
66033;Κατάφυτον,το;1.27;1;1
66033;Κάτω Βροντού,η;1.27;1;1
66033;Κάτω Νευροκόπιον,το;1.27;1;1
53071;Κέλλα,η;1.27;1;1
53074;Κέλλα,η;1.27;1;1
42200;Κορομηλιά,η;1.27;1;1
64003;Κορυφαί,αι;1.27;1;1
59150;Κουμαριά,η;1.27;1;1
66033;Λευκόγεια,τα;1.27;1;1
52055;Μακροχώριον,το;1.27;1;1
42200;Μαυρέλιον,το;1.27;1;1
42035;Μαυρέλιον,το;1.27;1;1
66033;Μικρομηλέα,η;1.27;1;1
42032;Νεραϊδοχώρι,το;1.27;1;1
66033;Οχυρόν,το;1.27;1;1
66033;Παγονέριον,το;1.27;1;1
35150;Παύλιανη,η;1.27;1;1
50007;Πεντάλοφος,ο;1.27;1;1
66033;Περιθώριον,το;1.27;1;1
52100;Σιδηροχώριον,το;1.27;1;1
52059;Σιδηροχώριον,το;1.27;1;1
40003;Τσαϊρι,το;1.27;1;1
66033;Χρυσοκέφαλος,ο;1.27;1;1
42032;Ψάρρο,το;1.27;1;1
53077;Άγιος Γερμανός,ο;1.26;1;1
52200;Άνω Περιβόλιον,το;1.26;1;1
53100;Ατραπός,η;1.26;1;1
52055;Βατοχώριον,το;1.26;1;1
53076;Βατοχώριον,το;1.26;1;1
50002;Δαμασκηνιά,η;1.26;1;1
52050;Δενδροχώριον,το;1.26;1;1
52050;Διποταμιά,η;1.26;1;1
52058;Διποταμιά,η;1.26;1;1
33057;Δόκανο,το;1.26;1;1
30150;Δροσοπηγή,η;1.26;1;1
36074;Δροσοπηγή,η;1.26;1;1
33054;Καλάνια,τα;1.26;1;1
53077;Καλλιθέα,η;1.26;1;1
51100;Καλλονή,η;1.26;1;1
67300;Κένταυρος,ο;1.26;1;1
61200;Κούπα,η;1.26;1;1
61005;Κούπα,η;1.26;1;1
42200;Κουτσούφλιανη,η;1.26;1;1
51100;Κρανέα,η;1.26;1;1
51031;Κρανέα,η;1.26;1;1
52052;Μονή Αγίων Αναργύρων,η;1.26;1;1
42200;Παλαιοχώριον,το;1.26;1;1
51100;Περιβολάκιον,το;1.26;1;1
52200;Πετροπουλάκιον,το;1.26;1;1
33053;Πυρά,η;1.26;1;1
33063;Πυρά,η;1.26;1;1
67150;Ρεύμα,το;1.26;1;1
33056;Υψηλόν Χωρίον,το;1.26;1;1
33062;Υψηλόν Χωρίον,το;1.26;1;1
38500;Χάνια,τα;1.26;1;1
37011;Χάνια,τα;1.26;1;1
50007;Χρυσή,η;1.26;1;1
52200;Άγιος Ηλίας,ο;1.25;1;1
51100;Αλατόπετρα,η;1.25;1;1
51032;Αλατόπετρα,η;1.25;1;1
43060;Ανοιξιάτικο,το;1.25;1;1
44100;Ασημοχώριον,το;1.25;1;1
44015;Ασημοχώριον,το;1.25;1;1
53073;Ασπρόγεια,τα;1.25;1;1
53075;Ασπρόγεια,τα;1.25;1;1
44100;Δροσοπηγή,η;1.25;1;1
44015;Δροσοπηγή,η;1.25;1;1
42200;Καλλιρρόη,η;1.25;1;1
42036;Καλλιρρόη,η;1.25;1;1
67062;Καλύβα,η;1.25;1;1
61300;Καστανερή,η;1.25;1;1
40200;Κοκκινοπηλός,ο;1.25;1;1
43060;Λιβάδια,τα;1.25;1;1
43150;Μέγα Ρεύμα,το;1.25;1;1
43067;Μέγα Ρεύμα,το;1.25;1;1
35003;Νεοχώριον,το;1.25;1;1
35016;Νεοχώριον,το;1.25;1;1
44100;Πάδες,οι;1.25;1;1
44019;Πάδες,οι;1.25;1;1
53100;Παρόρειον,το;1.25;1;1
64009;Πλαταμών,ο;1.25;1;1
36100;Ρυάκιον,το;1.25;1;1
36076;Ρυάκιον,το;1.25;1;1
50150;Σιδεράς,ο;1.25;1;1
53100;Σίμος Ιωαννίδης,ο;1.25;1;1
35003;Ανατολή,η;1.24;1;1
44200;Ανήλιον,το;1.24;1;1
53100;Άνω Υδρούσσα,η;1.24;1;1
42200;Αχελινάδα,η;1.24;1;1
42035;Αχελινάδα,η;1.24;1;1
67150;Αχλαδιά,η;1.24;1;1
42032;Γαρδίκιον,το;1.24;1;1
42037;Γαρδίκιον,το;1.24;1;1
50007;Δασύλλιον,το;1.24;1;1
53100;Εθνικόν,το;1.24;1;1
59150;Ελαφίνα,η;1.24;1;1
67150;Θεοτόκος,η;1.24;1;1
36100;Ιτιά,η;1.24;1;1
42200;Κακοπλεύριον,το;1.24;1;1
43150;Καρβασαράς,ο;1.24;1;1
43067;Καρβασαράς,ο;1.24;1;1
40200;Λιβάδι,το;1.24;1;1
40002;Λιβάδι,το;1.24;1;1
50150;Λιβερά,τα;1.24;1;1
52051;Νεστόριον,το;1.24;1;1
33053;Πανουργιάς,ο;1.24;1;1
33063;Πανουργιάς,ο;1.24;1;1
51100;Πολυνέριον,το;1.24;1;1
51032;Πολυνέριον,το;1.24;1;1
52055;Πράσινον,το;1.24;1;1
53076;Πράσινον,το;1.24;1;1
36100;Συγκρέλλος,ο;1.24;1;1
52055;Τρίγωνον,το;1.24;1;1
53076;Τρίγωνον,το;1.24;1;1
51100;Τρίκορφον,το;1.24;1;1
44010;Τσεπέλοβον,το;1.24;1;1
69300;Χλόη,η;1.24;1;1
53077;Ψαράδες,οι;1.24;1;1
67300;Άνω Θέρμαι,αι;1.23;1;1
33056;Αρτοτίνα,η;1.23;1;1
33059;Αρτοτίνα,η;1.23;1;1
67150;Άσκυρα,τα;1.23;1;1
43060;Βασιλάδες,οι;1.23;1;1
43069;Βασιλάδες,οι;1.23;1;1
52100;Βυσσινέα,η;1.23;1;1
52059;Βυσσινέα,η;1.23;1;1
42032;Δέση,η;1.23;1;1
64009;Διπόταμος,ο;1.23;1;1
51100;Ζάκας,ο;1.23;1;1
52050;Κομνηνάδες,οι;1.23;1;1
52058;Κομνηνάδες,οι;1.23;1;1
67300;Κοτύλη,η;1.23;1;1
33056;Κριάτσιον,το;1.23;1;1
33059;Κριάτσιον,το;1.23;1;1
40200;Κρυόβρυση,η;1.23;1;1
51100;Κυπαρίσσιον,το;1.23;1;1
50500;Μεταξάς,ο;1.23;1;1
42032;Ορεινή,η;1.23;1;1
42037;Ορεινή,η;1.23;1;1
67150;Πανέριον,το;1.23;1;1
42200;Πολυθέα,η;1.23;1;1
42036;Πολυθέα,η;1.23;1;1
36100;Στάβλοι,οι;1.23;1;1
36076;Στάβλοι,οι;1.23;1;1
52055;Άγιος Αντώνιος,ο;1.22;1;1
36100;Άγιος Νικόλαος,ο;1.22;1;1
52200;Ανθηρόν,το;1.22;1;1
51100;Άνω Εκκλησία,η;1.22;1;1
50300;Γαλατινή,η;1.22;1;1
35003;Δάφνη,η;1.22;1;1
47045;Δροσιά,η;1.22;1;1
44002;Δρυμάδες,αι;1.22;1;1
44005;Δρυμάδες,αι;1.22;1;1
58200;Κερασέαι,αι;1.22;1;1
36071;Κουστέσα,η;1.22;1;1
36073;Κουστέσα,η;1.22;1;1
36100;Κυνηγός,ο;1.22;1;1
66150;Μακρυπλάγιον,το;1.22;1;1
67062;Μαργαρίτιον,το;1.22;1;1
44200;Μέτσοβον,το;1.22;1;1
36071;Παραμερίτα,η;1.22;1;1
43150;Πετράλωνα,τα;1.22;1;1
36071;Πετρωτό,το;1.22;1;1
43067;Πετρωτό,το;1.22;1;1
44100;Πλαγιά,η;1.22;1;1
44015;Πλαγιά,η;1.22;1;1
26500;Προφήτης Ηλίας,ο;1.22;1;1
53077;Πύλη,η;1.22;1;1
42032;Σπίτια,τα;1.22;1;1
42037;Σπίτια,τα;1.22;1;1
40200;Τσαπουρνιά,η;1.22;1;1
42200;Χρυσομηλέα,η;1.22;1;1
67150;Ωραίον,το;1.22;1;1
42032;Αγία Παρασκευή,η;1.21;1;1
42037;Αγία Παρασκευή,η;1.21;1;1
50002;Άγιοι Ανάργυροι,οι;1.21;1;1
51100;Άγιος Κοσμάς,ο;1.21;1;1
40003;Ανατολή,η;1.21;1;1
44200;Ανθοχώριον,το;1.21;1;1
50200;Βαρικόν,το;1.21;1;1
50005;Βαρικόν,το;1.21;1;1
52052;Βέργα,η;1.21;1;1
35003;Βλάχικος,ο;1.21;1;1
35018;Βλάχικος,ο;1.21;1;1
36071;Γαβρολισιάδα,η;1.21;1;1
36073;Γαβρολισιάδα,η;1.21;1;1
44100;Γοργοπόταμος,ο;1.21;1;1
44015;Γοργοπόταμος,ο;1.21;1;1
42032;Δροσοχώριον,το;1.21;1;1
51100;Εκκλησία,η;1.21;1;1
42032;Ισιώματα,τα;1.21;1;1
36071;Καβάκια,τα;1.21;1;1
33057;Καλοσκοπή,η;1.21;1;1
40200;Καρυά,η;1.21;1;1
33053;Καστριώτισσα,η;1.21;1;1
33063;Καστριώτισσα,η;1.21;1;1
42200;Κατάφυτον,το;1.21;1;1
42036;Κατάφυτον,το;1.21;1;1
33054;Κρόκι,το;1.21;1;1
52200;Κωσταράζιον,το;1.21;1;1
52055;Κώτας,ο;1.21;1;1
53076;Κώτας,ο;1.21;1;1
30022;Λιβαδάκιον,το;1.21;1;1
30025;Λιβαδάκιον,το;1.21;1;1
42200;Λογγά,η;1.21;1;1
42035;Λογγά,η;1.21;1;1
51100;Μέγαρον,το;1.21;1;1
67300;Μέσαι Θέρμαι,αι;1.21;1;1
66033;Μικροκλεισούρα,η;1.21;1;1
52200;Νίκη,η;1.21;1;1
52200;Νόστιμον,το;1.21;1;1
44100;Παλαιοσέλλιον,το;1.21;1;1
44019;Παλαιοσέλλιον,το;1.21;1;1
52050;Πολυάνεμον,το;1.21;1;1
66150;Πολύκαρπος,ο;1.21;1;1
53100;Πρώτη,η;1.21;1;1
62042;Σκοπιά,η;1.21;1;1
43060;Χάρις,η;1.21;1;1
43069;Χάρις,η;1.21;1;1
42200;Αηδών,η;1.20;1;1
40200;Άκρη,η;1.20;1;1
40001;Άκρη,η;1.20;1;1
69300;Άνω Καμπή,η;1.20;1;1
53100;Άνω Κλειναί,αι;1.20;1;1
44100;Άρματα,τα;1.20;1;1
44019;Άρματα,τα;1.20;1;1
36071;Ασπρόρρευμα,το;1.20;1;1
36073;Ασπρόρρευμα,το;1.20;1;1
40200;Βερδικούσσα,η;1.20;1;1
40005;Βερδικούσσα,η;1.20;1;1
44200;Βοβούσα,η;1.20;1;1
44014;Βοβούσα,η;1.20;1;1
36071;Βραγγιανά,τα;1.20;1;1
36073;Βραγγιανά,τα;1.20;1;1
36100;Βύθισμα,το;1.20;1;1
36076;Βύθισμα,το;1.20;1;1
52055;Γάβρος,ο;1.20;1;1
45500;Δικόρυφον,το;1.20;1;1
44007;Δικόρυφον,το;1.20;1;1
50007;Επταχώρι,το;1.20;1;1
58002;Ζέρβη,η;1.20;1;1
52200;Ζευγοστάσιον,το;1.20;1;1
43150;Καρίτσα,η;1.20;1;1
43067;Καρίτσα,η;1.20;1;1
44200;Καστανών,ο;1.20;1;1
44014;Καστανών,ο;1.20;1;1
69300;Κέχρος,ο;1.20;1;1
53100;Κλαδορράχη,η;1.20;1;1
42150;Κόρη,η;1.20;1;1
59150;Κουτσοχώριον,το;1.20;1;1
30022;Κρυονέρια,τα;1.20;1;1
30025;Κρυονέρια,τα;1.20;1;1
44010;Λαΐστα,η;1.20;1;1
50500;Λιβαδερόν,το;1.20;1;1
33053;Μαυρολιθάριον,το;1.20;1;1
33063;Μαυρολιθάριον,το;1.20;1;1
51100;Μικρολίβαδον,το;1.20;1;1
51031;Μικρολίβαδον,το;1.20;1;1
25100;Μικρόνι,το;1.20;1;1
43150;Νεράιδα,η ΔΗΜΟΣ ΛΙΜΝΗΣ ΠΛΑΣΤΗΡΑ;1.20;1;1
43067;Νεράιδα,η ΔΗΜΟΣ ΛΙΜΝΗΣ ΠΛΑΣΤΗΡΑ;1.20;1;1
45500;Ξηροβούνιον,το;1.20;1;1
44013;Ξηροβούνιον,το;1.20;1;1
44100;Οξυά,η;1.20;1;1
53077;Οξυά,η;1.20;1;1
44015;Οξυά,η;1.20;1;1
66033;Πέρασμα,το;1.20;1;1
50150;Πολύμυλος,ο;1.20;1;1
52051;Πτελέα,η;1.20;1;1
67150;Ράχη,η;1.20;1;1
50150;Σκάφη,η;1.20;1;1
36100;Σκοπιά,η;1.20;1;1
36076;Σκοπιά,η;1.20;1;1
64009;Σκοπός,ο;1.20;1;1
44001;Συρράκον,το;1.20;1;1
53100;Φλάμπουρον,το;1.20;1;1
52055;Χάλαρα,τα;1.20;1;1
42032;Αθαμανία,η;1.19;1;1
42037;Αθαμανία,η;1.19;1;1
33053;Αθανάσιος Διάκος,ο;1.19;1;1
33063;Αθανάσιος Διάκος,ο;1.19;1;1
67300;Αιμόνιον,το;1.19;1;1
52050;Ακόντιον,το;1.19;1;1
52100;Απόσκεπος,ο;1.19;1;1
50150;Αυγή,η;1.19;1;1
52052;Βασιλειάς,η;1.19;1;1
67150;Βασιλοχώριον,το;1.19;1;1
57200;Βερτίσκος,ο;1.19;1;1
57017;Βερτίσκος,ο;1.19;1;1
44100;Βούρμπιανη,η;1.19;1;1
44015;Βούρμπιανη,η;1.19;1;1
44010;Βρυσοχώριον,το;1.19;1;1
51200;Γήλοφος,ο;1.19;1;1
43150;Γιαννουσαίικα,τα;1.19;1;1
33056;Γραμμένη Οξυά,η;1.19;1;1
44100;Δίστρατον,το;1.19;1;1
44019;Δίστρατον,το;1.19;1;1
42032;Εξοχή,η;1.19;1;1
42037;Εξοχή,η;1.19;1;1
57200;Ίσωμα,το;1.19;1;1
57017;Ίσωμα,το;1.19;1;1
52200;Κερασώνα,η;1.19;1;1
67150;Κρανιά,η;1.19;1;1
51100;Λείψιον,το;1.19;1;1
53077;Λευκών,ο;1.19;1;1
57006;Λιβάδιον,το;1.19;0;0
43150;Λογγά,η;1.19;1;1
44010;Νεγάδες,οι;1.19;1;1
44018;Νεγάδες,οι;1.19;1;1
43060;Πετρίλον,το;1.19;1;1
43069;Πετρίλον,το;1.19;1;1
67150;Πόρτα,η;1.19;1;1
42032;Πύρρα,η;1.19;1;1
53100;Σκοπιά,η;1.19;1;1
61200;Σκρα,το;1.19;1;1
61005;Σκρα,το;1.19;1;1
52200;Σπήλιος,ο;1.19;1;1
36071;Τροβάτον,το;1.19;1;1
36073;Τροβάτον,το;1.19;1;1
43150;Αγία Παρασκευή,η;1.18;1;1
44100;Αγία Παρασκευή,η;1.18;1;1
44008;Αγία Παρασκευή,η;1.18;1;1
50007;Αγία Σωτήρα,η;1.18;1;1
58200;Αγία Φωτεινή,η;1.18;1;1
58002;Άγιος Δημήτριος,ο;1.18;1;1
42200;Αμάραντον,το;1.18;1;1
42036;Αμάραντον,το;1.18;1;1
67150;Ανθηρόν,το;1.18;1;1
36100;Ανιάδα,η;1.18;1;1
63073;Βάβδος,ο;1.18;1;1
63084;Βάβδος,ο;1.18;1;1
42032;Βαθύρρευμα,το;1.18;1;1
42037;Βαθύρρευμα,το;1.18;1;1
64003;Βουνοχώριον,το;1.18;1;1
30023;Γρηγόριον,το;1.18;1;1
30024;Γρηγόριον,το;1.18;1;1
33056;Διχώριον,το;1.18;1;1
33062;Διχώριον,το;1.18;1;1
60150;Ελατοχώριον,το;1.18;1;1
50200;Ερμακιά,η;1.18;1;1
33057;Ζαμπειός,ο;1.18;1;1
44010;Ηλιοχώριον,το;1.18;1;1
67300;Θέρμαι,αι;1.18;1;1
44002;Κακόλακκος,ο;1.18;1;1
44006;Κακόλακκος,ο;1.18;1;1
67062;Καλλιθέα,η;1.18;1;1
42200;Καλογριανή,η;1.18;1;1
44010;Καπέσοβον,το;1.18;1;1
44018;Καπέσοβον,το;1.18;1;1
67300;Καπνόανθος,ο;1.18;1;1
43063;Κάρπη,η;1.18;1;1
43068;Κάρπη,η;1.18;1;1
53077;Καρυαί,αι;1.18;1;1
58200;Καρυδιά,η;1.18;1;1
35003;Καστανέα,η;1.18;1;1
44100;Καστανέα,η;1.18;1;1
35016;Καστανέα,η;1.18;1;1
44015;Καστανέα,η;1.18;1;1
52051;Κάτω Πτελέα,η;1.18;1;1
69200;Κερασέα,η;1.18;1;1
33056;Κερασέαι,αι;1.18;1;1
33062;Κερασέαι,αι;1.18;1;1
50002;Κλεισώρεια,η;1.18;1;1
50002;Κορυφή,η;1.18;1;1
43060;Κούρα,η;1.18;1;1
36100;Κρίκελλον,το;1.18;1;1
36076;Κρίκελλον,το;1.18;1;1
51100;Κυδωνίαι,αι;1.18;1;1
67150;Κύκνος,ο;1.18;1;1
44100;Λαγκάδα,η;1.18;1;1
44015;Λαγκάδα,η;1.18;1;1
53077;Λαιμός,ο;1.18;1;1
30300;Λεπτοκαρυά,η;1.18;1;1
68150;Λεπτοκαρυά,η;1.18;1;1
30026;Λεπτοκαρυά,η;1.18;1;1
68011;Λεπτοκαρυά,η;1.18;1;1
42032;Λιβαδοχώριον,το;1.18;1;1
42037;Λιβαδοχώριον,το;1.18;1;1
64003;Λυκόστομον,το;1.18;1;1
42200;Μαλακάσιον,το;1.18;1;1
35011;Μαυρίλον,το;1.18;1;1
35017;Μαυρίλον,το;1.18;1;1
52055;Μαυρόκαμπος,ο;1.18;1;1
59150;Μικρά Σάντα,η;1.18;1;1
33100;Μοναστήριον,το;1.18;1;1
69300;Μοναστήριον,το;1.18;1;1
52055;Νέος Οικισμός,ο;1.18;1;1
52200;Ομορφοκκλησιά,η;1.18;1;1
66200;Πανόραμα,το;1.18;1;1
66036;Πανόραμα,το;1.18;1;1
42032;Παράμερον,το;1.18;1;1
42037;Παράμερον,το;1.18;1;1
67150;Πριόνιον,το;1.18;1;1
69150;Σμιγάδα,η;1.18;1;1
69500;Σμιγάδα,η;1.18;1;1
52200;Σπήλαια,τα;1.18;1;1
53100;Φλώρινα,η;1.18;0;1
59150;Χαράδρα,η;1.18;1;1
52051;Αγία Άννα,η;1.17;1;1
43060;Αργυραίικα,τα;1.17;1;1
43069;Αργυραίικα,τα;1.17;1;1
59200;Αρκοχώριον,το;1.17;1;1
42032;Βροντερόν,το;1.17;1;1
35003;Γαρδίκιον,το;1.17;1;1
35018;Γαρδίκιον,το;1.17;1;1
45500;Ελάτη,η;1.17;1;1
44007;Ελάτη,η;1.17;1;1
51100;Καληράχη,η;1.17;1;1
42032;Καρυές,οι;1.17;1;1
47044;Κασιανός,ο;1.17;1;1
47047;Κασιανός,ο;1.17;1;1
58002;Κάτω Γραμματικόν,το;1.17;1;1
35003;Κέδρα,τα;1.17;1;1
35018;Κέδρα,τα;1.17;1;1
67150;Κετίκιον,το;1.17;1;1
50002;Κοιλάδιον,το;1.17;1;1
52055;Κρανιώνας,ο;1.17;1;1
58400;Λαγκαδιά,η;1.17;1;1
58003;Λαγκαδιά,η;1.17;1;1
50150;Λεβέντης,ο;1.17;1;1
36100;Λεύκα,η;1.17;1;1
58200;Λύκοι,οι;1.17;1;1
44200;Μακρίνον,το;1.17;1;1
44014;Μακρίνον,το;1.17;1;1
62500;Μαρμαράς,ο;1.17;1;1
53077;Μικρολίμνη,η;1.17;1;1
69300;Μικρός Κέχρος,ο;1.17;1;1
58002;Νέος Άγιος Αθανάσιος,ο;1.17;1;1
67150;Ορεστινή,η;1.17;1;1
45500;Παλαιοχώριον,το;1.17;1;1
42200;Παναγία,η;1.17;1;1
58002;Παναγίτσα,η;1.17;1;1
42032;Παχτούριον,το;1.17;1;1
42037;Παχτούριον,το;1.17;1;1
35003;Πουγκάκια,τα;1.17;1;1
35018;Πουγκάκια,τα;1.17;1;1
36100;Ροσκά,η;1.17;1;1
36076;Ροσκά,η;1.17;1;1
20014;Σαραντάπηχον,το;1.17;1;1
52200;Σκαλοχώριον,το;1.17;1;1
43060;Φουντωτόν,το;1.17;1;1
43069;Φουντωτόν,το;1.17;1;1
43150;Φυλακτή,η;1.17;1;1
43067;Φυλακτή,η;1.17;1;1
43060;Χαλκιόπουλον,το;1.17;1;1
43069;Χαλκιόπουλον,το;1.17;1;1
42032;Άγιος Νικόλαος,ο;1.16;1;1
52052;Άγιος Νικόλαος,ο;1.16;1;1
62042;Αγριανή,η;1.16;1;1
58400;Αετοχώριον,το;1.16;1;1
58003;Αετοχώριον,το;1.16;1;1
51100;Αναβρυτά,τα;1.16;1;1
50002;Ανθούσα,η;1.16;1;1
36100;Άνω Εσωχώρια,τα;1.16;1;1
36074;Άνω Εσωχώρια,τα;1.16;1;1
60063;Άνω Σκοτίνα,η;1.16;1;1
30023;Άνω Χώρα,η;1.16;1;1
50002;Αχλαδέα,η;1.16;1;1
44200;Γρεβενίτιον,το;1.16;1;1
44014;Γρεβενίτιον,το;1.16;1;1
33053;Δάφνος,ο;1.16;1;1
44200;Δίλακκον,το;1.16;1;1
44014;Δίλακκον,το;1.16;1;1
36100;Δομνίστα,η;1.16;1;1
36076;Δομνίστα,η;1.16;1;1
44200;Ελατοχώριον,το;1.16;1;1
44014;Ελατοχώριον,το;1.16;1;1
64200;Ελαφοχώριον,το;1.16;1;1
57200;Ελληνικόν,το;1.16;1;1
57017;Ελληνικόν,το;1.16;1;1
44100;Θεοτόκος,η;1.16;1;1
44015;Θεοτόκος,η;1.16;1;1
67300;Ιαματικαί Πηγαί,αι;1.16;1;1
33053;Καρούται,αι;1.16;1;1
42200;Καστανέα,η;1.16;1;1
42036;Καστανέα,η;1.16;1;1
69150;Κάτω Βυρσίνη,η;1.16;1;1
69500;Κάτω Βυρσίνη,η;1.16;1;1
53071;Κλειδίον,το;1.16;1;1
53074;Κλειδίον,το;1.16;1;1
50002;Λεύκη,η;1.16;1;1
64003;Λιμνιά,τα;1.16;1;1
42032;Λιπιότα,η;1.16;1;1
52200;Μελάνθιον,το;1.16;1;1
50150;Μεταμόρφωσις,η;1.16;1;1
42200;Μηλέα,η;1.16;1;1
42036;Μηλέα,η;1.16;1;1
53077;Μηλεών,ο;1.16;1;1
50007;Μόρφη,η;1.16;1;1
42032;Νεράιδα,η;1.16;1;1
42037;Νεράιδα,η;1.16;1;1
53077;Πλατύ,το;1.16;1;1
43060;Πολύδροσον,το;1.16;1;1
43069;Πολύδροσον,το;1.16;1;1
66033;Ποταμοί,οι;1.16;1;1
58400;Σαρακηνοί,οι;1.16;1;1
53073;Σκλήθρον,το;1.16;1;1
53075;Σκλήθρον,το;1.16;1;1
60150;Σκοτεινά,τα;1.16;1;1
44002;Σταυροσκιάδιον,το;1.16;1;1
44005;Σταυροσκιάδιον,το;1.16;1;1
40200;Συκαμινέα,η;1.16;1;1
53100;Υδρούσσα,η;1.16;1;1
47150;Φανερωμένη,η;1.16;1;1
47046;Φανερωμένη,η;1.16;1;1
44200;Φλαμπουράριον,το;1.16;1;1
44014;Φλαμπουράριον,το;1.16;1;1
50002;Χρυσαυγή,η;1.16;1;1
57200;Χωρούδα,η;1.16;1;1
53100;Αγία Παρασκευή,η;1.15;1;1
36071;Άγιος Αθανάσιος,ο;1.15;1;1
36073;Άγιος Αθανάσιος,ο;1.15;1;1
53077;Άγιος Αχίλλειος,ο;1.15;1;1
53073;Αγραπιδέαι,αι;1.15;1;1
53075;Αγραπιδέαι,αι;1.15;1;1
50150;Ανθότοπος,ο;1.15;1;1
43060;Αργιθέα,η;1.15;1;1
43065;Αργιθέα,η;1.15;1;1
45500;Βαθύπεδον,το;1.15;1;1
36071;Βαλάριον,το;1.15;1;1
36073;Βαλάριον,το;1.15;1;1
69150;Βυρσίνη,η;1.15;1;1
69500;Βυρσίνη,η;1.15;1;1
67300;Γλαύκη,η;1.15;1;1
64100;Δασικό Χωριό,το;1.15;1;1
67150;Έρανος,ο;1.15;1;1
57200;Θεοδόσια,τα;1.15;1;1
57017;Θεοδόσια,τα;1.15;1;1
47044;Κανάλια,τα;1.15;1;1
43150;Καροπλέσιον,το;1.15;1;1
20009;Καρυά,η;1.15;1;1
53100;Κάτω Κλειναί,αι;1.15;1;1
52100;Κεφαλάριον,το;1.15;1;1
50150;Κηπάριον,το;1.15;1;1
42200;Κλεινόν,το;1.15;1;1
52051;Κρανοχώριον,το;1.15;1;1
30008;Λαμπίριον,το;1.15;1;1
44010;Λεπτοκαρυά,η;1.15;1;1
44018;Λεπτοκαρυά,η;1.15;1;1
50002;Λευκάδιον,το;1.15;1;1
66150;Λιβαδερόν,το;1.15;1;1
66038;Λιβαδερόν,το;1.15;1;1
42200;Ματονέριον,το;1.15;1;1
42036;Ματονέριον,το;1.15;1;1
44001;Ματσούκιον,το;1.15;1;1
62047;Μονή Εικοσιφοινίσσης,η;1.15;1;1
45500;Μονοδένδριον,το;1.15;1;1
44007;Μονοδένδριον,το;1.15;1;1
43150;Πεζούλα,η;1.15;1;1
43067;Πεζούλα,η;1.15;1;1
33056;Πενταγιοί,οι;1.15;1;1
33062;Πενταγιοί,οι;1.15;1;1
58400;Περίκλεια,η;1.15;1;1
58003;Περίκλεια,η;1.15;1;1
30022;Πετρωτόν,το;1.15;1;1
30025;Πετρωτόν,το;1.15;1;1
50002;Πλακίδα,η;1.15;1;1
61100;Ποντοκερασέα,η;1.15;1;1
69300;Ραγάδα,η;1.15;1;1
44200;Ραχούλα,η;1.15;1;1
51100;Ροδιά,η;1.15;1;1
43060;Ρώσσης,ο;1.15;1;1
43069;Ρώσσης,ο;1.15;1;1
66035;Σίλλη,η;1.15;1;1
50300;Σισάνιον,το;1.15;1;1
50003;Σισάνιον,το;1.15;1;1
50150;Σκήτη,η;1.15;1;1
57002;Σοχός,ο;1.15;1;1
67150;Σταμάτιον,το;1.15;1;1
33053;Στρόμη,η;1.15;1;1
33063;Στρόμη,η;1.15;1;1
52200;Υψηλόν,το;1.15;1;1
42200;Φωτεινόν,το;1.15;1;1
42035;Φωτεινόν,το;1.15;1;1
69300;Χαμηλόν,το;1.15;1;1
43150;Αγία Μαρίνα,η;1.14;1;1
43067;Αγία Μαρίνα,η;1.14;1;1
50150;Άγιοι Θεόδωροι,οι;1.14;1;1
60150;Άγιος Δημήτριος,ο;1.14;1;1
53073;Αετός,ο;1.14;1;1
53075;Αετός,ο;1.14;1;1
22150;Αλωνίσταινα,η;1.14;1;1
22100;Αλωνίσταινα,η;1.14;1;1
51100;Αμυγδαλέαι,αι;1.14;1;1
48200;Ανώγειον,το;1.14;1;1
57002;Αυγή,η;1.14;1;1
44200;Δολιανή,η;1.14;1;1
44014;Δολιανή,η;1.14;1;1
45500;Ελαφότοπος,ο;1.14;1;1
44007;Ελαφότοπος,ο;1.14;1;1
43060;Θερινόν,το;1.14;1;1
43065;Θερινόν,το;1.14;1;1
67150;Ισαία,η;1.14;1;1
36100;Καλλιθέα,η;1.14;1;1
45500;Καλουτάς,ο;1.14;1;1
44007;Καλουτάς,ο;1.14;1;1
69300;Κάμπος,ο;1.14;1;1
51100;Κάστρον,το;1.14;1;1
69300;Κερασιά,η;1.14;1;1
50150;Κοκκιναράς,ο;1.14;1;1
67150;Κορυφή,η;1.14;1;1
35150;Κουμαρίτσιον,το;1.14;1;1
40200;Κρανέα Ελασσόνος,η;1.14;1;1
40001;Κρανέα Ελασσόνος,η;1.14;1;1
64003;Κρανοχώριον,το;1.14;1;1
45500;Κρυόβρυση,η;1.14;0;0
58100;Κρώμνη,η;1.14;1;1
33056;Λεύκα,η;1.14;1;1
50002;Λικνάδες,αι;1.14;1;1
50150;Λυγερή,η;1.14;1;1
43150;Μαυρόλογγος,ο;1.14;1;1
67300;Μελίβοια,η;1.14;1;1
32150;Μονή Κοιμήσεως Θεοτόκου Ιερουσαλήμ,η;1.14;1;1
32008;Μονή Κοιμήσεως Θεοτόκου Ιερουσαλήμ,η;1.14;1;1
43150;Μούχα,η;1.14;1;1
36100;Μυρίκη,η;1.14;1;1
43150;Νεοχώριον,το;1.14;1;1
43067;Νεοχώριον,το;1.14;1;1
62500;Ξηρότοπος,ο;1.14;1;1
67150;Όασις,η;1.14;1;1
42032;Παλαιοχώριο,το;1.14;1;1
42037;Παλαιοχώριο,το;1.14;1;1
52200;Πεντάβρυσον,το;1.14;1;1
66035;Περίβλεπτον,το;1.14;1;1
42032;Πλατανάκια,τα;1.14;1;1
42037;Πλατανάκια,τα;1.14;1;1
59150;Πολύδενδρον,το;1.14;1;1
44100;Πουρνιά,η;1.14;1;1
44008;Πουρνιά,η;1.14;1;1
66035;Πρασινάδα,η;1.14;1;1
52050;Πτεριά,η;1.14;1;1
50300;Σιάτιστα,η;1.14;1;1
25001;Σούβαρδον,το;1.14;1;1
51100;Σπήλαιον,το;1.14;1;1
42200;Σταγιάδες,οι;1.14;1;1
53100;Τροπαιούχος,ο;1.14;1;1
50002;Τσοτύλιον,το;1.14;1;1
30022;Χάνι Λιόλιου,το - Διάσελο,το;1.14;1;1
66150;Χαράδρα,η;1.14;1;1
50150;Αγία Κυριακή,η;1.13;1;1
50002;Άγιος Θεόδωρος,ο;1.13;1;1
64009;Άγιος Κοσμάς,ο;1.13;1;1
43063;Αηδονοχώριον,το;1.13;1;1
43068;Αηδονοχώριον,το;1.13;1;1
50150;Αλωνάκια,τα;1.13;1;1
36071;Ανηφόρα,η;1.13;1;1
36073;Ανηφόρα,η;1.13;1;1
20400;Άνω Τρίκαλα,τα;1.13;1;1
50150;Άργιλος,ο;1.13;1;1
30008;Αργυρόν Πηγάδιον,το;1.13;1;1
25001;Βαλβούσια,τα;1.13;1;1
43060;Βλάσιον,το;1.13;1;1
43069;Βλάσιον,το;1.13;1;1
50150;Βοσκοχώριον,το;1.13;1;1
44100;Γαναδιόν,το;1.13;1;1
44020;Γαναδιόν,το;1.13;1;1
50002;Γλυκοκερασέα,η;1.13;1;1
50150;Ζ.Ε.Π.,ο;1.13;1;1
50150;Καλαμιά,η;1.13;1;1
22002;Καρδαράς,ο;1.13;1;1
50500;Καστανιά,η;1.13;1;1
52050;Κάτω Πτεριά,η;1.13;1;1
30008;Κοκκινόβρυση,η;1.13;1;1
69200;Κρυστάλλη,η;1.13;1;1
50150;Κτένιον,το;1.13;1;1
50004;Κτένιον,το;1.13;1;1
69150;Κύμη,η;1.13;1;1
69500;Κύμη,η;1.13;1;1
57200;Λαχανάς,ο;1.13;1;1
57017;Λαχανάς,ο;1.13;1;1
50002;Λευκοθέα,η;1.13;1;1
45500;Μανασσής,ο;1.13;1;1
44007;Μανασσής,ο;1.13;1;1
35003;Μαστοραίικα,τα;1.13;1;1
35018;Μαστοραίικα,τα;1.13;1;1
36071;Μαυρομμάτα,η;1.13;1;1
44002;Μαυρονόρος,το;1.13;1;1
44004;Μαυρονόρος,το;1.13;1;1
43060;Μεγάλη Βρύση,η;1.13;1;1
44002;Μερόπη,η;1.13;1;1
44006;Μερόπη,η;1.13;1;1
50001;Μεσόλογγος,ο;1.13;1;1
44100;Μόλιστα,η;1.13;1;1
44020;Μόλιστα,η;1.13;1;1
33053;Μουσουνίτσα,η;1.13;1;1
33063;Μουσουνίτσα,η;1.13;1;1
43150;Μπελοκομίτη,η;1.13;1;1
43067;Μπελοκομίτη,η;1.13;1;1
50150;Νέος Κλείτος,ο;1.13;1;1
36100;Νόστιμον,το;1.13;1;1
58400;Νότια,η;1.13;1;1
58003;Νότια,η;1.13;1;1
58002;Ξανθόγεια,τα;1.13;1;1
33057;Οινοχώριον,το;1.13;1;1
50002;Ομαλή,η;1.13;1;1
62500;Ορεινή,η;1.13;1;1
51100;Οροπέδιον,το;1.13;1;1
35011;Παλαιά Γιαννιτσού,η;1.13;1;1
50300;Παλαιόκαστρον,το;1.13;1;1
35003;Παλαιοχώριον,το;1.13;1;1
35018;Παλαιοχώριον,το;1.13;1;1
53100;Πολυπλάτανον,το;1.13;1;1
66200;Πύργοι,οι;1.13;1;1
59200;Ροδοχώριον,το;1.13;1;1
40200;Σαραντάπορον,το;1.13;1;1
33057;Σκλήθρον,το;1.13;1;1
50002;Τριάδα,η;1.13;1;1
50002;Αγίασμα,το;1.12;1;1
36080;Άγιος Χαράλαμπος,ο;1.12;1;1
36081;Άγιος Χαράλαμπος,ο;1.12;1;1
42200;Αμπελοχώριον,το;1.12;1;1
42036;Αμπελοχώριον,το;1.12;1;1
50200;Αναρράχη,η;1.12;1;1
50005;Αναρράχη,η;1.12;1;1
48300;Άνω Αχλαδέαι,αι;1.12;1;1
44009;Άνω Αχλαδέαι,αι;1.12;1;1
63074;Αρναία,η;1.12;1;1
50150;Βατερόν,το;1.12;1;1
53071;Βεύη,η;1.12;1;1
53074;Βεύη,η;1.12;1;1
50150;Γηροκομείον,το;1.12;1;1
36100;Γρανάς,ο;1.12;1;1
36074;Γρανάς,ο;1.12;1;1
50002;Διχείμαρρον,το;1.12;1;1
22010;Ελάτη,η;1.12;1;1
30023;Ελατού,η;1.12;1;1
30024;Ελατού,η;1.12;1;1
50200;Εμπόριον,το;1.12;1;1
50005;Εμπόριον,το;1.12;1;1
57200;Ευαγγελίστρια,η;1.12;1;1
57017;Ευαγγελίστρια,η;1.12;1;1
42200;Καλομοίρα,η;1.12;1;1
42036;Καλομοίρα,η;1.12;1;1
67062;Καστανίτης,ο;1.12;1;1
36071;Κατσαντώνης,ο;1.12;1;1
67062;Κάτω Καρυόφυτον,το;1.12;1;1
51100;Κηπουρείον,το;1.12;1;1
51031;Κηπουρείον,το;1.12;1;1
50100;Κοζάνη,η;1.12;0;0
50101;Κοζάνη,η;1.12;0;0
50110;Κοζάνη,η;1.12;0;0
50131;Κοζάνη,η;1.12;0;0
50132;Κοζάνη,η;1.12;0;0
53100;Κολχική,η;1.12;1;1
43150;Κουτσοπάπουλος,ο;1.12;1;1
43067;Κουτσοπάπουλος,ο;1.12;1;1
47043;Κρυοπηγή,η;1.12;1;1
52052;Λιθιά,η;1.12;1;1
22010;Μαγούλιανα,τα;1.12;1;1
22026;Μαγούλιανα,τα;1.12;1;1
67150;Μάνταινα,η;1.12;1;1
52052;Μελισσότοπος,ο;1.12;1;1
35011;Μεσαία Κάψη,η;1.12;1;1
35017;Μεσαία Κάψη,η;1.12;1;1
43060;Μεταμόρφωσις,η;1.12;1;1
43065;Μεταμόρφωσις,η;1.12;1;1
44002;Μικρόν Πάπιγκον,το;1.12;1;1
44016;Μικρόν Πάπιγκον,το;1.12;1;1
67150;Μύκη,η;1.12;1;1
50150;Νέα Χαραυγή,η;1.12;1;1
63074;Νεοχώριον,το;1.12;1;1
50150;Ξηρολίμνη,η;1.12;1;1
52050;Οινόη,η;1.12;1;1
66150;Οροπέδιο,το;1.12;1;1
43150;Παλαιοζογλόπι,το;1.12;1;1
42200;Πεύκη,η;1.12;1;1
25100;Πτέρη,η;1.12;1;1
50150;Ροδιανή,η;1.12;1;1
69150;Σαρακηνή,η;1.12;1;1
36100;Σελλά,τα;1.12;1;1
53071;Σκοπός,ο;1.12;1;1
25006;Σόλος,ο;1.12;1;1
63100;Ταξιάρχης,ο;1.12;1;1
42200;Τρυγών,η;1.12;1;1
35002;Φτερόλακκα,η;1.12;1;1
69300;Χαράδρα,η;1.12;1;1
62500;Χιονοχώριον,το;1.12;1;1
36080;Χόχλια,η;1.12;1;1
36081;Χόχλια,η;1.12;1;1
50400;Αγία Κυριακή,η;1.11;1;1
52050;Αγία Κυριακή,η;1.11;1;1
51100;Αγία Τριάς,η;1.11;1;1
36100;Άγιος Ανδρέας,ο;1.11;1;1
42032;Άγιος Γεώργιος,ο;1.11;1;1
52052;Άγιος Νικόλαος,ο;1.11;1;1
59200;Άγιος Νικόλαος,ο;1.11;1;1
25100;Άγιος Παντελεήμων,ο;1.11;1;1
58200;Άγρας,ο;1.11;1;1
50150;Ακρινή,η;1.11;1;1
44100;Αμάραντος,ο;1.11;1;1
67062;Άνω Καρυόφυτον,το;1.11;1;1
42032;Αρματολικόν,το;1.11;1;1
42037;Αρματολικόν,το;1.11;1;1
45500;Ασπράγγελοι,οι;1.11;1;1
44007;Ασπράγγελοι,οι;1.11;1;1
52200;Αυγή,η;1.11;1;1
25100;Βουνόπυργος,ο;1.11;1;1
50002;Βουχωρίνα,η;1.11;1;1
36080;Βράχα,η;1.11;1;1
50002;Βροντή,η;1.11;1;1
42200;Γερακάριον,το;1.11;1;1
42035;Γερακάριον,το;1.11;1;1
36071;Δένδρος,ο;1.11;1;1
51200;Δεσκάτη,η;1.11;1;1
64200;Δύσβατον,το;1.11;1;1
42032;Ελάτη,η;1.11;1;1
44100;Ελεύθερον,το;1.11;1;1
44019;Ελεύθερον,το;1.11;1;1
50150;Εξοχή,η;1.11;1;1
43060;Ζαμανάτικο,το;1.11;1;1
25007;Ζαρέλια,τα;1.11;1;1
44001;Καλαρρύται,οι;1.11;1;1
66150;Καλλίκαρπον,το;1.11;1;1
66038;Καλλίκαρπον,το;1.11;1;1
42032;Καλόγηροι,οι;1.11;1;1
67300;Καλότυχον,το;1.11;1;1
45500;Καρυόφυτον,το;1.11;1;1
57200;Κεφαλοχώριον,το;1.11;1;1
57017;Κεφαλοχώριον,το;1.11;1;1
36100;Κορυσχάδες,οι;1.11;1;1
50200;Κρυόβρυση,η;1.11;1;1
50005;Κρυόβρυση,η;1.11;1;1
21250;Κρυονέριον,το;1.11;1;1
57002;Κρυονέριον,το;1.11;1;1
35003;Κυριακοχώριον,το;1.11;1;1
35018;Κυριακοχώριον,το;1.11;1;1
53100;Λεπτοκαρυαί,αι;1.11;1;1
25001;Λουσικόν,το;1.11;1;1
58400;Λουτρά Λουτρακίου,τα;1.11;1;1
40006;Μαθητικαί Κατασκηνώσεις,αι;1.11;1;1
51100;Μαυρονόρος,το;1.11;1;1
67150;Μέγα Εύμοιρον,το;1.11;1;1
35011;Μεγάλη Κάψη,η;1.11;1;1
35017;Μεγάλη Κάψη,η;1.11;1;1
43150;Μέγας Λάκκος,ο;1.11;1;1
50150;Μελίσσια,τα;1.11;1;1
36100;Μηλέα,η;1.11;1;1
50200;Μηλοχώριον,το;1.11;1;1
50005;Μηλοχώριον,το;1.11;1;1
43150;Μολόχα,η;1.11;1;1
22150;Μονή Επάνω Χρέπας,η;1.11;1;1
22100;Μονή Επάνω Χρέπας,η;1.11;1;1
50150;Νέα Νικόπολις,η;1.11;1;1
42032;Νέα Πεύκη,η;1.11;1;1
42037;Νέα Πεύκη,η;1.11;1;1
35011;Νεοχώριον,το;1.11;1;1
35017;Νεοχώριον,το;1.11;1;1
69150;Νυμφαία,η;1.11;1;1
42032;Ξυλοχώριον,το;1.11;1;1
50200;Ολυμπιάς,η;1.11;1;1
57200;Όσσα,η;1.11;1;1
67150;Πελεκητόν,το;1.11;1;1
64003;Πολύνερον,το;1.11;1;1
51100;Πριόνια,τα;1.11;1;1
51031;Πριόνια,τα;1.11;1;1
59150;Ριζώματα,τα;1.11;1;1
66150;Σιδηρόνερον,το;1.11;1;1
30021;Σοβολακίτικα,τα;1.11;1;1
50002;Σταυροδρόμιον,το;1.11;1;1
59150;Φυτεία,η;1.11;1;1
51030;Άγιος Γεώργιος,ο;1.10;1;1
43060;Αετοχώριον,το;1.10;1;1
43069;Αετοχώριον,το;1.10;1;1
51100;Αηδόνια,τα;1.10;1;1
53071;Άνω Αχλάδα,η;1.10;1;1
30008;Άνω Δρυμών,ο;1.10;1;1
36100;Άνω Καλεσμένον,το;1.10;1;1
53100;Άνω Καλλινίκη,η;1.10;1;1
42032;Άνω Παλαιοκαρυά,η;1.10;1;1
45500;Άνω Πεδινά,τα;1.10;1;1
44007;Άνω Πεδινά,τα;1.10;1;1
52200;Ασπρονέριον,το;1.10;1;1
50001;Ασπρούλα,η;1.10;1;1
42032;Γλίστρα,η;1.10;1;1
42033;Γλίστρα,η;1.10;1;1
44002;Δολόν,το;1.10;1;1
44005;Δολόν,το;1.10;1;1
50150;Δρέπανον,το;1.10;1;1
43060;Δροσάτον,το;1.10;1;1
43069;Δροσάτον,το;1.10;1;1
50150;Θυμαριά,η;1.10;1;1
52050;Καλοχώριον,το;1.10;1;1
32004;Καλύβια Λιβαδίου Αραχόβης,τα;1.10;1;1
43150;Καστανέα,η;1.10;1;1
36100;Καστανούλα,η;1.10;1;1
36076;Καστανούλα,η;1.10;1;1
20014;Κάτω Ταρσός,ο;1.10;1;1
64009;Κεχρόκαμπος,ο;1.10;1;1
69150;Κόβαλον,το;1.10;1;1
69500;Κόβαλον,το;1.10;1;1
33053;Κονιάκος,ο;1.10;1;1
52100;Κορομηλέα,η;1.10;1;1
67150;Κότινον,το;1.10;1;1
50002;Κριμήνιον,το;1.10;1;1
43150;Κρυονέριον,το;1.10;1;1
50001;Κρυονέριον,το;1.10;1;1
43067;Κρυονέριον,το;1.10;1;1
42032;Λεπτοκαρυά,η;1.10;1;1
42037;Λεπτοκαρυά,η;1.10;1;1
50150;Λευκοπηγή,η;1.10;1;1
51100;Λόχμη,η;1.10;1;1
43060;Μαντζιουραίϊκα,τα;1.10;1;1
43069;Μαντζιουραίϊκα,τα;1.10;1;1
50150;Μαυροδένδριον,το;1.10;1;1
50200;Μαυροπηγή,η;1.10;1;1
20400;Μέση Συνοικία Τρικάλων,η;1.10;1;1
53070;Μεσόβουνον,το;1.10;1;1
50006;Μεσόβουνον,το;1.10;1;1
58002;Νέα Ξανθόγεια,τα;1.10;1;1
30008;Νεροσύρτης,ο;1.10;1;1
58200;Νησίον,το;1.10;1;1
53100;Νίκη,η;1.10;1;1
50200;Ξενοδοχείο Πτολεμαίος,το;1.10;1;1
53200;Ξινόν Νερόν,το;1.10;1;1
53072;Ξινόν Νερόν,το;1.10;1;1
50150;Οινόη,η;1.10;1;1
50001;Παναγία,η;1.10;1;1
51100;Παρόρειον,το;1.10;1;1
53100;Πέρασμα,το;1.10;1;1
35003;Πλάτανος,ο;1.10;1;1
35018;Πλάτανος,ο;1.10;1;1
51100;Ποντινή,η;1.10;1;1
50200;Ποντοκώμη,η;1.10;1;1
33100;Προσήλιον,το;1.10;1;1
44100;Πύργος,ο;1.10;1;1
43063;Ρεντίνα,η;1.10;1;1
43068;Ρεντίνα,η;1.10;1;1
35011;Ροβολιάριον,το;1.10;1;1
50002;Ροδοχώριον,το;1.10;1;1
20400;Σπαρτιναίικα,τα;1.10;1;1
50150;Σπινάρης,ο;1.10;1;1
52052;Σταυροπόταμος,ο;1.10;1;1
51100;Σταυρός,ο;1.10;1;1
43060;Στεφανιάς,η;1.10;1;1
43069;Στεφανιάς,η;1.10;1;1
36100;Τόρνος,ο;1.10;1;1
36074;Τόρνος,ο;1.10;1;1
53073;Φανός,ο;1.10;1;1
53075;Φανός,ο;1.10;1;1
36080;Φουρνά,η;1.10;1;1
50200;Φούφας,ο;1.10;1;1
50005;Φούφας,ο;1.10;1;1
44010;Φραγκάδες,οι;1.10;1;1
44018;Φραγκάδες,οι;1.10;1;1
42200;Χρύσινο,το;1.10;1;1
52052;Αγία Παρασκευή,η;1.09;1;1
30008;Αγία Τριάδα,η;1.09;1;1
51100;Άγιοι Θεόδωροι,οι;1.09;1;1
53100;Άγιος Βαρθολομαίος,ο;1.09;1;1
50150;Άγιος Δημήτριος,ο;1.09;1;1
33056;Αλποχώριον,το;1.09;1;1
33061;Αλποχώριον,το;1.09;1;1
48300;Ανάληψη,η;1.09;1;1
44009;Ανάληψη,η;1.09;1;1
50150;Ανατολικόν,το;1.09;1;1
35003;Άνω Καμπιά,τα;1.09;1;1
69150;Άνω Κάρδαμος,ο;1.09;1;1
69500;Άνω Κάρδαμος,ο;1.09;1;1
25100;Άνω Μαυρίκιον,το;1.09;1;1
53100;Αρμενοχώριον,το;1.09;1;1
52200;Ασπροκκλησιά,η;1.09;1;1
53073;Βαλτόνερα,τα;1.09;1;1
53075;Βαλτόνερα,τα;1.09;1;1
45500;Βίτσα,η;1.09;1;1
44007;Βίτσα,η;1.09;1;1
42200;Βλαχάβα,η;1.09;1;1
25001;Βραχνίον,το;1.09;1;1
50150;Γαλάνιον,το;1.09;1;1
50200;Γαλάτεια,η;1.09;1;1
52052;Γέρμας,ο;1.09;1;1
67300;Γιδότοπος,ο;1.09;1;1
25008;Γολέμι,το;1.09;1;1
61300;Γρίβα,η;1.09;1;1
30022;Δενδροχώριον,το;1.09;1;1
30025;Δενδροχώριον,το;1.09;1;1
50200;Δροσερόν,το;1.09;1;1
58002;Δροσιά,η;1.09;1;1
25006;Εξοχή,η;1.09;1;1
25010;Εξοχή,η;1.09;1;1
50300;Εράτυρα,η;1.09;1;1
50003;Εράτυρα,η;1.09;1;1
67300;Εχίνος,ο;1.09;1;1
25006;Ζαρούχλα,η;1.09;1;1
50150;Ιερά Μονή Αναλήψεως,η;1.09;1;1
66200;Καλλιθέα,η;1.09;1;1
43150;Καλύβια Φυλακτής,τα;1.09;1;1
43067;Καλύβια Φυλακτής,τα;1.09;1;1
30008;Κάτω Λαμπίριον,το;1.09;1;1
43150;Κερασέα,η;1.09;1;1
43067;Κερασέα,η;1.09;1;1
50150;Κοίλα,τα;1.09;1;1
50150;Κοιλάς,η;1.09;1;1
52052;Κορησός,η;1.09;1;1
52200;Κρύα Νερά,τα;1.09;1;1
50500;Λάβα,η;1.09;1;1
52100;Λεύκη,η;1.09;1;1
53073;Λιμνοχώριον,το;1.09;1;1
53075;Λιμνοχώριον,το;1.09;1;1
50002;Λούβρη,η;1.09;1;1
40200;Λουτρόν,το;1.09;1;1
40001;Λουτρόν,το;1.09;1;1
53071;Λόφοι,οι;1.09;1;1
53074;Λόφοι,οι;1.09;1;1
33056;Μανδρινή,η;1.09;1;1
51100;Μαυραναίοι,οι;1.09;1;1
69150;Μεγάλη Άδα,η;1.09;1;1
67300;Μέδουσα,η;1.09;1;1
25006;Μεσορρούγιον,το;1.09;1;1
44100;Μοναστήριον,το;1.09;1;1
44020;Μοναστήριον,το;1.09;1;1
42032;Μοσχόφυτον,το;1.09;1;1
42037;Μοσχόφυτον,το;1.09;1;1
69150;Μυρτίσκη,η;1.09;1;1
69500;Μυρτίσκη,η;1.09;1;1
50150;Νέα Καρδιά,η;1.09;1;1
35003;Νεοχώριον,το;1.09;1;1
35018;Νεοχώριον,το;1.09;1;1
43060;Παλαιοχωράκιον,το;1.09;1;1
43065;Παλαιοχωράκιον,το;1.09;1;1
36100;Παλαιοχώρι,το;1.09;1;1
43060;Παλαιοχώρι,το;1.09;1;1
36074;Παλαιοχώρι,το;1.09;1;1
43060;Παλιόρογκα,η;1.09;1;1
35011;Παππάς,ο;1.09;1;1
53073;Πεδινόν,το;1.09;1;1
53075;Πεδινόν,το;1.09;1;1
44200;Πέτρα,η;1.09;1;1
68004;Πετρόλοφος,ο;1.09;1;1
68005;Πετρόλοφος,ο;1.09;1;1
67150;Πίλημα,το;1.09;1;1
35011;Πιτσιωτά,τα;1.09;1;1
35017;Πιτσιωτά,τα;1.09;1;1
43060;Πλατανάκος,ο;1.09;1;1
43060;Πλατάνια,τα;1.09;1;1
50150;Πρωτοχώριον,το;1.09;1;1
50150;Πτελέα,η;1.09;1;1
36071;Πτέρη,η;1.09;1;1
36073;Πτέρη,η;1.09;1;1
50002;Ρόκαστρον,το;1.09;1;1
50150;Ρυάκιον,το;1.09;1;1
50001;Σήμαντρον,το;1.09;1;1
51100;Σύνδενδρον,το;1.09;1;1
67300;Τέμενος,το;1.09;1;1
52200;Τσάκονη,η;1.09;1;1
36100;Τσικναίικα,τα;1.09;1;1
36074;Τσικναίικα,τα;1.09;1;1
36072;Φουσιανά,τα;1.09;1;1
36070;Φουσιανά,τα;1.09;1;1
25006;Αγία Βαρβάρα,η;1.08;1;1
50150;Άγιος Χαράλαμπος,ο;1.08;1;1
50001;Αηδονοχώριον,το;1.08;1;1
51100;Αιμιλιανός,ο;1.08;1;1
36100;Αλέστια,τα;1.08;1;1
36074;Αλέστια,τα;1.08;1;1
53100;Αμμοχώριον,το;1.08;1;1
45500;Αμπελάκια,τα;1.08;1;1
30300;Αναβρυτή,η;1.08;1;1
50200;Ανάργυροι,οι;1.08;1;1
25006;Άνω Ποταμιά,η;1.08;1;1
25014;Άνω Ποταμιά,η;1.08;1;1
35003;Άνω Φτέρη,η;1.08;1;1
53071;Αχλάδα,η;1.08;1;1
66150;Βαθύλακκος,ο;1.08;1;1
51100;Βάρης,ο;1.08;1;1
50001;Βελανιδιά,η;1.08;1;1
44002;Βήσσανη,η;1.08;1;1
52052;Βογατσικό,το;1.08;1;1
52053;Βογατσικό,το;1.08;1;1
69300;Βούρλα,τα;1.08;1;1
58200;Βρυτά,τα;1.08;1;1
44200;Γιαρακάριον,το;1.08;1;1
53071;Γιουρούκι,το;1.08;1;1
51100;Δασάκιον,το;1.08;1;1
35011;Δίκαστρον,το;1.08;1;1
35017;Δίκαστρον,το;1.08;1;1
50300;Δρυόβουνον,το;1.08;1;1
50003;Δρυόβουνον,το;1.08;1;1
30022;Ελατόβρυση,η;1.08;1;1
30025;Ελατόβρυση,η;1.08;1;1
51100;Έλατος,ο;1.08;1;1
36071;Επινιανά,τα;1.08;1;1
36073;Επινιανά,τα;1.08;1;1
42032;Ζωγραφαίικα,τα;1.08;1;1
47045;Θεοδώριανα,τα;1.08;1;1
50150;Καπνοχώριον,το;1.08;1;1
36100;Καρπενήσιον,το;1.08;1;1
57200;Καρτεραί,αι;1.08;1;1
57017;Καρτεραί,αι;1.08;1;1
44003;Καστρίον,το;1.08;1;1
45500;Καστρίον,το;1.08;1;1
53100;Κάτω Καλλινίκη,η;1.08;1;1
30023;Κάτω Χώρα,η;1.08;1;1
30023;Κεντρική,η;1.08;1;1
30024;Κεντρική,η;1.08;1;1
51030;Κληματάκιον,το;1.08;1;1
42200;Κορυδαλλός,ο;1.08;1;1
51100;Κοσμάτιον,το;1.08;1;1
36100;Κούλιον,το;1.08;1;1
36074;Κούλιον,το;1.08;1;1
43150;Κουτσοδήμος,ο;1.08;1;1
43067;Κουτσοδήμος,ο;1.08;1;1
40006;Κρανέα,η;1.08;1;1
40007;Κρανέα,η;1.08;1;1
50150;Κρεμαστή,η;1.08;1;1
52200;Λακκώματα,τα;1.08;1;1
50150;Λευκόβρυση,η;1.08;1;1
50002;Λουκόμιον,το;1.08;1;1
36071;Μάραθος,ο;1.08;1;1
35003;Μάρμαρα,τα;1.08;1;1
35011;Μερκάδα,η;1.08;1;1
35017;Μερκάδα,η;1.08;1;1
53100;Μεσονήσιον,το;1.08;1;1
52050;Μεσοποταμιά,η;1.08;1;1
43150;Νεράιδα,η ΔΗΜΟΣ ΚΑΡΔΙΤΣΑΣ;1.08;1;1
30008;Νεροχώριον,το;1.08;1;1
30025;Οζηρός,ο;1.08;1;1
25001;Παλαιά Κούτελη,η;1.08;1;1
58200;Παλαιά Σωτήρα,η;1.08;1;1
44002;Παλαιόπυργος,ο;1.08;1;1
44006;Παλαιόπυργος,ο;1.08;1;1
42032;Παλαιοχώρι,το;1.08;1;1
51100;Παλαιοχώριον,το;1.08;1;1
52050;Παλλινοστούντες,οι;1.08;1;1
66150;Παππάδες,οι;1.08;1;1
66038;Παππάδες,οι;1.08;1;1
35011;Περίβλεπτον,το;1.08;1;1
35017;Περίβλεπτον,το;1.08;1;1
22010;Πυργάκιον,το;1.08;1;1
44100;Πυρσόγιαννη,η;1.08;1;1
44015;Πυρσόγιαννη,η;1.08;1;1
57200;Ριζανά,τα;1.08;1;1
57017;Ριζανά,τα;1.08;1;1
22150;Ροεινόν,το;1.08;1;1
22100;Ροεινόν,το;1.08;1;1
67150;Ρύμη,η;1.08;1;1
24150;Σιλίμποβες,οι - Άγιος Βασίλης,ο;1.08;1;1
50200;Σπηλιά,η;1.08;1;1
50001;Στέρνα,η;1.08;1;1
59150;Σφηκιά,η;1.08;1;1
58200;Σωτήρα,η;1.08;1;1
50150;Τετράλοφον,το;1.08;1;1
52100;Τοιχίον,το;1.08;1;1
52059;Τοιχίον,το;1.08;1;1
36071;Τρίδενδρον,το;1.08;1;1
36073;Τρίδενδρον,το;1.08;1;1
33056;Τρίστενον,το;1.08;1;1
33062;Τρίστενον,το;1.08;1;1
69300;Τσούκκα,η;1.08;1;1
36100;Φιδάκια,τα;1.08;1;1
30008;Χαλίκιον,το;1.08;1;1
22150;Χρυσοβίτσιον,το;1.08;1;1
22100;Χρυσοβίτσιον,το;1.08;1;1
67150;Χρυσόν,το;1.08;1;1
44100;Αγία Βαρβάρα,η;1.07;1;1
24150;Άγιος Βασίλειος,ο;1.07;1;1
24020;Άγιος Βασίλειος,ο;1.07;1;1
61100;Άγιος Μάρκος,ο;1.07;1;1
33057;Αλαταριές,οι;1.07;1;1
43150;Αμάραντος,ο;1.07;1;1
61100;Αναβρυτόν,το;1.07;1;1
43150;Ανθηρόν,το;1.07;1;1
35003;Άνω Καλλιθέα,η;1.07;1;1
50002;Απιδέα,η;1.07;1;1
58002;Άρνισσα,η;1.07;1;1
63074;Βαρβάρα,η;1.07;1;1
33057;Βάργιανη,η;1.07;1;1
22012;Βέρβενα,τα;1.07;1;1
57200;Γαλήνη,η;1.07;1;1
59150;Γεωργιανοί,οι;1.07;1;1
68004;Γονικόν,το;1.07;1;1
68005;Γονικόν,το;1.07;1;1
63100;Διασταύρωση Παλαιοκάστρου,η;1.07;1;1
66035;Διπόταμα,τα;1.07;1;1
43150;Καλύβια,τα;1.07;1;1
43067;Καλύβια,τα;1.07;1;1
61300;Κάρπη,η;1.07;1;1
62300;Καρυδοχώριον,το;1.07;1;1
61100;Κατασκηνώσεις,αι;1.07;1;1
61006;Κατασκηνώσεις,αι;1.07;1;1
43060;Κεραμαργιώ,η;1.07;1;1
25001;Κερπινή,η;1.07;1;1
25017;Κερπινή,η;1.07;1;1
44100;Κεφαλοχώρι,το;1.07;1;1
44015;Κεφαλοχώρι,το;1.07;1;1
36080;Κλειστόν,το;1.07;1;1
20200;Κλημέντιον,το;1.07;1;1
20017;Κλημέντιον,το;1.07;1;1
35003;Κολοκυθιά,η;1.07;1;1
52200;Κρεμαστόν,το;1.07;1;1
64200;Κρυονέριον,το;1.07;1;1
25004;Λεχούριον,το;1.07;1;1
25012;Λεχούριον,το;1.07;1;1
36100;Μαρίνος,ο;1.07;1;1
36076;Μαρίνος,ο;1.07;1;1
22010;Μεθύδριον,το;1.07;1;1
66200;Μικρόπολις,η;1.07;1;1
66036;Μικρόπολις,η;1.07;1;1
43063;Μονή Ρεντίνας,η;1.07;1;1
43068;Μονή Ρεντίνας,η;1.07;1;1
69150;Μύτικας,ο;1.07;1;1
52100;Νέα Λεύκη,η;1.07;1;1
57200;Νικόπολις,η;1.07;1;1
57017;Νικόπολις,η;1.07;1;1
47044;Ξηρόκαμπος,ο;1.07;1;1
58400;Όρμα,η;1.07;1;1
36100;Παππαδιά,η;1.07;1;1
25006;Περιστέρα,η;1.07;1;1
57012;Πετροκέρασα,τα;1.07;1;1
43060;Πετροχώριον,το;1.07;1;1
43069;Πετροχώριον,το;1.07;1;1
51100;Πηγαδίτσα,η;1.07;1;1
51031;Πηγαδίτσα,η;1.07;1;1
67300;Πολύσκιον,το;1.07;1;1
67150;Προσήλιον,το;1.07;1;1
50200;Πτελεών,ο;1.07;1;1
60150;Ρητίνη,η;1.07;1;1
53200;Ροδών,ο;1.07;1;1
25001;Σιγούνιον,το;1.07;1;1
68004;Σιδηροχώριον,το;1.07;1;1
68005;Σιδηροχώριον,το;1.07;1;1
44200;Σίτσαινα,τα;1.07;1;1
40006;Σπηλιά,η;1.07;1;1
63074;Στάγιρα,τα;1.07;1;1
63083;Στάγιρα,τα;1.07;1;1
51100;Τρίκωμον,το;1.07;1;1
53100;Τριπόταμος,ο;1.07;1;1
44200;Τρίστενον,το;1.07;1;1
44014;Τρίστενον,το;1.07;1;1
43060;Τσαρούχι,το;1.07;1;1
50150;Τσέλικας,ο;1.07;1;1
35011;Τυμφρηστός,ο;1.07;1;1
35017;Τυμφρηστός,ο;1.07;1;1
40200;Φαρμάκη,η;1.07;1;1
52200;Χιλιόδενδρον,το;1.07;1;1
50001;Χορηγός,ο;1.07;1;1
44200;Χρυσοβίτσα,η;1.07;1;1
50150;Χρώμιον,το;1.07;1;1
50004;Χρώμιον,το;1.07;1;1
50150;Αγία Παρασκευή,η (Τοπική Κοινότητα Αγίας Παρασκευής);1.06;1;1
53100;Άγιος Αθανάσιος,ο;1.06;1;1
36100;Άγιος Χαράλαμπος,ο;1.06;1;1
42200;Αγναντιά,η;1.06;1;1
22010;Αγριδάκιον,το;1.06;1;1
50150;Αεροδρόμιον,το;1.06;1;1
44200;Αμπέλια,τα;1.06;1;1
52200;Αμπελοχώριον,το;1.06;1;1
42200;Ανάληψη,η;1.06;1;1
45500;Ανθρακίτης,ο;1.06;1;1
44007;Ανθρακίτης,ο;1.06;1;1
50200;Ασβεστόπετρα,η;1.06;1;1
25001;Βάλτα,η;1.06;1;1
22010;Βαλτεσινίκον,το;1.06;1;1
22014;Βαλτεσινίκον,το;1.06;1;1
44002;Βασιλικόν,το;1.06;1;1
44006;Βασιλικόν,το;1.06;1;1
25006;Βουνάκιον,το;1.06;1;1
40200;Βρυσοπούλες,οι;1.06;1;1
36071;Γάβρινα,η;1.06;1;1
50200;Γενικό Νοσοκομείο Μποδοσάκειο,το;1.06;1;1
42032;Γράβος,ο;1.06;1;1
42037;Γράβος,ο;1.06;1;1
59150;Δάσκιον,το;1.06;1;1
30008;Δάφνη,η;1.06;1;1
67150;Διάφορον,το;1.06;1;1
25001;Δίγελα,η;1.06;1;1
46200;Ελαταριά,η;1.06;1;1
25007;Ελατόφυτον,το;1.06;1;1
51100;Έξαρχος,ο;1.06;1;1
45500;Ζωοδόχος Πηγή,η;1.06;1;1
44013;Ζωοδόχος Πηγή,η;1.06;1;1
25004;Καμενιάνοι,οι;1.06;1;1
25012;Καμενιάνοι,οι;1.06;1;1
69150;Κάρδαμος,ο;1.06;1;1
69500;Κάρδαμος,ο;1.06;1;1
44002;Κάτω Μερόπη,η;1.06;1;1
44006;Κάτω Μερόπη,η;1.06;1;1
45500;Κάτω Πεδινά,τα;1.06;1;1
44007;Κάτω Πεδινά,τα;1.06;1;1
52050;Κολοκυνθού,η;1.06;1;1
42200;Κονισκός,ο;1.06;1;1
42035;Κονισκός,ο;1.06;1;1
47045;Κορακάδα,η;1.06;1;1
43060;Κριτσάριον,το;1.06;1;1
43065;Κριτσάριον,το;1.06;1;1
33056;Κροκύλειον,το;1.06;1;1
33061;Κροκύλειον,το;1.06;1;1
33056;Κυδωνέα,η;1.06;1;1
20200;Κυλλήνη,η;1.06;1;1
20016;Κυλλήνη,η;1.06;1;1
52200;Λαχανόκηποι,οι;1.06;1;1
25001;Λεύκη,η;1.06;1;1
33057;Λιβάδι,το;1.06;1;1
30300;Μαμουλάδα,η;1.06;1;1
52100;Μανιάκοι,οι;1.06;1;1
22150;Μανταίικα,τα;1.06;1;1
22100;Μανταίικα,τα;1.06;1;1
53100;Μαρίνα,η;1.06;1;1
68004;Μέγα Δέρειον,το;1.06;1;1
68005;Μέγα Δέρειον,το;1.06;1;1
53071;Μελίτη,η;1.06;1;1
36100;Μεσοκώμη,η;1.06;1;1
36076;Μεσοκώμη,η;1.06;1;1
52056;Μεταμόρφωσις,η;1.06;1;1
52059;Μεταμόρφωσις,η;1.06;1;1
44200;Μικρόν Περιστέριον,το;1.06;1;1
22010;Μονή Αγίων Θεοδώρων,η;1.06;1;1
25004;Μονή Αγίων Θεοδώρων,η;1.06;1;1
25016;Μονή Αγίων Θεοδώρων,η;1.06;1;1
53100;Νέος Καύκασος,ο;1.06;1;1
53100;Νεοχωράκιον,το;1.06;1;1
22200;Νεοχώριον,το (Τοπική Κοινότητα Νεοχωρίου Φαλαισίας);1.06;1;1
22021;Νεοχώριον,το (Τοπική Κοινότητα Νεοχωρίου Φαλαισίας);1.06;1;1
22010;Ξεροβούνι,το;1.06;1;1
22003;Ξεροβούνι,το;1.06;1;1
47045;Ομαλή,η;1.06;1;1
61300;Ομαλόν,το;1.06;1;1
63074;Παλαιοχώριον,το;1.06;1;1
53100;Παλαίστρα,η;1.06;1;1
53100;Παππαγιάννης,ο;1.06;1;1
50300;Πελεκάνος,ο;1.06;1;1
50003;Πελεκάνος,ο;1.06;1;1
61300;Πεντάλοφον,το;1.06;1;1
50001;Περιστέρα,η;1.06;1;1
66300;Περιστέρια,τα;1.06;1;1
66032;Περιστέρια,τα;1.06;1;1
53200;Πέτραι,αι;1.06;1;1
45500;Πετροβούνιον,το;1.06;1;1
52200;Πορειά,η;1.06;1;1
45500;Ποτιστικά,τα;1.06;1;1
36100;Προυσός,ο;1.06;1;1
36074;Προυσός,ο;1.06;1;1
67150;Πύργος,ο;1.06;1;1
67300;Ρεματιά,η;1.06;1;1
53071;Σιταριά,η;1.06;1;1
53074;Σιταριά,η;1.06;1;1
53071;Σταθμός Βεύης,ο;1.06;1;1
53074;Σταθμός Βεύης,ο;1.06;1;1
36100;Στεφάνιον,το;1.06;1;1
30008;Στριγανιά,η;1.06;1;1
53200;Σωτήρ,ο;1.06;1;1
42032;Τσεκούρα,η;1.06;1;1
42200;Φλαμπουρέσιον,το;1.06;1;1
42035;Φλαμπουρέσιον,το;1.06;1;1
66200;Χαριτωμένη,η;1.06;1;1
57010;Χορτιάτης,ο;1.06;0;0
62500;Χρυσοπηγή,η;1.06;1;1
36071;Χρύσω,η;1.06;1;1
36080;Αγία Τριάς,η;1.05;1;1
36081;Αγία Τριάς,η;1.05;1;1
43060;Άγιοι Απόστολοι,οι;1.05;1;1
43065;Άγιοι Απόστολοι,οι;1.05;1;1
45500;Αετορράχη,η;1.05;1;1
44013;Αετορράχη,η;1.05;1;1
53200;Αμύνταιον,το;1.05;1;1
53200;Ανάληψη,η;1.05;1;1
51100;Ανθρακιά,η;1.05;1;1
25001;Άνω Λουσοί,οι;1.05;1;1
20014;Άνω Ταρσός,ο;1.05;1;1
35003;Αργύρια,τα;1.05;1;1
50200;Άρδασσα,η;1.05;1;1
69150;Αρδεία,η;1.05;1;1
25004;Αροανία,η;1.05;1;1
25016;Αροανία,η;1.05;1;1
42032;Βαλκάνον,το;1.05;1;1
42037;Βαλκάνον,το;1.05;1;1
20200;Βελίνα,η;1.05;1;1
20017;Βελίνα,η;1.05;1;1
52200;Βέλος,το;1.05;1;1
52053;Βέλος,το;1.05;1;1
36100;Βούτυρον,το;1.05;1;1
67150;Γέρακας,ο;1.05;1;1
36100;Γοριανάδες,οι;1.05;1;1
51200;Δασοχώριον,το;1.05;1;1
43060;Δάφνη,η;1.05;1;1
44200;Δεμάτιον,το;1.05;1;1
44014;Δεμάτιον,το;1.05;1;1
45500;Δίλοφον,το;1.05;1;1
44007;Δίλοφον,το;1.05;1;1
57200;Δορκάς,η;1.05;1;1
57017;Δορκάς,η;1.05;1;1
25004;Δροβολοβόν,το;1.05;1;1
25012;Δροβολοβόν,το;1.05;1;1
36071;Δροσέλα,η;1.05;1;1
33100;Δροσοχώριον,το;1.05;1;1
32150;Ελικών,ο;1.05;1;1
44200;Ιτέα,η;1.05;1;1
53100;Ιτέα,η;1.05;1;1
44014;Ιτέα,η;1.05;1;1
50001;Καλλιστράτιον,το;1.05;1;1
25001;Καλλιφώνιον,το;1.05;1;1
50150;Καρυδίτσα,η;1.05;1;1
60150;Καρυές,οι;1.05;1;1
50200;Καρυοχώριον,το;1.05;1;1
36100;Καστανέα,η;1.05;1;1
36074;Καστανέα,η;1.05;1;1
52100;Καστοριά,η;1.05;0;1
36071;Κερασοχώριον,το;1.05;1;1
21250;Κεφαλόβρυσον,το;1.05;1;1
21058;Κεφαλόβρυσον,το;1.05;1;1
51030;Κιβωτός,η;1.05;1;1
47044;Κρανιές,οι;1.05;1;1
50010;Κρόκος,ο;1.05;1;1
27063;Κρυόβρυση,η;1.05;1;1
57200;Κυδωνέα,η;1.05;1;1
57017;Κυδωνέα,η;1.05;1;1
53200;Λεβαία,η;1.05;1;1
43060;Λεύκα,η;1.05;1;1
43065;Λεύκα,η;1.05;1;1
57200;Λευκοχώριον,το;1.05;1;1
57017;Λευκοχώριον,το;1.05;1;1
35011;Λιτόσελον,το;1.05;1;1
67300;Λυκότοπος,ο;1.05;1;1
58200;Μαργαρίτα,η;1.05;1;1
69200;Μελίταινα,η;1.05;1;1
58200;Μεσημέριον,το;1.05;1;1
42032;Μεσοχώρα,η;1.05;1;1
42037;Μεσοχώρα,η;1.05;1;1
50500;Μικρόβαλτον,το;1.05;1;1
30008;Μισάμπελλα,τα;1.05;1;1
50001;Μολόχα,η;1.05;1;1
43150;Μορφοβούνιον,το;1.05;1;1
43067;Μορφοβούνιον,το;1.05;1;1
36100;Μουζίλον,το;1.05;1;1
44200;Ξηρικόν,το;1.05;1;1
57200;Ξυλόπολις,η;1.05;1;1
57017;Ξυλόπολις,η;1.05;1;1
69150;Οργάνη,η;1.05;1;1
69500;Οργάνη,η;1.05;1;1
50400;Παλαιογράτσανον,το;1.05;1;1
63100;Παλαιόκαστρον,το;1.05;1;1
35150;Παλαιοχώριον,το;1.05;1;1
22010;Παν,ο;1.05;1;1
42032;Παναγία,η (Τοπική Κοινότητα Πολυνερίου);1.05;1;1
50150;Πετρανά,τα;1.05;1;1
47044;Πηγή,η;1.05;1;1
22150;Πιάνα,η;1.05;1;1
22100;Πιάνα,η;1.05;1;1
50001;Πλατανιά,η;1.05;1;1
30022;Πλάτανος,ο;1.05;1;1
30023;Πόδος,ο;1.05;1;1
63100;Πολύγυρος,ο;1.05;1;1
44002;Πωγωνιανή,η;1.05;1;1
44005;Πωγωνιανή,η;1.05;1;1
22007;Ράδος,ο;1.05;1;1
42032;Ροποτόν,το;1.05;1;1
43150;Σαραντάπορον,το;1.05;1;1
51100;Σιταράς,ο;1.05;1;1
51031;Σιταράς,ο;1.05;1;1
43060;Σούλα,η;1.05;1;1
42032;Στουρναραίικα,τα;1.05;1;1
33053;Συκέα,η;1.05;1;1
21250;Τουρνίκιον,το;1.05;1;1
50150;Χαραυγή,η (Τ.Κ.Χαραυγής);1.05;1;1
52100;Χλόη,η;1.05;1;1
47044;Χουτιανά,τα;1.05;1;1
47047;Χουτιανά,τα;1.05;1;1
36071;Άγραφα,τα;1.04;1;1
36073;Άγραφα,τα;1.04;1;1
25004;Αγρίδιον,το;1.04;1;1
25016;Αγρίδιον,το;1.04;1;1
50002;Ανθοχώριον,το;1.04;1;1
67150;Άνω Ζουμπούλιον,το;1.04;1;1
30025;Άνω Κλεπά,η;1.04;1;1
57002;Ασκός,ο;1.04;1;1
57016;Ασκός,ο;1.04;1;1
25004;Βεσίνιον,το;1.04;1;1
42200;Γλυκομηλέα,η;1.04;1;1
25004;Δεσινόν,το;1.04;1;1
25012;Δεσινόν,το;1.04;1;1
52200;Διαλεκτόν,το;1.04;1;1
52057;Δισπήλιον,το;1.04;1;1
22012;Δραγούμι,το;1.04;1;1
22013;Δραγούμι,το;1.04;1;1
51100;Ελεύθερον,το;1.04;1;1
35150;Ελευθεροχώριον,το;1.04;1;1
69300;Εσοχή,η;1.04;1;1
35015;Ιερά Μονή Οδηγήτριας,η;1.04;1;1
66200;Καλή Βρύση,η;1.04;1;1
33056;Καλλονή,η;1.04;1;1
25001;Κέρτεζη,η;1.04;1;1
25011;Κέρτεζη,η;1.04;1;1
20200;Κεφαλάριον,το;1.04;1;1
20016;Κεφαλάριον,το;1.04;1;1
44010;Κήποι,οι;1.04;1;1
44018;Κήποι,οι;1.04;1;1
67150;Κίρρα,η;1.04;1;1
50150;Κλείτος,ο;1.04;1;1
50200;Κόμανος,ο;1.04;1;1
59150;Κομνήνειον,το;1.04;1;1
68400;Κοτρωνιά,η;1.04;1;1
44010;Κουκκούλιον,το;1.04;1;1
44018;Κουκκούλιον,το;1.04;1;1
22012;Κούτρουφα,τα;1.04;1;1
22013;Κούτρουφα,τα;1.04;1;1
44002;Κρυονέριον,το;1.04;1;1
30008;Λαδικού,η;1.04;1;1
22010;Λάστα,η;1.04;1;1
43060;Λεοντίτον,το;1.04;1;1
43069;Λεοντίτον,το;1.04;1;1
42032;Λεφαίικα,τα;1.04;1;1
42037;Λεφαίικα,τα;1.04;1;1
67150;Λιβάδιον,το;1.04;1;1
25004;Λιβάρτζιον,το;1.04;1;1
25012;Λιβάρτζιον,το;1.04;1;1
67062;Λυκοδρόμιον,το;1.04;1;1
45500;Μαντείον,το;1.04;1;1
63074;Μεγάλη Παναγία,η;1.04;1;1
63076;Μεγάλη Παναγία,η;1.04;1;1
45500;Μελιγγοί,οι;1.04;1;1
53100;Μεσόκαμπος,ο;1.04;1;1
53100;Μεσοχώριον,το;1.04;1;1
20200;Μικρός Μαχαλάς,ο;1.04;1;1
20016;Μικρός Μαχαλάς,ο;1.04;1;1
44200;Μύλοι,οι;1.04;1;1
64100;Νικήσιανη,η;1.04;1;1
64001;Νικήσιανη,η;1.04;1;1
25008;Οβρυόκαμπος,ο;1.04;1;1
35150;Οίτη,η;1.04;1;1
64003;Παλαιά Καβάλα,η;1.04;1;1
43060;Παλαιοχώριον,το;1.04;1;1
43069;Παλαιοχώριον,το;1.04;1;1
50200;Παλιά Αμπέλια,τα;1.04;1;1
57006;Περιστερά,η;1.04;0;0
60150;Πέτρα,η;1.04;1;1
61100;Πετράδες,οι;1.04;1;1
35003;Πίτσιον,το;1.04;1;1
43060;Πλάγια,τα;1.04;1;1
43066;Πλάγια,τα;1.04;1;1
57012;Πλατεία,η;1.04;1;1
60063;Πόροι,οι;1.04;1;1
50200;Προάστιον,το;1.04;1;1
51100;Πυλωροί,οι;1.04;1;1
53070;Πύργοι,οι;1.04;1;1
50006;Πύργοι,οι;1.04;1;1
43060;Ρόγκια,τα (Τοπική Κοινότητα Καρυάς);1.04;1;1
43065;Ρόγκια,τα (Τοπική Κοινότητα Καρυάς);1.04;1;1
25001;Ρογοί,οι;1.04;1;1
68004;Ρούσσα,η;1.04;1;1
68005;Ρούσσα,η;1.04;1;1
51100;Σαρακήνα,η;1.04;1;1
36071;Σέλον,το;1.04;1;1
57021;Στεφανινά,τα;1.04;1;1
67150;Στήριγμα,το;1.04;1;1
36100;Στουρνάρα,η;1.04;1;1
36076;Στουρνάρα,η;1.04;1;1
62042;Σφελινός,ο;1.04;1;1
50500;Τριγωνικόν,το;1.04;1;1
61100;Τριπόταμος,ο;1.04;1;1
61200;Φανός,ο;1.04;1;1
61005;Φανός,ο;1.04;1;1
42032;Φορτώσι,το;1.04;1;1
51100;Αγαλαίοι,οι;1.03;1;1
43150;Αγία Αγάθη,η;1.03;1;1
44002;Αγία Μαρίνα,η;1.03;1;1
61100;Άγιος Αντώνιος,ο;1.03;1;1
42032;Άγιος Προκόπιος,ο;1.03;1;1
50200;Άγιος Χριστόφορος,ο;1.03;1;1
42150;Αγρελιά,η;1.03;1;1
52200;Αμμουδάρα,η;1.03;1;1
62042;Αναστασία,η;1.03;1;1
62050;Αναστασία,η;1.03;1;1
57002;Ανοιξιά,η;1.03;1;1
61100;Άνω Θεοδωράκιον,το;1.03;1;1
61006;Άνω Θεοδωράκιον,το;1.03;1;1
30022;Αράχοβα,η;1.03;1;1
30025;Αράχοβα,η;1.03;1;1
52200;Άργος Ορεστικόν,το;1.03;1;1
36100;Ασπρόπυργος,ο;1.03;1;1
36074;Ασπρόπυργος,ο;1.03;1;1
43063;Βαθύλακκος,ο;1.03;1;1
43068;Βαθύλακκος,ο;1.03;1;1
52200;Βοτάνιον,το;1.03;1;1
52053;Βοτάνιον,το;1.03;1;1
61100;Γάβρα,η;1.03;1;1
68004;Γέρικον,το;1.03;1;1
68005;Γέρικον,το;1.03;1;1
51100;Δεσπότης,ο;1.03;1;1
61100;Διβούνιον,το;1.03;1;1
61006;Διβούνιον,το;1.03;1;1
25007;Δρυμός,ο;1.03;1;1
50500;Ελάτη,η;1.03;1;1
42200;Ελάφιον,το;1.03;1;1
42036;Ελάφιον,το;1.03;1;1
51100;Ελεύθερον Προσφύγων,το;1.03;1;1
43060;Ελληνικά,τα;1.03;1;1
43065;Ελληνικά,τα;1.03;1;1
30008;Θεοτόκος,η;1.03;1;1
47043;Καταφύγιον,το;1.03;1;1
25001;Κάτω Λουσοί,οι;1.03;1;1
47045;Κεράνιον,το;1.03;1;1
44002;Κεφαλόβρυσον,το;1.03;1;1
44006;Κεφαλόβρυσον,το;1.03;1;1
51100;Κνίδη,η;1.03;1;1
23051;Κοσμάς,ο;1.03;1;1
22020;Κοσμάς,ο;1.03;1;1
67300;Κοττάνη,η;1.03;1;1
51100;Κυρακαλή,η;1.03;1;1
59150;Λευκόπετρα,η;1.03;1;1
35150;Λογγίτσιον,το;1.03;1;1
58400;Λουτράκιον,το;1.03;1;1
45500;Μανολιάσα,η;1.03;0;0
20014;Μάτιον,το;1.03;1;1
57200;Μελάνθιον,το;1.03;1;1
57017;Μελάνθιον,το;1.03;1;1
43060;Μεσοβούνιον,το;1.03;1;1
43065;Μεσοβούνιον,το;1.03;1;1
40200;Μηλέα,η;1.03;1;1
43060;Μονή Αγίας Τριάδος,η;1.03;1;1
35150;Μονή Αντινίτσης,η;1.03;1;1
60150;Μοσχοπόταμος,ο;1.03;1;1
59200;Νάουσα,η;1.03;0;1
50001;Νεάπολις,η;1.03;1;1
44100;Νικάνωρ,ο;1.03;1;1
50200;Ξενοδοχείο Παντελίδης,το;1.03;1;1
47043;Ξηρικόν,το;1.03;1;1
43060;Ξηρόκαμπος,ο;1.03;1;1
43065;Ξηρόκαμπος,ο;1.03;1;1
43060;Οξυά,η;1.03;1;1
64008;Παλιά Αυλή,η;1.03;1;1
42032;Παναγιωταίικα,τα;1.03;1;1
60063;Παντελεήμων,ο;1.03;1;1
44002;Πάπιγκον,το;1.03;1;1
44016;Πάπιγκον,το;1.03;1;1
58002;Περαία,η;1.03;1;1
30017;Πηγάδια,τα;1.03;1;1
44100;Πηγή,η;1.03;1;1
66035;Πολυνέριον,το;1.03;1;1
36100;Πρόδρομος,ο;1.03;1;1
36074;Πρόδρομος,ο;1.03;1;1
43150;Προσήλια,τα;1.03;1;1
25001;Προφήτης Ηλίας,ο;1.03;1;1
25013;Προφήτης Ηλίας,ο;1.03;1;1
50200;Πτολεμαΐς,η;1.03;0;0
50001;Πυλώριον,το;1.03;1;1
25004;Σειραί,αι;1.03;1;1
42032;Σκλήθρα,η;1.03;1;1
42037;Σκλήθρα,η;1.03;1;1
30008;Σπαρτιάς,ο;1.03;1;1
43060;Σπηλιά,η;1.03;1;1
43065;Σπηλιά,η;1.03;1;1
33056;Στίλια,η;1.03;1;1
33060;Στίλια,η;1.03;1;1
50150;Σχολές ΟΑΕΔ,οι;1.03;1;1
50500;Τρανόβαλτον,το;1.03;1;1
43150;Τσαρδάκι,το;1.03;1;1
20500;Φρουσιούνα,η;1.03;1;1
50002;Φυτώκιον,το;1.03;1;1
52056;Φωτεινή,η;1.03;1;1
52059;Φωτεινή,η;1.03;1;1
50001;Χειμερινόν,το;1.03;1;1
36080;Αγία Παρασκευή,η;1.02;1;1
44200;Αγία Παρασκευή,η;1.02;1;1
36081;Αγία Παρασκευή,η;1.02;1;1
43150;Άγιος Αθανάσιος,ο;1.02;1;1
51200;Άγιος Γεώργιος,ο;1.02;1;1
53200;Άγιος Παντελεήμων,ο;1.02;1;1
42032;Αετός,ο;1.02;1;1
42037;Αετός,ο;1.02;1;1
33053;Αιγίτιον,το;1.02;1;1
52057;Αμπελόκηποι,οι;1.02;1;1
25004;Ανάστασις,η;1.02;1;1
25016;Ανάστασις,η;1.02;1;1
67150;Άνω Κίρρα,η;1.02;1;1
25008;Άνω Μαζαράκιον,το;1.02;1;1
50001;Αξιόκαστρον,το;1.02;1;1
27063;Αστράς,ο;1.02;1;1
47044;Αστροχώριον,το;1.02;1;1
47047;Αστροχώριον,το;1.02;1;1
61100;Βάθη,η;1.02;1;1
61006;Βάθη,η;1.02;1;1
22150;Βαλτέτσιον,το;1.02;1;1
22100;Βαλτέτσιον,το;1.02;1;1
53200;Βέγορα,τα;1.02;1;1
47044;Βελανιδιά,η;1.02;1;1
47047;Βελανιδιά,η;1.02;1;1
25008;Βεταίικα,τα;1.02;1;1
63100;Βράσταμα,τα;1.02;1;1
40200;Γιαννωτά,τα;1.02;1;1
44002;Δελβινάκιον,το;1.02;1;1
25001;Δουμενά,τα;1.02;1;1
45500;Δωδώνη,η;1.02;1;1
33057;Επτάλοφος,η;1.02;1;1
67150;Ζουμπούλιον,το;1.02;1;1
20200;Καισάριον,το;1.02;1;1
20017;Καισάριον,το;1.02;1;1
50200;Καρδία,η;1.02;1;1
30022;Καστανέα,η;1.02;1;1
43060;Καταφύλλιον,το;1.02;1;1
43066;Καταφύλλιον,το;1.02;1;1
61100;Κάτω Θεοδωράκιον,το;1.02;1;1
61006;Κάτω Θεοδωράκιον,το;1.02;1;1
30008;Κονίσκα,η;1.02;1;1
72052;Κουδουμαλιά,η;1.02;1;1
43150;Κουκκαίικα,τα;1.02;1;1
33056;Κουπάκιον,το;1.02;1;1
33061;Κουπάκιον,το;1.02;1;1
67150;Κουτσομύτης,ο;1.02;1;1
20400;Λαγκαδαίικα,τα;1.02;1;1
43060;Λαγκάδιον,το;1.02;1;1
43065;Λαγκάδιον,το;1.02;1;1
45500;Λερούσκο,το;1.02;0;0
47045;Λογαρού,η;1.02;1;1
66150;Μαυροκορδάτος,ο;1.02;1;1
66037;Μαυροκορδάτος,ο;1.02;1;1
52056;Μαυροχώρι,το;1.02;1;1
51100;Μέγα Σειρήνιον,το;1.02;1;1
45500;Μεγάλη Γότιστα,η;1.02;1;1
44001;Μελισσουργοί,οι;1.02;1;1
52057;Μηλίτσα,η;1.02;1;1
60200;Μονή Αγίου Διονυσίου,η;1.02;1;1
43150;Νεβρόπολη,η;1.02;1;1
52200;Νέον Κωσταράζιον,το;1.02;1;1
64200;Νικηταί,οι;1.02;1;1
47044;Παλαιομύλια,τα;1.02;1;1
47047;Παλαιομύλια,τα;1.02;1;1
51200;Παρασκευή,η;1.02;1;1
50200;Περδίκκας,ο;1.02;1;1
25006;Περιθώριον,το;1.02;1;1
25010;Περιθώριον,το;1.02;1;1
30022;Πέρκος,ο;1.02;1;1
36080;Πετράλωνα,τα;1.02;1;1
36081;Πετράλωνα,τα;1.02;1;1
42032;Πετροχώριον,το;1.02;1;1
64200;Πλατανιά,η;1.02;1;1
30300;Ποκίστα,η;1.02;1;1
30026;Ποκίστα,η;1.02;1;1
52056;Πολυκάρπη,η;1.02;1;1
25001;Πριόλιθος,ο;1.02;1;1
36100;Πτελέα,η;1.02;1;1
36074;Πτελέα,η;1.02;1;1
40200;Πύθιον,το;1.02;1;1
43060;Ρόγκια,τα (Τοπική Κοινότητα Βραγκιανών);1.02;1;1
43066;Ρόγκια,τα (Τοπική Κοινότητα Βραγκιανών);1.02;1;1
43060;Ρωμιά,η;1.02;1;1
43069;Ρωμιά,η;1.02;1;1
67300;Σάτραι,αι;1.02;1;1
67150;Σούλα,η;1.02;1;1
45500;Σπόθοι,οι;1.02;0;0
22007;Στεμνίτσα,η;1.02;1;1
63074;Στρατονίκη,η;1.02;1;1
63083;Στρατονίκη,η;1.02;1;1
43060;Συκιά,η;1.02;1;1
47045;Τετράκωμον,το;1.02;1;1
53070;Φαράγγιον,το;1.02;1;1
57002;Φιλαδέλφιον,το;1.02;1;1
25006;Χαλκιάνικα,τα;1.02;1;1
36100;Ψιανά,τα;1.02;1;1
36076;Ψιανά,τα;1.02;1;1
27063;Αγία Κυριακή,η;1.01;1;1
47044;Αγία Παρασκευή,η (Τ.Κ.Σκουληκαριάς);1.01;1;1
47048;Αγία Παρασκευή,η (Τ.Κ.Σκουληκαριάς);1.01;1;1
37100;Άγιος Ιωάννης,ο (Τοπική Κοινότητα Αγίου Ιωάννου);1.01;1;1
36071;Άγιος Κωνσταντίνος,ο;1.01;1;1
62042;Άγιος Μηνάς,ο;1.01;1;1
62045;Άγιος Μηνάς,ο;1.01;1;1
25006;Αγρίδιον,το;1.01;1;1
67300;Ακραίος,ο;1.01;1;1
20500;Αλέα,η;1.01;1;1
30023;Αμπελακιώτισσα,η;1.01;1;1
35010;Ανάβρα,η;1.01;1;1
43060;Ανθηρόν,το;1.01;1;1
43065;Ανθηρόν,το;1.01;1;1
43060;Ανθοχώριον,το;1.01;1;1
30300;Άνω Αφροξυλιά,η;1.01;1;1
22012;Άνω Δολιανά,τα;1.01;1;1
22013;Άνω Δολιανά,τα;1.01;1;1
33057;Άνω Πολύδροσος,η;1.01;1;1
33051;Άνω Πολύδροσος,η;1.01;1;1
62055;Άνω Πορόια,τα;1.01;1;1
36072;Βασιλέσιον,το;1.01;1;1
36070;Βασιλέσιον,το;1.01;1;1
25006;Βελά,η;1.01;1;1
25010;Βελά,η;1.01;1;1
40100;Βοτανοχώριον,το;1.01;1;1
22010;Βυτίνα,η;1.01;1;1
30010;Γεροβασίλης,ο;1.01;1;1
50300;Δαφνερόν,το;1.01;1;1
35150;Δίβρη,η;1.01;1;1
45500;Διπόταμον,το;1.01;1;1
44007;Διπόταμον,το;1.01;1;1
45500;Δραμεσιοί,οι;1.01;1;1
30008;Δρυμών,ο;1.01;1;1
43060;Ζερβό,το;1.01;1;1
43065;Ζερβό,το;1.01;1;1
36100;Ιερά Μονή Προυσού,η;1.01;1;1
40200;Ιερά Μονή Σπαρμού,η;1.01;1;1
69200;Ιππικόν,το;1.01;1;1
36100;Κακουλιουραίικα,τα;1.01;1;1
47044;Κάρπινον,το;1.01;1;1
50010;Κερασέα,η;1.01;1;1
50004;Κερασέα,η;1.01;1;1
51030;Κοκκινιά,η;1.01;1;1
25001;Κούτελη,η;1.01;1;1
30300;Κουτσογιανναίικα,τα;1.01;1;1
52056;Κρεπενή,η;1.01;1;1
62200;Λαγκάδιον,το;1.01;1;1
45500;Λάζαινα,η;1.01;1;1
44013;Λάζαινα,η;1.01;1;1
57021;Λευκούδα,η;1.01;1;1
20200;Μάννα,η;1.01;1;1
20017;Μάννα,η;1.01;1;1
61100;Μαυροπλαγιά,η;1.01;1;1
60150;Μεσαία Μηλιά,η;1.01;1;1
36100;Μεσαμπελιά,η;1.01;1;1
50300;Μικρόκαστρον,το;1.01;1;1
51100;Μικρόν Σειρήνιον,το;1.01;1;1
35002;Μονή Δαδίου,η;1.01;1;1
43150;Μονή Κορώνης,η;1.01;1;1
62500;Μονή Τιμίου Προδρόμου Σερρών,η;1.01;1;1
61100;Μονολίθιον,το;1.01;1;1
51030;Νέα Τραπεζούς,η;1.01;1;1
30300;Νεόκαστρον,το;1.01;1;1
30026;Νεόκαστρον,το;1.01;1;1
44002;Ορεινόν,το;1.01;1;1
44005;Ορεινόν,το;1.01;1;1
35011;Παλαιόκαστρον,το;1.01;1;1
35017;Παλαιόκαστρον,το;1.01;1;1
50002;Παρόχθιον,το;1.01;1;1
66035;Πασχαλιά,η;1.01;1;1
50001;Πεπονιά,η;1.01;1;1
35002;Πευκόβρυση,η;1.01;1;1
67300;Ποταμοχώριον,το;1.01;1;1
33056;Ποτιδάνεια,η;1.01;1;1
33060;Ποτιδάνεια,η;1.01;1;1
66150;Πτελέα,η;1.01;1;1
66037;Πτελέα,η;1.01;1;1
36072;Ραπτόπουλον,το;1.01;1;1
36070;Ραπτόπουλον,το;1.01;1;1
57002;Σκεπαστόν,το;1.01;1;1
67150;Σμίνθη,η;1.01;1;1
20400;Σοφιανά,τα;1.01;1;1
63074;Στανός,ο;1.01;1;1
43060;Σταυρός,ο;1.01;1;1
43069;Σταυρός,ο;1.01;1;1
64200;Στεγνόν,το;1.01;1;1
66150;Ταξιάρχαι,οι;1.01;1;1
66150;Τιμόθεος,ο;1.01;1;1
33053;Τριβίδιον,το;1.01;1;1
67150;Τρίγωνο,το;1.01;1;1
66150;Υψηλή Ράχη,η;1.01;1;1
66037;Υψηλή Ράχη,η;1.01;1;1
22007;Άγιος Αθανάσιος,ο;1.00;1;1
27063;Άγιος Ανδρέας,ο;1.00;1;1
47045;Άγιος Γεώργιος,ο (Τ.Κ.Κυψέλης);1.00;1;1
38500;Άγιος Ιωάννης,ο;1.00;1;1
37011;Άγιος Ιωάννης,ο;1.00;1;1
63073;Άγιος Πρόδρομος,ο;1.00;1;1
30017;Αγραπιδόκαμπος,ο;1.00;1;1
44003;Αετόπετρα,η;1.00;1;1
25004;Αλέσταινα,η;1.00;1;1
25016;Αλέσταινα,η;1.00;1;1
67150;Άλμα,το;1.00;1;1
47043;Αμπελοχώριον,το;1.00;1;1
50200;Ανατολικόν,το;1.00;1;1
22200;Άνω Καρυαί,αι;1.00;1;1
22025;Άνω Καρυαί,αι;1.00;1;1
25004;Άνω Χόβολη,η;1.00;1;1
64100;Άνω Χορτοκόπιον,το;1.00;1;1
25006;Βαλιμή,η;1.00;1;1
45500;Βαπτιστής,ο;1.00;1;1
47043;Βατάτσιον,το;1.00;1;1
47043;Βλάγκαδα,τα;1.00;1;1
44200;Βοτονόσιον,το;1.00;1;1
63073;Γαλάτιστα,η;1.00;1;1
45500;Γερακάριον,το;1.00;0;0
59200;Γιαννακοχώριον,το;1.00;1;1
20014;Γκούρα,η;1.00;1;1
51100;Δοξαράς,ο;1.00;1;1
67300;Δουργούτιον,το;1.00;1;1
58200;Εκκλησιοχώριον,το;1.00;1;1
51100;Ελευθεροχώριον,το;1.00;1;1
57010;Εξοχή,η;1.00;0;0
32004;Ζεμενό Αραχόβης,το;1.00;1;1
22007;Ζιγοβίστιον,το;1.00;1;1
33056;Ζωριάνος,ο;1.00;1;1
33061;Ζωριάνος,ο;1.00;1;1
25008;Θωμέικα,τα;1.00;1;1
20014;Ιερά Μονή Αγίου Γεωργίου Φενεού,η;1.00;1;1
51100;Ιτέα,η;1.00;1;1
35150;Καλαμάκιον,το;1.00;1;1
20400;Καλλιθέα,η;1.00;1;1
20013;Καλλιθέα,η;1.00;1;1
42032;Καραβδαίικα,τα;1.00;1;1
42033;Καραβδαίικα,τα;1.00;1;1
36100;Καρίτσα,η;1.00;1;1
36075;Καρίτσα,η;1.00;1;1
51100;Κέντρον,το;1.00;1;1
36072;Κεφαλόβρυσον,το;1.00;1;1
40200;Κλεισούρα,η;1.00;1;1
30022;Κλεπά,η;1.00;1;1
30025;Κλεπά,η;1.00;1;1
53070;Κομνηνά,τα;1.00;1;1
50006;Κομνηνά,τα;1.00;1;1
45500;Κοσμηρά,η;1.00;0;0
42032;Κοτρώνιον,το;1.00;1;1
43060;Κουμπουριανά,τα;1.00;1;1
43069;Κουμπουριανά,τα;1.00;1;1
25008;Κουναβαίικα,τα;1.00;1;1
43150;Λαμπερόν,το;1.00;1;1
44200;Λιάπη,η;1.00;1;1
44014;Λιάπη,η;1.00;1;1
25004;Λιβαρτζινόν,το;1.00;1;1
25012;Λιβαρτζινόν,το;1.00;1;1
45500;Λιγκιάδες,οι;1.00;0;0
36072;Λιθοχώριον,το;1.00;1;1
43063;Λουτροπηγή,η;1.00;1;1
43068;Λουτροπηγή,η;1.00;1;1
57002;Λοφίσκος,ο;1.00;1;1
62055;Μακρινίτσα,η;1.00;1;1
53070;Μανιάκιον,το;1.00;1;1
45500;Μάρμαρα,τα;1.00;0;0
50001;Μελιδόνιον,το;1.00;1;1
43150;Μεσενικόλας,ο;1.00;1;1
43067;Μεσενικόλας,ο;1.00;1;1
64008;Μεσορόπη,η;1.00;1;1
47045;Μεσούντα,η;1.00;1;1
36080;Μεσοχώριον,το;1.00;1;1
51030;Μηλέα,η;1.00;1;1
58400;Μοναστηράκιον,το;1.00;1;1
35300;Μοναστήριον,το;1.00;1;1
25001;Μονή Αγίου Νικολάου Βλασίας,η;1.00;1;1
25013;Μονή Αγίου Νικολάου Βλασίας,η;1.00;1;1
22150;Μονή Βαρσών,η;1.00;1;1
22100;Μονή Βαρσών,η;1.00;1;1
43060;Μονή Σπηλιάς,η;1.00;1;1
43069;Μονή Σπηλιάς,η;1.00;1;1
51100;Μυρσίνα,η;1.00;1;1
43060;Παλαιάμπελα,τα;1.00;1;1
25004;Πάος,ο;1.00;1;1
61100;Παρόχθιον,το;1.00;1;1
50200;Πεντάβρυσος,η;1.00;1;1
45500;Πεντόλακκος,ο;1.00;1;1
44009;Πεντόλακκος,ο;1.00;1;1
35002;Περδικόβρυση,η;1.00;1;1
30022;Περίστα,η;1.00;1;1
47045;Πετράλωνον,το;1.00;1;1
36080;Πλάτανος,ο;1.00;1;1
51030;Πολύδενδρον,το;1.00;1;1
42032;Πολυνέριον,το;1.00;1;1
42033;Πολυνέριον,το;1.00;1;1
50500;Πολύρραχον,το;1.00;1;1
66035;Πολύσυκο,το;1.00;1;1
44001;Πράμαντα,τα;1.00;1;1
25100;Πυργάκιον,το;1.00;1;1
68400;Σιδηρώ,η;1.00;1;1
67150;Σιρόκον,το;1.00;1;1
23150;Σοχά,η;1.00;1;1
57200;Στεφάνια,τα;1.00;1;1
57017;Στεφάνια,τα;1.00;1;1
59150;Τριπόταμος,ο;1.00;1;1
25008;Τσαπουρνιά,η;1.00;1;1
27063;Τσιπιανά,τα;1.00;1;1
20014;Φενεός,ο;1.00;1;1
53070;Φιλώτας,ο;1.00;1;1
50500;Φρούριον,το;1.00;1;1
60150;Ψυχιατρικό Νοσοκομείο Πέτρας Ολύμπου,το;1.00;1;1
30021;Αγία Τριάς Γούναρη,η;0.99;1;1
42200;Αγία Τριάς,η;0.99;1;1
42035;Αγία Τριάς,η;0.99;1;1
57200;Άγιος Δημήτριος,ο;0.99;0;0
30008;Άγιος Θεόδωρος,ο;0.99;1;1
20500;Άγιος Νικόλαος,ο;0.99;1;1
53070;Αντίγονος,ο;0.99;1;1
33057;Αποστολιάς,ο;0.99;1;1
32004;Αράχοβα,η;0.99;1;1
57002;Αρετή,η;0.99;1;1
22002;Βλαχέρνα,η;0.99;1;1
47044;Γιαννιώτιον,το;0.99;1;1
47048;Γιαννιώτιον,το;0.99;1;1
51200;Διασελλάκιον,το;0.99;1;1
40200;Δολίχη,η;0.99;1;1
20200;Δροσοπηγή,η;0.99;1;1
20016;Δροσοπηγή,η;0.99;1;1
30300;Ελευθεριανή,η;0.99;1;1
30026;Ελευθεριανή,η;0.99;1;1
45500;Καβαλλάριον,το;0.99;1;1
22010;Καλονέριον,το;0.99;1;1
22003;Καλονέριον,το;0.99;1;1
35003;Κανάλια,τα;0.99;1;1
35018;Κανάλια,τα;0.99;1;1
37001;Καράβωμα,το;0.99;1;1
20200;Καστανέα,η;0.99;1;1
42032;Καστανέα,η;0.99;1;1
20016;Καστανέα,η;0.99;1;1
25008;Κατσαϊτέικα,τα;0.99;1;1
42032;Κάτω Παλαιοκαρυά,η;0.99;1;1
45500;Κερασιά,η;0.99;1;1
44002;Κεράσοβον,το;0.99;1;1
47043;Κονάκια,τα;0.99;1;1
45500;Κορίτιανη,η;0.99;1;1
44013;Κορίτιανη,η;0.99;1;1
43060;Κούκκος,ο;0.99;1;1
43065;Κούκκος,ο;0.99;1;1
23150;Κρυονέριον,το;0.99;1;1
23054;Κρυονέριον,το;0.99;1;1
20200;Λαύκα,η;0.99;1;1
20016;Λαύκα,η;0.99;1;1
35150;Λιμογάρδιον,το;0.99;1;1
46300;Μαλούνιον,το;0.99;1;1
46033;Μαλούνιον,το;0.99;1;1
57200;Μαυρορράχη,η;0.99;1;1
57017;Μαυρορράχη,η;0.99;1;1
57002;Μαυρούδα,η;0.99;1;1
45500;Μέγα Περιστέριον,το;0.99;1;1
40003;Μεγαλόβρυσον,το;0.99;1;1
43060;Μεσορράχη,η;0.99;1;1
42200;Μηλότοπος,ο;0.99;1;1
42036;Μηλότοπος,ο;0.99;1;1
25008;Μίχας,ο;0.99;1;1
44100;Μολυβδοσκέπαστος,η;0.99;1;1
50500;Μονή Στανού,η;0.99;1;1
64007;Μυρτόφυτον,το;0.99;1;1
51100;Νησίον,το;0.99;1;1
20400;Ξανθοχώριον,το;0.99;1;1
57002;Ξηροπόταμος,ο;0.99;1;1
42200;Ορθοβούνιον,το;0.99;1;1
35010;Παλαμάς,ο;0.99;1;1
27061;Παλάτος,ο;0.99;1;1
27061;Πανοχώρι,το;0.99;1;1
30017;Περδικάκιον,το;0.99;1;1
30300;Περιβόλια,τα;0.99;1;1
30026;Περιβόλια,τα;0.99;1;1
47044;Πηγαί,αι;0.99;1;1
47047;Πηγαί,αι;0.99;1;1
22300;Πλατανάκιον,το;0.99;1;1
50001;Πολύλακκον,το;0.99;1;1
45500;Ραβένια,τα;0.99;1;1
47043;Ραφταναίοι,οι;0.99;1;1
59150;Ράχη,η;0.99;1;1
24022;Ριζανά,τα;0.99;1;1
24016;Ριζανά,τα;0.99;1;1
60150;Ρυάκια,τα;0.99;1;1
44002;Σιταριά,η;0.99;1;1
44004;Σιταριά,η;0.99;1;1
47045;Σκαρπάριον,το;0.99;1;1
47045;Σκιαδάδες,οι;0.99;1;1
25001;Σπαρτινού,η;0.99;1;1
20014;Στενόν,το;0.99;1;1
51030;Ταξιάρχης,ο;0.99;1;1
67300;Τσαλαπετεινός,ο;0.99;1;1
58200;Φλαμουριά,η;0.99;1;1
43060;Φτέρη,η;0.99;1;1
30017;Χαλκιόπουλοι,οι;0.99;1;1
45500;Χουλιαράδες,οι;0.99;1;1
36071;Άγιος Δημήτριος,ο;0.98;1;1
42200;Αγιόφυλλον,το;0.98;1;1
42034;Αγιόφυλλον,το;0.98;1;1
25004;Αγράμπελα,τα;0.98;1;1
25012;Αγράμπελα,τα;0.98;1;1
40200;Άζωρος,ο;0.98;1;1
30008;Αμβρακία,η;0.98;1;1
61100;Αντιγόνεια,η;0.98;1;1
25001;Άνω Βλασία,η;0.98;1;1
25013;Άνω Βλασία,η;0.98;1;1
57021;Αρέθουσα,η;0.98;1;1
35011;Ασπρόκαμπος,ο;0.98;1;1
35017;Ασπρόκαμπος,ο;0.98;1;1
62300;Αχλαδοχώριον,το;0.98;1;1
48300;Βαργιάδες,οι;0.98;1;1
44009;Βαργιάδες,οι;0.98;1;1
43060;Βαρκά,η;0.98;1;1
51100;Βατόλακκος,ο;0.98;1;1
47045;Βουργαρέλι,το;0.98;1;1
51100;Γρεβενά,τα;0.98;0;1
66150;Γύρος,ο;0.98;1;1
66037;Γύρος,ο;0.98;1;1
45500;Δαφνούλα,η;0.98;0;0
30008;Διπλάτανος,ο;0.98;1;1
51100;Δίπορον,το;0.98;1;1
43060;Δρακότρυπα,η;0.98;1;1
45500;Δρίσκος,ο;0.98;0;0
62500;Ελαιών,ο;0.98;1;1
58100;Ελευθεροχώριον,το;0.98;1;1
44100;Εξοχή,η;0.98;1;1
61100;Επτάλοφος,ο;0.98;1;1
36100;Εσωχώρια,τα;0.98;1;1
36074;Εσωχώρια,τα;0.98;1;1
51100;Καλαμίτσιον,το;0.98;1;1
50300;Καλονέριον,το;0.98;1;1
51100;Καλόχιον,το;0.98;1;1
25001;Καρούσιον,το;0.98;1;1
25013;Καρούσιον,το;0.98;1;1
36100;Καταβόθρα,η;0.98;1;1
36074;Καταβόθρα,η;0.98;1;1
57021;Κάτω Στεφανινά,τα;0.98;1;1
20400;Κάτω Συνοικία Τρικάλων,η;0.98;1;1
61100;Κεντρικόν,το;0.98;1;1
42200;Κερασούλα,η;0.98;1;1
42034;Κερασούλα,η;0.98;1;1
44100;Κλειδωνιά,η;0.98;1;1
50001;Κλήμα,το;0.98;1;1
22010;Κουρουβέλιον,το;0.98;1;1
22014;Κουρουβέλιον,το;0.98;1;1
25001;Κραστικοί,οι;0.98;1;1
24022;Κρύα Βρύση,η;0.98;1;1
24016;Κρύα Βρύση,η;0.98;1;1
44002;Λάβδανη,η;0.98;1;1
50500;Λαζαράδες,οι;0.98;1;1
27063;Λάμπεια,η;0.98;1;1
22002;Λεβίδιον,το;0.98;1;1
42150;Λιόπρασον,το;0.98;1;1
60150;Μελιάδιον,το;0.98;1;1
61100;Μελισσουργείον,το;0.98;1;1
42032;Μέση Παλαιοκαρυά,η;0.98;1;1
30300;Μηλέα,η;0.98;1;1
50010;Μηλέα,η;0.98;1;1
30026;Μηλέα,η;0.98;1;1
64010;Μικρός Πρίνος,ο;0.98;1;1
66150;Μοναστηράκιον,το;0.98;1;1
25001;Μονή Αγίας Λαύρας,η;0.98;1;1
64100;Μονή Αγίου Παντελεήμονος,η;0.98;1;1
50300;Μονή Κοιμήσεως Θεοτόκου Μικροκάστρου,η;0.98;1;1
22001;Μονή Μαλεβής,η;0.98;1;1
22009;Μονή Μαλεβής,η;0.98;1;1
45500;Νίστορα,η;0.98;1;1
44013;Νίστορα,η;0.98;1;1
27063;Ορεινή,η;0.98;1;1
63073;Παλαιοχώρα,η;0.98;1;1
45500;Παλαιοχώριον,το;0.98;1;1
47045;Παλαιοχώριον,το (Τ.Κ.Αθαμανίου);0.98;1;1
61100;Παλατιανόν,το;0.98;1;1
53070;Πελαργός,ο;0.98;1;1
57200;Πέντε Βρύσαι,αι;0.98;1;1
30022;Περδικόβρυση,η;0.98;1;1
30025;Περδικόβρυση,η;0.98;1;1
25001;Πετσάκοι,οι;0.98;1;1
61200;Πλάγια,τα;0.98;1;1
61005;Πλάγια,τα;0.98;1;1
25004;Πλατανίτσα,η;0.98;1;1
25012;Πλατανίτσα,η;0.98;1;1
25001;Πλατανιώτισσα,η;0.98;1;1
47044;Πλάτανος,ο;0.98;1;1
47045;Πλάτανος,ο;0.98;1;1
47047;Πλάτανος,ο;0.98;1;1
23150;Πολύδροσον,το;0.98;1;1
51100;Πόρος,ο;0.98;1;1
58400;Πρόμαχοι,οι;0.98;1;1
44200;Προσήλια,τα;0.98;1;1
34006;Σέτα,η;0.98;1;1
45500;Σκλίβανη,η;0.98;1;1
36100;Στένωμα,το;0.98;1;1
66150;Τείχος,το;0.98;1;1
66037;Τείχος,το;0.98;1;1
44100;Τράπεζα,η;0.98;1;1
44002;Φαράγγιον,το;0.98;1;1
51100;Φελλίον,το;0.98;1;1
45500;Φορτόσιον,το;0.98;1;1
44013;Φορτόσιον,το;0.98;1;1
20500;Ψάριον,το;0.98;1;1
22001;Άγιος Πέτρος,ο;0.97;1;1
22009;Άγιος Πέτρος,ο;0.97;1;1
22002;Αγρίδιον,το;0.97;1;1
47045;Αθαμάνιον,το;0.97;1;1
50150;Αιανή,η;0.97;1;1
50004;Αιανή,η;0.97;1;1
68150;Αισύμη,η;0.97;1;1
68011;Αισύμη,η;0.97;1;1
50001;Αλιάκμων,ο;0.97;1;1
36071;Αμίριανη,η;0.97;1;1
23150;Αναβρυτή,η;0.97;1;1
51100;Άνοιξις,η;0.97;1;1
30021;Άνω Άγιος Βλάσιος,ο;0.97;1;1
50010;Άνω Κώμη,η;0.97;1;1
57010;Ασβεστοχώριον,το;0.97;0;0
45500;Ασπροχώριον,το;0.97;1;1
25007;Βάλτος,ο;0.97;1;1
22012;Βούρβουρα,τα;0.97;1;1
22013;Βούρβουρα,τα;0.97;1;1
60150;Βρία,η;0.97;1;1
23150;Γεωργίτσιον,το;0.97;1;1
23065;Γεωργίτσιον,το;0.97;1;1
36072;Διάσελο,το;0.97;1;1
35003;Δίλοφον,το;0.97;1;1
36080;Δομιανοί,οι;0.97;1;1
36081;Δομιανοί,οι;0.97;1;1
58200;Έδεσσα,η;0.97;0;1
22007;Ζάτουνα,η;0.97;1;1
43300;Θραψίμιον,το;0.97;1;1
25007;Καλαμάκιον,το;0.97;1;1
25001;Κάνδαλος,ο;0.97;1;1
25011;Κάνδαλος,ο;0.97;1;1
21250;Καρυά,η;0.97;1;1
22001;Καστανίτσα,η;0.97;1;1
60150;Καταλώνια,τα;0.97;1;1
25004;Κερασέα,η;0.97;1;1
25012;Κερασέα,η;0.97;1;1
36100;Κλαύσιον,το;0.97;1;1
21250;Κρύα Βρύση,η;0.97;1;1
42200;Κρύα Βρύση,η;0.97;1;1
45500;Κωστήτσιον,το;0.97;1;1
44013;Κωστήτσιον,το;0.97;1;1
37100;Κωφοί,οι;0.97;1;1
42032;Λαφίνα,η;0.97;1;1
42037;Λαφίνα,η;0.97;1;1
57002;Λίμνη,η;0.97;1;1
22150;Μαίναλον,το;0.97;1;1
22100;Μαίναλον,το;0.97;1;1
64200;Μακρυχώριον,το;0.97;1;1
24500;Μάλη,η;0.97;1;1
44002;Μαυροβούνιον,το;0.97;1;1
44004;Μαυροβούνιον,το;0.97;1;1
36100;Μέγα Χωρίον,το;0.97;1;1
36075;Μέγα Χωρίον,το;0.97;1;1
64010;Μεγάλος Πρίνος,ο;0.97;1;1
58400;Μεγαπλάτανος,ο;0.97;1;1
51100;Μεσόλακκος,ο;0.97;1;1
36072;Μεταξάδες,οι;0.97;1;1
36070;Μεταξάδες,οι;0.97;1;1
25001;Μετόχιον,το;0.97;1;1
25013;Μετόχιον,το;0.97;1;1
51100;Μικροκλεισούρα,η;0.97;1;1
36100;Μικρόν Χωρίον,το;0.97;1;1
36075;Μικρόν Χωρίον,το;0.97;1;1
69200;Μοναχοί,οι;0.97;1;1
35150;Μονή Γενεσίου Θεοτόκου Δαμάστας,η;0.97;1;1
35150;Νέα Παύλιανη,η;0.97;1;1
21250;Νεοχώριον,το;0.97;1;1
21058;Νεοχώριον,το;0.97;1;1
22010;Νυμφασία,η;0.97;1;1
44002;Ξηρόβαλτον,το;0.97;1;1
44005;Ξηρόβαλτον,το;0.97;1;1
22015;Ξηροκαρίταινα,η;0.97;1;1
22010;Ολομάδες,οι;0.97;1;1
22014;Ολομάδες,οι;0.97;1;1
64100;Παλαιοχώριον,το;0.97;1;1
50001;Παναρέτη,η;0.97;1;1
20014;Πανόραμα,το;0.97;1;1
22150;Περθώριον,το;0.97;1;1
22100;Περθώριον,το;0.97;1;1
33056;Περιθιώτισσα,η;0.97;1;1
33060;Περιθιώτισσα,η;0.97;1;1
47045;Πεύκος,ο;0.97;1;1
51100;Πιστικόν,το;0.97;1;1
62055;Πλατανάκια,τα;0.97;1;1
43060;Ποταμιά,η;0.97;1;1
43065;Ποταμιά,η;0.97;1;1
42032;Πύργος,ο;0.97;1;1
42033;Πύργος,ο;0.97;1;1
40006;Ραψάνη,η;0.97;1;1
40007;Ραψάνη,η;0.97;1;1
40008;Ραψάνη,η;0.97;1;1
30021;Ρίον,το;0.97;1;1
63073;Σανά,τα;0.97;1;1
47044;Σελλίον,το;0.97;1;1
30023;Σέλλος,ο;0.97;1;1
61100;Σπουργίτης,ο;0.97;1;1
61006;Σπουργίτης,ο;0.97;1;1
30008;Στεκούλα,η;0.97;1;1
51100;Τρικοκκιά,η;0.97;1;1
27061;Τσουράκι,το;0.97;1;1
66150;Υψηλόκαστρον,το;0.97;1;1
66037;Υψηλόκαστρον,το;0.97;1;1
25007;Φίλια,τα;0.97;1;1
61100;Φύσκα,η;0.97;1;1
61006;Φύσκα,η;0.97;1;1
60150;Φωτεινά,τα;0.97;1;1
45500;Χώρα,η;0.97;1;1
42200;Ψήλωμα,το;0.97;1;1
42034;Ψήλωμα,το;0.97;1;1
45500;Άγιος Γεώργιος,ο;0.96;1;1
44002;Άγιος Κοσμάς,ο;0.96;1;1
44006;Άγιος Κοσμάς,ο;0.96;1;1
22015;Άγιος Νικόλαος,ο;0.96;1;1
62042;Αγιοχώριον,το;0.96;1;1
62042;Αλιστράτη,η;0.96;1;1
62045;Αλιστράτη,η;0.96;1;1
30017;Αμπέλιον,το;0.96;1;1
66200;Ανθοχώριον,το;0.96;1;1
40100;Άνω Αργυροπούλειον,το;0.96;1;1
47044;Άνω Καρυές,οι;0.96;1;1
47047;Άνω Καρυές,οι;0.96;1;1
32150;Άνω Σούρπη,η;0.96;1;1
22015;Απόσκια,η;0.96;1;1
57012;Αρδαμέριον,το;0.96;1;1
44002;Αρίστη,η;0.96;1;1
44004;Αρίστη,η;0.96;1;1
58100;Ασβεσταρειόν,το;0.96;1;1
20500;Ασπρόκαμπος,ο;0.96;1;1
51100;Ασπρόκαμπος,ο;0.96;1;1
43060;Βαγένια,τα;0.96;1;1
37100;Βρύναινα,η;0.96;1;1
42200;Γάβρος,ο;0.96;1;1
42034;Γάβρος,ο;0.96;1;1
63073;Γεροπλάτανος,ο;0.96;1;1
64100;Γεωργιανή,η;0.96;1;1
64001;Γεωργιανή,η;0.96;1;1
61300;Γουμένισσα,η;0.96;1;1
43060;Γραβιά,η;0.96;1;1
22150;Δαβιά,η;0.96;1;1
22100;Δαβιά,η;0.96;1;1
24022;Δένδρα,τα;0.96;1;1
24016;Δένδρα,τα;0.96;1;1
23150;Διπόταμα,τα;0.96;1;1
23054;Διπόταμα,τα;0.96;1;1
63073;Δουμπιά,τα;0.96;1;1
45500;Δραγοψά,η;0.96;1;1
69150;Δρανιά,η;0.96;1;1
69500;Δρανιά,η;0.96;1;1
44100;Καβάσιλα,τα;0.96;1;1
59150;Καλή Παναγία,η;0.96;1;1
40200;Καλύβια,τα;0.96;1;1
22007;Καρκαλού,η;0.96;1;1
62055;Καστανούσσα,η;0.96;1;1
22150;Κάτω Δαβιά,η;0.96;1;1
22100;Κάτω Δαβιά,η;0.96;1;1
69150;Κάτω Δροσινή,η;0.96;1;1
35003;Κάτω Κανάλια,τα;0.96;1;1
35018;Κάτω Κανάλια,τα;0.96;1;1
47045;Κορυφή,η;0.96;1;1
42037;Κορυφή,η;0.96;1;1
25001;Κορφαί,αι;0.96;1;1
61200;Κορώνα,η;0.96;1;1
23150;Κοτίτσα,η;0.96;1;1
25100;Κρήνη,η;0.96;1;1
20200;Κρυονέριον,το;0.96;1;1
20015;Κρυονέριον,το;0.96;1;1
43063;Κτιμένη,η;0.96;1;1
60200;Λιτόχωρον,το;0.96;1;1
58400;Λυκόστομον,το;0.96;1;1
30008;Μακρά Λογκά,η;0.96;1;1
43060;Μάραθος Β',ο;0.96;1;1
43066;Μάραθος Β',ο;0.96;1;1
43060;Μάραθος Γ',ο;0.96;1;1
43066;Μάραθος Γ',ο;0.96;1;1
45500;Μικρά Γότιστα,η;0.96;1;1
40200;Μικρόν Ελευθεροχώριον,το;0.96;1;1
25001;Μονή Μεγάλου Σπηλαίου,η;0.96;1;1
45500;Μπαγαίοι,οι;0.96;1;1
22002;Νέος Καρδαράς,ο;0.96;1;1
35010;Νεοχώριον,το;0.96;1;1
42200;Οξύνεια,η;0.96;1;1
33056;Παλαιοχώριον,το;0.96;1;1
36100;Παυλόπουλον,το;0.96;1;1
66150;Πελεκητή,η;0.96;1;1
66037;Πελεκητή,η;0.96;1;1
48200;Πέντε Πηγάδια,τα;0.96;1;1
62042;Περιχώρα,η;0.96;1;1
62045;Περιχώρα,η;0.96;1;1
45500;Πηγάδια,τα;0.96;1;1
44013;Πηγάδια,τα;0.96;1;1
26500;Πηγή,η;0.96;1;1
57200;Πολυδένδριον,το;0.96;1;1
63073;Ριζά,τα;0.96;1;1
58200;Σαμάριον,το;0.96;1;1
22150;Σιλίμνα,η;0.96;1;1
22100;Σιλίμνα,η;0.96;1;1
27061;Σκληρός,ο;0.96;1;1
36100;Σταυροχώριον,το;0.96;1;1
36074;Σταυροχώριον,το;0.96;1;1
44002;Τεριάχιον,το;0.96;1;1
30023;Τερψιθέα,η;0.96;1;1
30024;Τερψιθέα,η;0.96;1;1
23150;Τόριζα,η;0.96;1;1
23054;Τόριζα,η;0.96;1;1
50001;Τραπεζίτσα,η;0.96;1;1
57010;Φίλυρον,το;0.96;0;0
44002;Ωραιόκαστρον,το;0.96;1;1
44006;Ωραιόκαστρον,το;0.96;1;1
32150;Αγία Άννα,η;0.95;1;1
44200;Αγία Βαρβάρα,η;0.95;1;1
44014;Αγία Βαρβάρα,η;0.95;1;1
46200;Αγία Κυριακή,η;0.95;1;1
26500;Αγία Παρασκευή,η;0.95;1;1
38500;Αγία Παρασκευή,η;0.95;1;1
36071;Αγία Τριάδα,η;0.95;1;1
62500;Άγιον Πνεύμα,το;0.95;1;1
62051;Άγιον Πνεύμα,το;0.95;1;1
30017;Άγιος Βλάσιος,ο;0.95;1;1
30008;Άγιος Ιωάννης,ο (Τοπική Κοινότητα Κονίσκης);0.95;1;1
23150;Αγριάνοι,οι;0.95;1;1
44100;Αηδονοχώριον,το;0.95;1;1
66300;Αίγειρος,ο;0.95;1;1
66032;Αίγειρος,ο;0.95;1;1
67150;Αιώρα,η;0.95;1;1
25001;Άνω Ζαχλωρού,η;0.95;1;1
33057;Άνω Μπράλος,ο;0.95;1;1
20400;Άνω Πιτσά,τα;0.95;1;1
20013;Άνω Πιτσά,τα;0.95;1;1
44002;Άνω Ραβένια,τα;0.95;1;1
44004;Άνω Ραβένια,τα;0.95;1;1
20014;Αρχαία Φενεός,η;0.95;1;1
40200;Ασπρόχωμα,το;0.95;1;1
44003;Βατατάδες,οι;0.95;1;1
22015;Βελημάχιον,το;0.95;1;1
25001;Βιλιβίνα,η;0.95;1;1
22300;Βοσκίνα,η;0.95;1;1
33100;Βουνιχώρα,η;0.95;1;1
36100;Γάβρος,ο;0.95;1;1
36075;Γάβρος,ο;0.95;1;1
61100;Γερακάριον,το;0.95;1;1
61006;Γερακάριον,το;0.95;1;1
44002;Γεροπλάτανος,ο;0.95;1;1
44012;Γεροπλάτανος,ο;0.95;1;1
68400;Γιαννούλη,η;0.95;1;1
25007;Γλάστρα,η;0.95;1;1
67150;Γοργόνα,η;0.95;1;1
36100;Δερμάτιον,το;0.95;1;1
36075;Δερμάτιον,το;0.95;1;1
68300;Διδυμότειχον,το;0.95;1;1
40200;Δρυμός,ο;0.95;1;1
60150;Έλαφος,η;0.95;1;1
43060;Ελληνόπυργος,ο;0.95;1;1
68300;Ελληνοχώριον,το;0.95;1;1
64100;Εξοχή,η;0.95;1;1
66150;Θαμνωτόν,το;0.95;1;1
66037;Θαμνωτόν,το;0.95;1;1
58400;Θεοδωράκειον,το;0.95;1;1
42200;Θεοτόκος,η;0.95;1;1
42034;Θεοτόκος,η;0.95;1;1
66035;Θόλος,ο;0.95;1;1
25003;Καλυβίτης,ο;0.95;1;1
62300;Καπνόφυτον,το;0.95;1;1
43060;Καρυά,η;0.95;1;1
43065;Καρυά,η;0.95;1;1
25007;Καστέλλιον,το;0.95;1;1
20500;Καστράκιον,το;0.95;1;1
22012;Καστρίον,το;0.95;1;1
22013;Καστρίον,το;0.95;1;1
64002;Κάστρον,το;0.95;1;1
47043;Καταρράκτης,ο;0.95;1;1
25001;Κάτω Βλασία,η;0.95;1;1
25013;Κάτω Βλασία,η;0.95;1;1
30022;Κάτω Πλάτανος,ο;0.95;1;1
36072;Κάτω Ραπτόπουλον,το;0.95;1;1
36070;Κάτω Ραπτόπουλον,το;0.95;1;1
25004;Κάτω Χόβολη,η;0.95;1;1
25016;Κάτω Χόβολη,η;0.95;1;1
47045;Κάψαλα,τα;0.95;1;1
45500;Κέδρος,ο;0.95;1;1
22012;Κερασιά,η;0.95;1;1
22016;Κερασιά,η;0.95;1;1
22010;Κερπινή,η;0.95;1;1
22014;Κερπινή,η;0.95;1;1
25007;Κλείτωρ,ο;0.95;1;1
40200;Κοκκινόγειον,το;0.95;1;1
37100;Κοκκωτοί,οι;0.95;1;1
61100;Κορωνούδα,η;0.95;1;1
30008;Κοσκινάς,ο;0.95;1;1
68004;Λάβαρα,τα;0.95;1;1
25001;Λαγοβούνιον,το;0.95;1;1
25011;Λαγοβούνιον,το;0.95;1;1
25007;Λευκάσιον,το;0.95;1;1
35003;Λυχνόν,το;0.95;1;1
35016;Λυχνόν,το;0.95;1;1
68400;Μάνδρα,η;0.95;1;1
64002;Μαριαί,αι;0.95;1;1
45500;Μηλέαι,αι;0.95;1;1
25100;Μονή Αγίου Ιωάννου Θεολόγου,η;0.95;1;1
22150;Μονή Γοργοεπηκόου,η;0.95;1;1
22005;Μονή Γοργοεπηκόου,η;0.95;1;1
57006;Μονοπήγαδον,το;0.95;0;0
25004;Νάσια,τα;0.95;1;1
68200;Νέα Βύσσα,η;0.95;1;1
68001;Νέα Βύσσα,η;0.95;1;1
44200;Νέο Γερακάρι,το;0.95;1;1
36100;Νέον Μικρόν Χωρίον,το;0.95;1;1
36075;Νέον Μικρόν Χωρίον,το;0.95;1;1
68200;Νέος Πύργος,ο;0.95;1;1
42150;Ξυλοπάροικον,το;0.95;1;1
68200;Παλαιά Σαγήνη,η;0.95;1;1
30150;Παλαιοκερασιά,η;0.95;1;1
33056;Παλαιοξάριον,το;0.95;1;1
33060;Παλαιοξάριον,το;0.95;1;1
30021;Παλαιοχούνη,η;0.95;1;1
36100;Παππαρούσιον,το;0.95;1;1
43060;Πευκόφυτον,το;0.95;1;1
22150;Πικέρνης,ο;0.95;1;1
22100;Πικέρνης,ο;0.95;1;1
64008;Ποδοχώριον,το;0.95;1;1
44002;Ποντικάται,οι;0.95;1;1
44005;Ποντικάται,οι;0.95;1;1
68300;Πραγγίον,το;0.95;1;1
50500;Προσήλιον,το;0.95;1;1
35003;Πύργος,ο;0.95;1;1
35016;Πύργος,ο;0.95;1;1
47150;Ροδαυγή,η;0.95;1;1
47046;Ροδαυγή,η;0.95;1;1
45500;Σερβιανά,τα;0.95;1;1
22007;Σέρβος,ο;0.95;1;1
22028;Σέρβος,ο;0.95;1;1
20500;Σκοτεινή,η;0.95;1;1
22015;Σούδελη,η;0.95;1;1
44002;Σταυροδρόμιον,το (Τοπική Κοινότητα Τεριαχίου);0.95;1;1
33058;Σώταινα,η;0.95;1;1
44001;Τσόπελα,η;0.95;1;1
22300;Άγιος Βασίλειος,ο;0.94;1;1
27061;Άγιος Σώστης,ο;0.94;1;1
35010;Άνω Αγόριανη,η;0.94;1;1
30023;Ασπριά,η;0.94;1;1
30024;Ασπριά,η;0.94;1;1
30017;Αυλάκιον,το;0.94;1;1
47044;Αφροξυλιά,η;0.94;1;1
47047;Αφροξυλιά,η;0.94;1;1
46300;Βαβούριον,το;0.94;1;1
46032;Βαβούριον,το;0.94;1;1
22012;Βαρβίτσα,η;0.94;1;1
23067;Βαρβίτσα,η;0.94;1;1
30019;Βάτος,ο;0.94;1;1
22012;Βλαχοκερασέα,η;0.94;1;1
22016;Βλαχοκερασέα,η;0.94;1;1
47044;Βουλιαγμένον,το;0.94;1;1
47047;Βουλιαγμένον,το;0.94;1;1
36100;Βρυσούλα,η;0.94;1;1
61300;Γερακών,ο;0.94;1;1
40200;Γεράνια,τα;0.94;1;1
23150;Γόλα,η;0.94;1;1
48200;Γοργόμυλος,ο;0.94;1;1
35150;Δελφίνον,το;0.94;1;1
25001;Δροσάτον,το;0.94;1;1
69300;Δροσιά,η;0.94;1;1
36071;Δυτική Φραγκίστα,η;0.94;1;1
47044;Ελάτη,η;0.94;1;1
47047;Ελάτη,η;0.94;1;1
20500;Εξοχή,η;0.94;1;1
68300;Ευγενικόν,το;0.94;1;1
37001;Ζαγορά,η;0.94;1;1
68300;Θούριον,το;0.94;1;1
68300;Ισαάκιον,το;0.94;1;1
68200;Καβύλη,η;0.94;1;1
20200;Καλιανοί,οι;0.94;1;1
20016;Καλιανοί,οι;0.94;1;1
62055;Καλοχώριον,το;0.94;1;1
47045;Κάμπος,ο;0.94;1;1
68200;Καναδάς,ο;0.94;1;1
22002;Κανδήλα,η;0.94;1;1
22004;Κανδήλα,η;0.94;1;1
22015;Καρδαρίτσιον,το;0.94;1;1
47045;Καρυά,η;0.94;1;1
45500;Καρυαί,αι;0.94;1;1
68200;Καστανέαι,αι;0.94;1;1
68008;Καστανέαι,αι;0.94;1;1
25007;Καστρία,τα;0.94;1;1
45500;Κάτω Κρυφοβόν,το;0.94;1;1
50010;Κάτω Κώμη,η;0.94;1;1
25006;Κάτω Ποταμιά,η;0.94;1;1
25014;Κάτω Ποταμιά,η;0.94;1;1
36072;Κέδρα,τα;0.94;1;1
36070;Κέδρα,τα;0.94;1;1
45500;Κήποι,οι;0.94;0;0
61100;Κοιλάδιον,το;0.94;1;1
68400;Κόρυμβος,ο;0.94;1;1
62055;Κορυφή,η;0.94;1;1
61003;Κορυφή,η;0.94;1;1
35003;Κουτσούφλιανη,η;0.94;1;1
45500;Κράψη,η;0.94;0;0
25001;Κρυονέριον,το;0.94;1;1
25013;Κρυονέριον,το;0.94;1;1
32006;Κυριάκιον,το;0.94;1;1
25004;Λιβάδιον,το;0.94;1;1
25012;Λιβάδιον,το;0.94;1;1
40200;Λυκούδιον,το;0.94;1;1
68003;Λύρα,η;0.94;1;1
45500;Μάζια,η;0.94;0;0
35010;Μακρολίβαδον,το;0.94;1;1
62042;Μανδήλιον,το;0.94;1;1
36071;Μαραθιά,η;0.94;1;1
68200;Μαράσια,τα;0.94;1;1
42200;Μεγάλη Κερασέα,η;0.94;1;1
44002;Μεσοβούνιον,το;0.94;1;1
44004;Μεσοβούνιον,το;0.94;1;1
62041;Μεσολακκιά,η;0.94;1;1
62052;Μεσολακκιά,η;0.94;1;1
62500;Μέταλλα,τα;0.94;1;1
62048;Μέταλλα,τα;0.94;1;1
47045;Μηλέα,η;0.94;1;1
47047;Μηλέα,η;0.94;1;1
60300;Μικρή Μηλιά,η;0.94;1;1
60061;Μικρή Μηλιά,η;0.94;1;1
45500;Μιχαλίτσιον,το;0.94;1;1
36071;Μοναστηράκιον,το;0.94;1;1
67150;Μονή Καλαμούς,η;0.94;1;1
22029;Μονή Καρυάς,η;0.94;1;1
22006;Μονή Καρυάς,η;0.94;1;1
25001;Μπόσι,το;0.94;1;1
61100;Μυλοχώριον,το;0.94;1;1
62042;Νέα Ζίχνη,η;0.94;1;1
68300;Νέοι Ψαθάδες,οι;0.94;1;1
68300;Νέον Χειμώνιον,το;0.94;1;1
51100;Νεοχώριον,το;0.94;1;1
22001;Ξηροκάμπι,το;0.94;1;1
40200;Ολυμπιάς,η;0.94;1;1
68200;Ορεστιάς,η;0.94;0;1
67150;Παλαιά Μορσίνη,η;0.94;1;1
22300;Παλαιοχώριον,το;0.94;1;1
42032;Παναγία,η (Τοπική Κοινότητα Ροποτού);0.94;1;1
20200;Παναρίτιον,το;0.94;1;1
20017;Παναρίτιον,το;0.94;1;1
13679;Πάρνης,η;0.94;0;0
47150;Περδικάριον,το;0.94;1;1
47046;Περδικάριον,το;0.94;1;1
61200;Πηγή,η;0.94;1;1
61400;Πηγή,η;0.94;1;1
61100;Πλαγιοχώριον,το;0.94;1;1
66150;Πλατανιά,η;0.94;1;1
66037;Πλατανιά,η;0.94;1;1
45500;Πλατάνια,τα;0.94;1;1
30300;Πλατανιάς,ο;0.94;1;1
30026;Πλατανιάς,ο;0.94;1;1
66150;Πλατανόβρυση,η;0.94;1;1
66037;Πλατανόβρυση,η;0.94;1;1
58400;Πολυκάρπιον,το;0.94;1;1
36072;Πρασιά,η;0.94;1;1
36070;Πρασιά,η;0.94;1;1
66150;Πρινόλοφος,ο;0.94;1;1
66037;Πρινόλοφος,ο;0.94;1;1
63073;Πρινοχώριον,το;0.94;1;1
30017;Ρίγανη,η;0.94;1;1
59200;Ροδακινέα,η;0.94;1;1
44002;Ρουψιά,η;0.94;1;1
44006;Ρουψιά,η;0.94;1;1
68200;Σάκκος,ο;0.94;1;1
22001;Σίταινα,η;0.94;1;1
35150;Σκαμνός,ο;0.94;1;1
47044;Σκουληκαριά,η;0.94;1;1
47048;Σκουληκαριά,η;0.94;1;1
68400;Σουφλίον,το;0.94;1;1
40200;Συκιά,η;0.94;1;1
23150;Σωτήρα,η;0.94;1;1
23054;Σωτήρα,η;0.94;1;1
44200;Ταμπούρια,τα;0.94;1;1
45500;Ταξιάρχης,ο;0.94;1;1
35002;Τιθρώνιον,το;0.94;1;1
60150;Τόξον,το;0.94;1;1
46300;Τσαμαντάς,ο;0.94;1;1
46032;Τσαμαντάς,ο;0.94;1;1
22150;Τσελεπάκος,ο;0.94;1;1
22100;Τσελεπάκος,ο;0.94;1;1
25006;Τσιβλός,ο;0.94;1;1
25014;Τσιβλός,ο;0.94;1;1
22300;Φυλάτικα,τα;0.94;1;1
64100;Χρυσόκαστρον,το;0.94;1;1
45500;Αγία Αναστασία,η;0.93;1;1
48300;Άγιος Ανδρέας,ο;0.93;1;1
44009;Άγιος Ανδρέας,ο;0.93;1;1
44200;Άγιος Γεώργιος,ο;0.93;1;1
44014;Άγιος Γεώργιος,ο;0.93;1;1
30022;Άγιος Δημήτριος,ο;0.93;1;1
36072;Άγιος Ιωάννης Πρόδρομος,ο;0.93;1;1
36070;Άγιος Ιωάννης Πρόδρομος,ο;0.93;1;1
47044;Άγιος Νικόλαος,ο;0.93;1;1
47047;Άγιος Νικόλαος,ο;0.93;1;1
68400;Αγριάνη,η;0.93;1;1
57012;Αδάμ,ο;0.93;1;1
68004;Αμόριον,το;0.93;1;1
40006;Αμπελάκια,τα;0.93;1;1
40004;Αμπελάκια,τα;0.93;1;1
20014;Αμυγδαλέα,η;0.93;1;1
27063;Αμυγδαλή,η;0.93;1;1
33058;Αμυγδαλιά,η;0.93;1;1
69150;Άνω Δροσινή,η;0.93;1;1
25100;Άνω Σαλμενίκον,το;0.93;1;1
25009;Άνω Σαλμενίκον,το;0.93;1;1
68200;Άρζος,ο;0.93;1;1
42200;Ασπροκκλησιά,η;0.93;1;1
42034;Ασπροκκλησιά,η;0.93;1;1
42200;Αχλαδέα,η;0.93;1;1
42034;Αχλαδέα,η;0.93;1;1
58400;Γαρέφειον,το;0.93;1;1
47043;Γεροβρύση,η;0.93;1;1
33058;Δαφνοχώριον,το;0.93;1;1
42031;Διάσελλον,το;0.93;1;1
42300;Διάσελλον,το;0.93;1;1
30300;Δορβιτσιά,η;0.93;1;1
30026;Δορβιτσιά,η;0.93;1;1
68010;Ελαφοχώριον,το;0.93;1;1
42150;Ελληνόκαστρον,το;0.93;1;1
58400;Θηριόπετρα,η;0.93;1;1
58003;Θηριόπετρα,η;0.93;1;1
40200;Καλλιθέα,η;0.93;1;1
42200;Καλλιθέα,η;0.93;1;1
42035;Καλλιθέα,η;0.93;1;1
42150;Καλονέριον,το;0.93;1;1
27063;Καλύβια,τα;0.93;1;1
47044;Καστανέα,η;0.93;1;1
47047;Καστανέα,η;0.93;1;1
46200;Καταμάχη,η;0.93;1;1
36100;Κάτω Καρίτσα,η;0.93;1;1
36075;Κάτω Καρίτσα,η;0.93;1;1
22150;Κάψας,ο;0.93;1;1
22100;Κάψας,ο;0.93;1;1
61100;Κοκκινιά,η;0.93;1;1
30023;Κοκκινοχώριον,το;0.93;1;1
30024;Κοκκινοχώριον,το;0.93;1;1
40300;Κοκκίνω,η;0.93;1;1
45500;Κολωνιάτιον,το;0.93;0;0
68400;Κορνοφωλεά,η;0.93;1;1
25008;Κούμαρης,ο;0.93;1;1
40200;Κουτσούφλιανη,η;0.93;1;1
40005;Κουτσούφλιανη,η;0.93;1;1
27061;Κράνα,η;0.93;1;1
36071;Κρέντης,ο;0.93;1;1
68300;Κυανή,η;0.93;1;1
68003;Λαγυνά,τα;0.93;1;1
50150;Λεύκαρα,τα;0.93;1;1
44002;Λίμνη,η;0.93;1;1
36071;Λογγιαί,αι;0.93;1;1
23150;Λογκανίκος,ο;0.93;1;1
23065;Λογκανίκος,ο;0.93;1;1
25003;Λόφος,ο;0.93;1;1
40200;Λόφος,ο;0.93;1;1
45500;Λύγγος,ο;0.93;1;1
22200;Λύκαιον,το;0.93;1;1
22025;Λύκαιον,το;0.93;1;1
45500;Μαβίλλης,ο;0.93;0;0
33058;Μακρινή,η;0.93;1;1
68300;Μάνη,η;0.93;1;1
22012;Μαυρίκιον,το;0.93;1;1
40003;Μελίβοια,η;0.93;1;1
64100;Μέλισσα,η;0.93;1;1
43060;Μηλέαι,αι;0.93;1;1
25007;Μονή Αγίου Αθανασίου,η;0.93;1;1
30300;Μονή Αγίου Ιωάννου,η;0.93;1;1
23150;Μονή Αγίων Αναργύρων,η;0.93;1;1
32001;Μονή Μακαριωτίσσης,η;0.93;1;1
32010;Μονή Μακαριωτίσσης,η;0.93;1;1
38500;Μονή Μεταμορφώσεως Σωτήρος Φλαμουρίου,η;0.93;1;1
22010;Μονή Παναγίας Κερνίτσης,η;0.93;1;1
25001;Μουρίκιον,το;0.93;1;1
25013;Μουρίκιον,το;0.93;1;1
64008;Μουσθένη,η;0.93;1;1
22010;Μυγδαλιά,η;0.93;1;1
22014;Μυγδαλιά,η;0.93;1;1
45500;Νεγράδες,οι;0.93;1;1
36100;Νέο Δερμάτι,το;0.93;1;1
36075;Νέο Δερμάτι,το;0.93;1;1
68200;Νεοχώριον,το;0.93;1;1
44002;Παηδονιά,η;0.93;1;1
44004;Παηδονιά,η;0.93;1;1
62055;Παλαιό Λιθωτό,το;0.93;1;1
47045;Παναγία,η;0.93;1;1
45500;Πεστά,τα;0.93;1;1
45500;Πετράλωνα,τα;0.93;1;1
66200;Πετρούσσα,η;0.93;1;1
40200;Πετρωτόν,το;0.93;1;1
46200;Πηλογρανίτσα,η;0.93;1;1
68007;Πλάτη,η;0.93;1;1
68010;Πολιά,η;0.93;1;1
43060;Πορτή,η;0.93;1;1
22002;Πράσινον,το;0.93;1;1
68003;Προβατών,ο;0.93;1;1
68400;Πρωτοκκλήσιον,το;0.93;1;1
44100;Πυξαριά,η;0.93;1;1
64008;Πυργοχώριον,το;0.93;1;1
68300;Ρήγιον,το;0.93;1;1
45500;Ριζά,τα;0.93;1;1
27061;Σιλήμνα,η;0.93;1;1
42200;Σκεπάριον,το;0.93;1;1
42034;Σκεπάριον,το;0.93;1;1
68300;Σοφικόν,το;0.93;1;1
40200;Σπαρμός,ο;0.93;1;1
20200;Στυμφαλία,η;0.93;1;1
20016;Στυμφαλία,η;0.93;1;1
62500;Συκέα,η;0.93;1;1
62048;Συκέα,η;0.93;1;1
23150;Ταϋγέτη,η;0.93;1;1
47045;Τελήσιον,το (Τ.Κ.Τετρακώμου);0.93;1;1
66150;Τερψιθέα,η;0.93;1;1
66037;Τερψιθέα,η;0.93;1;1
25001;Τρεχλόν,το;0.93;1;1
25013;Τρεχλόν,το;0.93;1;1
68003;Τυχερόν,το;0.93;1;1
68003;Φυλακτόν,το;0.93;1;1
64007;Φωλεά,η;0.93;1;1
61100;Χειμαδιόν,το;0.93;1;1
33053;Άβορος,ο;0.92;1;1
51100;Αγάπη,η;0.92;1;1
62055;Αγία Παρασκευή,η;0.92;1;1
61003;Αγία Παρασκευή,η;0.92;1;1
37300;Άγιος Γεώργιος Νηλείας,ο;0.92;1;1
57012;Άγιος Χαράλαμπος,ο;0.92;1;1
23150;Αγόριανη,η;0.92;1;1
23065;Αγόριανη,η;0.92;1;1
62055;Ακρίτας,ο;0.92;1;1
61003;Ακρίτας,ο;0.92;1;1
22012;Αλεποχώριον,το;0.92;1;1
22016;Αλεποχώριον,το;0.92;1;1
45500;Άμμος,η;0.92;0;0
44200;Άμπελος,η;0.92;1;1
44014;Άμπελος,η;0.92;1;1
25007;Αμυγδαλέα,η;0.92;1;1
62055;Ανατολή,η;0.92;1;1
62053;Ανατολή,η;0.92;1;1
38500;Άνω Κερασέα,η;0.92;1;1
44002;Άνω Παρακάλαμος,ο;0.92;1;1
44004;Άνω Παρακάλαμος,ο;0.92;1;1
45500;Ασβεστοχώριον,το;0.92;0;0
68300;Ασημένιον,το;0.92;1;1
50150;Βαθύλακκος,ο;0.92;1;1
44003;Βεντερίκος,ο;0.92;1;1
44017;Βεντερίκος,ο;0.92;1;1
44200;Βουτανσαίοι,οι;0.92;1;1
44014;Βουτανσαίοι,οι;0.92;1;1
44002;Βρίστοβον,το;0.92;1;1
30300;Γάβρος,ο;0.92;1;1
43060;Δάφνη,η;0.92;1;1
45500;Δωδωνούπολη,η;0.92;1;1
68007;Ελαία,η;0.92;1;1
45500;Ελληνικόν,το;0.92;1;1
44013;Ελληνικόν,το;0.92;1;1
62500;Εμμανουήλ Παππάς,ο;0.92;1;1
62048;Εμμανουήλ Παππάς,ο;0.92;1;1
60150;Εξοχή,η;0.92;1;1
68500;Θυμαριά,η;0.92;1;1
68013;Θυμαριά,η;0.92;1;1
62055;Καβαλλάρης,ο;0.92;1;1
61003;Καβαλλάρης,ο;0.92;1;1
72150;Καθαρόν,το;0.92;1;1
72051;Καθαρόν,το;0.92;1;1
58200;Καισαριανά,τα;0.92;1;1
43060;Καλή Κώμη,η;0.92;1;1
43065;Καλή Κώμη,η;0.92;1;1
62055;Καλλιρρόη,η;0.92;1;1
61003;Καλλιρρόη,η;0.92;1;1
61100;Καλολίβαδον,το;0.92;1;1
35003;Καπνοχώριον,το;0.92;1;1
35016;Καπνοχώριον,το;0.92;1;1
51100;Καρπερόν,το;0.92;1;1
35008;Καρυά,η;0.92;1;1
68300;Καρωτή,η;0.92;1;1
69300;Κασσιτερά,τα;0.92;1;1
60300;Καστανέα,η;0.92;1;1
60061;Καστανέα,η;0.92;1;1
44002;Καστανή,η;0.92;1;1
44003;Κάτω Αετόπετρα,η;0.92;1;1
25001;Κάτω Ζαχλωρού,η;0.92;1;1
59150;Κάτω Κομνήνειον,το;0.92;1;1
36071;Κάτω Μαραθιά,η;0.92;1;1
44002;Κάτω Ραβένια,τα;0.92;1;1
44004;Κάτω Ραβένια,τα;0.92;1;1
34006;Κάτω Σέτα,η;0.92;1;1
47045;Κάτω Χώρα,η;0.92;1;1
63100;Κελλίον,το;0.92;1;1
37001;Κισσός,ο;0.92;1;1
37012;Κισσός,ο;0.92;1;1
33053;Κλήμα,το;0.92;1;1
45500;Κόντσικα,η;0.92;0;0
22300;Κουνουπιά,η;0.92;1;1
43060;Κρανιά,η;0.92;1;1
43065;Κρανιά,η;0.92;1;1
43060;Κρυοπηγή,η;0.92;1;1
45500;Κρυφοβόν,το;0.92;1;1
22010;Λαγκάδια,τα;0.92;1;1
22003;Λαγκάδια,τα;0.92;1;1
60150;Λαγόρραχη,η;0.92;1;1
61100;Λαοδικηνόν,το;0.92;1;1
25001;Λαπαναγοί,οι;0.92;1;1
25013;Λαπαναγοί,οι;0.92;1;1
30021;Λάπατο,το;0.92;1;1
58100;Λεπτοκαρυά,η;0.92;1;1
36072;Λημέριον,το;0.92;1;1
46300;Λια,η;0.92;1;1
46032;Λια,η;0.92;1;1
44003;Λιγοψά,η;0.92;1;1
48300;Λίππα,η;0.92;1;1
44009;Λίππα,η;0.92;1;1
45500;Λοφίσκος,ο;0.92;1;1
35010;Μακρυρράχη,η;0.92;1;1
25001;Μανέσιον,το;0.92;1;1
25013;Μανέσιον,το;0.92;1;1
68400;Μαυροκκλήσιον,το;0.92;1;1
47044;Μεγαλόχαρη,η;0.92;1;1
47047;Μεγαλόχαρη,η;0.92;1;1
20014;Μεσινόν,το;0.92;1;1
22012;Μεσορράχη,η;0.92;1;1
22013;Μεσορράχη,η;0.92;1;1
57200;Μικροκώμη,η;0.92;1;1
25001;Μικρός Ποντιάς,ο;0.92;1;1
25013;Μικρός Ποντιάς,ο;0.92;1;1
26500;Μοίρα,η;0.92;1;1
22002;Μονή Κανδήλας,η;0.92;1;1
22004;Μονή Κανδήλας,η;0.92;1;1
33056;Μονή Κοιμήσεως Θεοτόκου Βαρνακόβης,η;0.92;1;1
59150;Μονή Τιμίου Προδρόμου,η;0.92;1;1
23150;Μονή Φανερωμένης,η;0.92;1;1
20014;Μοσιά,η;0.92;1;1
35150;Μοσχοκαρυά,η;0.92;1;1
45500;Μπαουσιοί,οι;0.92;1;1
25001;Μπούμπουκας,ο;0.92;1;1
25013;Μπούμπουκας,ο;0.92;1;1
62055;Μυριόφυτον,το;0.92;1;1
61003;Μυριόφυτον,το;0.92;1;1
42032;Μυρόφυλλον,το;0.92;1;1
42033;Μυρόφυλλον,το;0.92;1;1
35010;Νέος Παλαμάς,ο;0.92;1;1
25001;Νεοχώριον,το;0.92;1;1
25013;Νεοχώριον,το;0.92;1;1
35003;Νικολίτσιον,το;0.92;1;1
35018;Νικολίτσιον,το;0.92;1;1
42200;Ξηρόκαμπος,ο;0.92;1;1
66150;Ξηροπόταμος,ο;0.92;1;1
37001;Ξορύχτιον,το;0.92;1;1
37012;Ξορύχτιον,το;0.92;1;1
35002;Ξυλικοί,οι;0.92;1;1
60300;Παλαιόστανη,η;0.92;1;1
60061;Παλαιόστανη,η;0.92;1;1
40200;Παλιάμπελα,τα;0.92;1;1
40005;Παλιάμπελα,τα;0.92;1;1
22015;Παραλογγοί,οι;0.92;1;1
25100;Παρασκευή,η;0.92;1;1
46200;Παρδαλίτσα,η;0.92;1;1
69150;Πατερμά,τα;0.92;1;1
68007;Πεντάλοφος,ο;0.92;1;1
43060;Περιβόλιον,το;0.92;1;1
43065;Περιβόλιον,το;0.92;1;1
68300;Πετράδες,οι;0.92;1;1
37300;Πινακάτες,οι;0.92;1;1
37010;Πινακάτες,οι;0.92;1;1
25004;Πλάκα,η;0.92;1;1
25012;Πλάκα,η;0.92;1;1
58200;Πλατάνη,η;0.92;1;1
59200;Πολλά Νερά,τα;0.92;1;1
23200;Πολυάραβος,ο;0.92;1;1
45500;Πολύλοφον,το;0.92;1;1
22001;Πραστός,ο;0.92;1;1
22006;Πραστός,ο;0.92;1;1
60150;Ράχη,η;0.92;1;1
68200;Ρίζια,τα;0.92;1;1
68014;Ρίζια,τα;0.92;1;1
47044;Ρισέσιον,το;0.92;1;1
47047;Ρισέσιον,το;0.92;1;1
22002;Σιμιάδες,οι;0.92;1;1
44200;Σιωλάδες,οι;0.92;1;1
36071;Σκαμνιά,η;0.92;1;1
25001;Σκεπαστόν,το;0.92;1;1
40003;Σκλήθρον,το;0.92;1;1
40200;Σκοπιά,η;0.92;1;1
25007;Σκοτάνη,η;0.92;1;1
61200;Στάθης,ο;0.92;1;1
61400;Στάθης,ο;0.92;1;1
45500;Σταυρός,ο;0.92;1;1
59035;Στενήμαχος,η;0.92;1;1
47045;Στενόν,το;0.92;1;1
44002;Στρατίνιστα,η;0.92;1;1
59031;Συκέα,η;0.92;1;1
25007;Τουρλάδα,η;0.92;1;1
59150;Τρίλοφον,το;0.92;1;1
60150;Τρίλοφος,ο;0.92;1;1
40200;Φλάμπουρον,το;0.92;1;1
47044;Φράξον,το;0.92;1;1
47047;Φράξον,το;0.92;1;1
66035;Χαλέπιον,το;0.92;1;1
61200;Χαμηλόν,το;0.92;1;1
61005;Χαμηλόν,το;0.92;1;1
66150;Χαμοκέρασα,τα;0.92;1;1
66037;Χαμοκέρασα,τα;0.92;1;1
45500;Ψήνα,η;0.92;1;1
45500;Αγία Τριάς,η (Τοπική Κοινότητα Μελιγγών);0.91;1;1
25004;Άγιοι Θεόδωροι,οι;0.91;1;1
27061;Άγιος Βλάσης,ο;0.91;1;1
36072;Άγιος Βλάσιος,ο;0.91;1;1
36070;Άγιος Βλάσιος,ο;0.91;1;1
28100;Άγιος Ελευθέριος,ο;0.91;1;1
45500;Άγιος Χριστόφορος,ο;0.91;1;1
40006;Αιγάνη,η;0.91;1;1
40007;Αιγάνη,η;0.91;1;1
30008;Αμπέλια,τα;0.91;1;1
47045;Αμπέλια,τα (Τ.Κ.Αθαμανίου);0.91;1;1
27061;Αμπελιώνα,η;0.91;1;1
44200;Ανάληψη,η;0.91;1;1
44003;Ανάργυροι,οι;0.91;1;1
64100;Αντιφίλιπποι,οι;0.91;1;1
24009;Άνω Βρομόβρυση,η;0.91;1;1
24007;Άνω Βρομόβρυση,η;0.91;1;1
36072;Άνω Ποταμιά,η;0.91;1;1
66150;Άνω Πυξάριον,το;0.91;1;1
66037;Άνω Πυξάριον,το;0.91;1;1
22007;Αράχοβα,η;0.91;1;1
43060;Αρπακιά,η;0.91;1;1
58400;Άψαλος,η;0.91;1;1
40200;Βαλανίδα,η;0.91;1;1
22012;Βαμβακού,η;0.91;1;1
23067;Βαμβακού,η;0.91;1;1
45500;Βαρλαάμ,το;0.91;1;1
22200;Βάστας,ο;0.91;1;1
22025;Βάστας,ο;0.91;1;1
46300;Βελεντζινά Μαλουνίου,τα;0.91;1;1
46033;Βελεντζινά Μαλουνίου,τα;0.91;1;1
36100;Βελωτά,τα;0.91;1;1
36074;Βελωτά,τα;0.91;1;1
44002;Βίκος,ο;0.91;1;1
44016;Βίκος,ο;0.91;1;1
20014;Βίλια,τα;0.91;1;1
23150;Βλαχοχώριον,το;0.91;1;1
22007;Βλόγγος,ο;0.91;1;1
42150;Γενέσιον,το;0.91;1;1
42032;Γκολφάριον,το;0.91;1;1
42033;Γκολφάριον,το;0.91;1;1
20200;Γονούσσα,η;0.91;1;1
20015;Γονούσσα,η;0.91;1;1
25001;Γουμένισσα,η;0.91;1;1
33057;Γραβιά,η;0.91;1;1
25004;Δεχουναίικα,τα;0.91;1;1
33053;Διακόπιον,το;0.91;1;1
44002;Διμοκόριον,το;0.91;1;1
64008;Δωμάτια,τα;0.91;1;1
33053;Δωρικόν,το;0.91;1;1
48300;Έλαφος,η;0.91;1;1
44009;Έλαφος,η;0.91;1;1
32001;Ευαγγελίστρια,η;0.91;1;1
61100;Ευκαρπία,η;0.91;1;1
48300;Ζωτικόν,το;0.91;1;1
44009;Ζωτικόν,το;0.91;1;1
62055;Θεοδώρειον,το;0.91;1;1
62053;Θεοδώρειον,το;0.91;1;1
20200;Θροφάριον,το;0.91;1;1
20015;Θροφάριον,το;0.91;1;1
35003;Ιερά Μονή Αγάθωνος,η;0.91;1;1
35016;Ιερά Μονή Αγάθωνος,η;0.91;1;1
62042;Ιερά Μονή Αγίας Κυριακής,η;0.91;1;1
62045;Ιερά Μονή Αγίας Κυριακής,η;0.91;1;1
30021;Κάμπος,ο;0.91;1;1
30021;Καραμαναίικα,τα;0.91;1;1
47044;Καστανιές,οι;0.91;1;1
47047;Καστανιές,οι;0.91;1;1
30150;Καστανούλα,η;0.91;1;1
60150;Κάτω Μηλιά,η;0.91;1;1
62055;Κάτω Πορόια,τα;0.91;1;1
68006;Κέραμος,ο;0.91;1;1
64100;Κηπία,τα;0.91;1;1
61100;Κιλκίς,το;0.91;0;1
61500;Κιλκίς,το;0.91;0;1
61600;Κιλκίς,το;0.91;0;1
61700;Κιλκίς,το;0.91;0;1
68006;Κόμαρα,τα;0.91;1;1
44100;Κόνιτσα,η;0.91;1;1
50150;Κουβούκλια,τα;0.91;1;1
44003;Κουρεμάδιον,το;0.91;1;1
44017;Κουρεμάδιον,το;0.91;1;1
57010;Κράνος,το;0.91;0;0
45500;Κωστάνιανη,η;0.91;1;1
68010;Λάδη,η;0.91;1;1
25001;Λαπάθεια,η;0.91;1;1
25013;Λαπάθεια,η;0.91;1;1
47043;Λεπιανά,τα;0.91;1;1
68200;Λεπτή,η;0.91;1;1
22200;Λεπτίνιον,το;0.91;1;1
22021;Λεπτίνιον,το;0.91;1;1
22002;Λίμνη,η;0.91;1;1
22017;Λίμνη,η;0.91;1;1
47044;Λιτέσιον,το;0.91;1;1
60150;Λόφος,ο;0.91;1;1
68400;Λυκόφως,το;0.91;1;1
25001;Μέγας Ποντιάς,ο;0.91;1;1
25013;Μέγας Ποντιάς,ο;0.91;1;1
50150;Μεσιανή,η;0.91;1;1
35003;Μεσοχώριον,το;0.91;1;1
35016;Μεσοχώριον,το;0.91;1;1
61100;Μεταξοχώριον,το;0.91;1;1
47045;Μηλότοπος,ο;0.91;1;1
36100;Μοναστηράκιον,το;0.91;1;1
68400;Μονή Κορνοφωλεάς,η;0.91;1;1
67150;Μονή Ταξιαρχών,η;0.91;1;1
45500;Μουζακαίοι,οι;0.91;0;0
33057;Μπράλος,ο;0.91;1;1
30022;Νεοχώριον,το;0.91;1;1
30025;Νεοχώριον,το;0.91;1;1
22300;Παλαιοχώρα,η;0.91;1;1
64100;Παναγιά,η;0.91;1;1
23150;Πενταυλοί,οι;0.91;1;1
23054;Πενταυλοί,οι;0.91;1;1
49081;Πέραμα,το;0.91;1;1
45500;Περάτης,ο;0.91;1;1
44002;Περιστέριον,το;0.91;1;1
47044;Πέτρα,η (Τ.Κ.Κλειδίου);0.91;1;1
47048;Πέτρα,η (Τ.Κ.Κλειδίου);0.91;1;1
68007;Πετρωτά,τα;0.91;1;1
35010;Πετρωτόν,το;0.91;1;1
58400;Πιπεριαί,αι;0.91;1;1
64008;Πλατανότοπος,ο;0.91;1;1
50400;Πολύφυτον,το;0.91;1;1
44001;Προσήλιον,το;0.91;1;1
45500;Προφήτης Ηλίας,ο;0.91;1;1
68300;Πύθιον,το;0.91;1;1
62041;Ροδολίβος,το;0.91;1;1
47045;Ρουπακιά,η;0.91;1;1
22002;Ρούσσης,ο;0.91;1;1
22150;Σάγκας,ο;0.91;1;1
22100;Σάγκας,ο;0.91;1;1
57012;Σαρακήνα,η;0.91;1;1
25006;Σελιάνα,η;0.91;1;1
25010;Σελιάνα,η;0.91;1;1
25004;Σέλλιον,το;0.91;1;1
68300;Σταθμός,ο;0.91;1;1
45500;Συνοικισμός Κόντσικας,ο;0.91;0;0
45500;Τέροβον,το;0.91;1;1
35015;Τιθορέα,η;0.91;1;1
35011;Τσούκκα,η;0.91;1;1
25001;Φλάμπουρα,τα;0.91;1;1
25013;Φλάμπουρα,τα;0.91;1;1
58400;Φούστανη,η;0.91;1;1
58003;Φούστανη,η;0.91;1;1
42032;Φτέρη,η;0.91;1;1
42033;Φτέρη,η;0.91;1;1
68006;Φυλάκιον,το;0.91;1;1
44002;Χαραυγή,η;0.91;1;1
68010;Αβδέλλα,η;0.90;1;1
22001;Άγιος Ιωάννης,ο;0.90;1;1
25007;Άγιος Νικόλαος,ο;0.90;1;1
25012;Άγιος Νικόλαος,ο;0.90;1;1
62055;Άγιος Χαράλαμπος,ο;0.90;1;1
61003;Άγιος Χαράλαμπος,ο;0.90;1;1
30008;Αετόπετρα,η;0.90;1;1
68010;Αλεποχώριον,το;0.90;1;1
62055;Αμάραντα,τα;0.90;1;1
61003;Αμάραντα,τα;0.90;1;1
31100;Αμμόκαμπος,ο;0.90;1;1
31080;Αμμόκαμπος,ο;0.90;1;1
45500;Αμπελεία,η;0.90;0;0
42200;Αμπέλια,τα;0.90;1;1
43060;Αμυγδαλή,η;0.90;1;1
50010;Ανατολή,η;0.90;1;1
45500;Ανατολική,η;0.90;0;0
62300;Άνω Βυρώνεια,η;0.90;1;1
62043;Άνω Βυρώνεια,η;0.90;1;1
43060;Αργύριον,το;0.90;1;1
43066;Αργύριον,το;0.90;1;1
64008;Αυλή,η;0.90;1;1
46300;Αχούρια Μαλουνίου,τα;0.90;1;1
46033;Αχούρια Μαλουνίου,τα;0.90;1;1
45500;Βαγενίτιον,το;0.90;1;1
43060;Βατσουνιά,η;0.90;1;1
47044;Βελεντζικόν,το;0.90;1;1
23150;Βέρια,τα;0.90;1;1
23064;Βέρια,τα;0.90;1;1
47044;Βρυσούλα,η;0.90;1;1
68500;Βρυσούλα,η;0.90;1;1
68013;Βρυσούλα,η;0.90;1;1
47047;Βρυσούλα,η;0.90;1;1
68006;Γαλήνη,η;0.90;1;1
45500;Γραμμένον,το;0.90;1;1
36071;Δάφνη,η;0.90;1;1
22007;Δημητσάνα,η;0.90;1;1
68007;Δίκαια,τα;0.90;1;1
35010;Δομοκός,ο;0.90;1;1
69150;Δρύμη,η;0.90;1;1
66035;Δρυμιά,η;0.90;1;1
35150;Δύο Βουνά,τα;0.90;1;1
61200;Ειρηνικόν,το;0.90;1;1
22012;Έλατος,ο;0.90;1;1
22013;Έλατος,ο;0.90;1;1
45500;Επισκοπικόν,το;0.90;1;1
61100;Ζαχαράτον,το;0.90;1;1
45500;Ζωοδόχος,η;0.90;1;1
69150;Ήφαιστος,ο;0.90;1;1
68300;Θυρέα,η;0.90;1;1
44003;Ιερομνήμη,η;0.90;1;1
36072;Ιτέα,η;0.90;1;1
68500;Ιτέα,η;0.90;1;1
69150;Ιτέα,η;0.90;1;1
68013;Ιτέα,η;0.90;1;1
36070;Ιτέα,η;0.90;1;1
27063;Καλύβια Αστρά,τα;0.90;1;1
45500;Καλύβια,τα;0.90;1;1
64008;Καραβαγγέλης,ο;0.90;1;1
45500;Καρυαί,αι;0.90;1;1
23200;Καστάνια,η;0.90;1;1
23061;Καστάνια,η;0.90;1;1
51100;Κατάκαλη,η;0.90;1;1
43150;Καταφύγιον,το;0.90;1;1
45500;Κάτω Μάρμαρα,τα;0.90;0;0
34005;Κερασέα,η;0.90;1;1
34010;Κερασέα,η;0.90;1;1
63087;Κερασιά,η - Άγιος Βασίλειος,ο (Ιερά Μονή Μεγίστης Λαύρας);0.90;1;1
46300;Κερασοχώριον,το;0.90;1;1
27063;Κερέσοβα,η;0.90;1;1
50010;Κήπος,ο;0.90;1;1
20200;Κιόνια,τα;0.90;1;1
20016;Κιόνια,τα;0.90;1;1
61100;Κορομηλέα,η;0.90;1;1
61002;Κορομηλέα,η;0.90;1;1
68300;Κουφόβουνον,το;0.90;1;1
27061;Κουφόπουλον,το;0.90;1;1
63080;Κρήνη,η;0.90;1;1
68006;Κυπρίνος,ο;0.90;1;1
27061;Κωτίλιον,το;0.90;1;1
25001;Λομποκάς,ο;0.90;1;1
25013;Λομποκάς,ο;0.90;1;1
43063;Λουτρά Σμοκόβου,τα;0.90;1;1
43068;Λουτρά Σμοκόβου,τα;0.90;1;1
25100;Μαμουσιά,η;0.90;1;1
59200;Μαρίνα,η;0.90;1;1
40100;Μέγα Ελευθεροχώριον,το;0.90;1;1
69150;Μελέτη,η;0.90;1;1
64008;Μελισσοκομείον,το;0.90;1;1
25001;Μενυχταίικα,τα;0.90;1;1
25013;Μενυχταίικα,τα;0.90;1;1
57012;Μεσόκωμο,το;0.90;1;1
33058;Μηλέα,η;0.90;1;1
68006;Μικρά Δοξιπάρα,η;0.90;1;1
66150;Μικρολιβάδιον,το;0.90;1;1
66037;Μικρολιβάδιον,το;0.90;1;1
34005;Μονή Οσίου Δαυίδ Γέροντος,η;0.90;1;1
22008;Μπουλιάρης,ο;0.90;1;1
42032;Μπουρνιάς,ο;0.90;1;1
42033;Μπουρνιάς,ο;0.90;1;1
35300;Μύλοι,οι;0.90;1;1
35013;Μύλοι,οι;0.90;1;1
62055;Νέον Μυριόφυτον,το;0.90;1;1
61003;Νέον Μυριόφυτον,το;0.90;1;1
22150;Νεστάνη,η;0.90;1;1
22005;Νεστάνη,η;0.90;1;1
46300;Ξέχωρον,το;0.90;1;1
30150;Ξηράκια,τα;0.90;1;1
35010;Ομβριακή,η;0.90;1;1
25001;Ορθολίθιον,το;0.90;1;1
25013;Ορθολίθιον,το;0.90;1;1
68007;Ορμένιον,το;0.90;1;1
25007;Παγκράτιον,το;0.90;1;1
30300;Παλαιόπυργος,ο;0.90;1;1
30026;Παλαιόπυργος,ο;0.90;1;1
36072;Παλαιοχώρι,το;0.90;1;1
36070;Παλαιοχώρι,το;0.90;1;1
47150;Παλαιοχώριον,το;0.90;1;1
47046;Παλαιοχώριον,το;0.90;1;1
30300;Παλιάμπελα,τα;0.90;1;1
66150;Παλιάμπελα,τα;0.90;1;1
30026;Παλιάμπελα,τα;0.90;1;1
66037;Παλιάμπελα,τα;0.90;1;1
45500;Πάτερον,το;0.90;1;1
44013;Πάτερον,το;0.90;1;1
27061;Πέτρα,η;0.90;1;1
47044;Πέτρου,ο;0.90;1;1
47047;Πέτρου,ο;0.90;1;1
25004;Πεύκον,το;0.90;1;1
66200;Πηγαί,αι;0.90;1;1
30017;Πιστιανά,τα;0.90;1;1
30018;Πιστιανά,τα;0.90;1;1
58200;Προάστιον,το;0.90;1;1
44003;Πρωτόπαππας,ο;0.90;1;1
43150;Ραχωβίτσα,η;0.90;1;1
30300;Ριγάνιον,το;0.90;1;1
50150;Ροδίτης,ο;0.90;1;1
81101;Σανατόριον,το;0.90;1;1
64008;Σιδηροχώριον,το;0.90;1;1
33053;Σκαλούλα,η;0.90;1;1
69300;Σκιάδα,η;0.90;1;1
50010;Σπάρτον,το;0.90;1;1
62055;Σταθμός Μουριών,ο;0.90;1;1
61003;Σταθμός Μουριών,ο;0.90;1;1
25001;Στάση Κερπινής,η;0.90;1;1
45500;Σταυράκιον,το;0.90;0;0
47045;Τερπνά,τα;0.90;1;1
30017;Τρίκλινον,το;0.90;1;1
51100;Τριφύλλιον,το;0.90;1;1
37001;Τσαγκαράδα,η;0.90;1;1
37012;Τσαγκαράδα,η;0.90;1;1
61300;Φιλυριά,η;0.90;1;1
46200;Φροσύνη,η;0.90;1;1
46031;Φροσύνη,η;0.90;1;1
30022;Χόμορη,η;0.90;1;1
22002;Χωτούσσα,η;0.90;1;1
22017;Χωτούσσα,η;0.90;1;1
22012;Ωριά ή Ωργιά,η;0.90;1;1
22013;Ωριά ή Ωργιά,η;0.90;1;1
20004;Αγγελόκαστρον,το;0.89;1;1
66200;Αγγίτης,ο;0.89;1;1
45500;Αγία Κυριακή,η;0.89;1;1
42032;Άγιος Δημήτριος,ο;0.89;1;1
44002;Άγιος Μηνάς,ο;0.89;1;1
44016;Άγιος Μηνάς,ο;0.89;1;1
35010;Άγιος Στέφανος,ο;0.89;1;1
66300;Αγορά,η;0.89;1;1
66032;Αγορά,η;0.89;1;1
69150;Αγροτικόν Ορφανοτροφείον,το;0.89;1;1
66035;Αηδονόκαστρον,το;0.89;1;1
62200;Αηδονοχώριον,το;0.89;1;1
62049;Αηδονοχώριον,το;0.89;1;1
69150;Αίγειρος,η;0.89;1;1
62055;Αλεξάνδρα,η;0.89;1;1
61003;Αλεξάνδρα,η;0.89;1;1
69150;Αμβροσία,η;0.89;1;1
68006;Αμμόβουνον,το;0.89;1;1
25006;Αμπελόκηποι,οι;0.89;1;1
25010;Αμπελόκηποι,οι;0.89;1;1
50010;Αμυγδαλέα,η;0.89;1;1
22200;Άνω Γιανναίοι,οι;0.89;1;1
22021;Άνω Γιανναίοι,οι;0.89;1;1
34600;Άνω Μίστρος,ο;0.89;1;1
34014;Άνω Μίστρος,ο;0.89;1;1
48062;Άνω Σκαφιδωτή,η;0.89;1;1
25004;Άνω Τριπόταμα,τα;0.89;1;1
25012;Άνω Τριπόταμα,τα;0.89;1;1
44002;Αργυροχώριον,το;0.89;1;1
68500;Αρδάνιον,το;0.89;1;1
22027;Ασέα,η;0.89;1;1
47044;Ασφακερόν,το;0.89;1;1
48300;Βάρδας,ο;0.89;1;1
44009;Βάρδας,ο;0.89;1;1
25100;Βερίνον,το;0.89;1;1
33100;Βίνιανη,η;0.89;1;1
68300;Βρυσικά,τα;0.89;1;1
69200;Γαλήνη,η;0.89;1;1
48200;Γεροπλάτανος,ο;0.89;1;1
26500;Γκοτσαίικα,τα;0.89;1;1
48200;Γκούρα,η;0.89;1;1
25100;Γκραίκας,ο;0.89;1;1
66200;Γραμμένη,η;0.89;1;1
51100;Δήμητρα,η;0.89;1;1
42200;Διάβα,η;0.89;1;1
22002;Διακόπιον,το;0.89;1;1
22017;Διακόπιον,το;0.89;1;1
62055;Δροσάτον,το;0.89;1;1
61003;Δροσάτον,το;0.89;1;1
20009;Εβροστίνα,η;0.89;1;1
64200;Εκάλη,η;0.89;1;1
44003;Ζίτσα,η;0.89;1;1
68006;Θεραπειό,το;0.89;1;1
43063;Θέρμα,τα;0.89;1;1
43068;Θέρμα,τα;0.89;1;1
25001;Καλάβρυτα,τα;0.89;1;1
66150;Καλλίφυτος,η;0.89;1;1
44100;Καλόβρυση,η;0.89;1;1
22012;Κάνδαλος,ο;0.89;1;1
66035;Καπνόφυτον,το;0.89;1;1
22012;Καράτουλας,ο;0.89;1;1
22013;Καράτουλας,ο;0.89;1;1
22012;Καρυαί,αι;0.89;1;1
23067;Καρυαί,αι;0.89;1;1
33057;Καστέλλια,τα;0.89;1;1
30300;Καταφύγιον,το;0.89;1;1
48300;Κάτω Λίππα,η;0.89;1;1
44009;Κάτω Λίππα,η;0.89;1;1
62500;Κάτω Μετόχιον,το;0.89;1;1
25003;Κερνίτσα,η;0.89;1;1
68500;Κήποι,οι;0.89;1;1
68013;Κήποι,οι;0.89;1;1
66200;Κοκκινόγεια,τα;0.89;1;1
34200;Κοκκινομηλέα,η;0.89;1;1
33056;Κόκκινον,το;0.89;1;1
33062;Κόκκινον,το;0.89;1;1
60300;Κολινδρός,ο;0.89;1;1
60061;Κολινδρός,ο;0.89;1;1
69100;Κομοτηνή,η;0.89;0;0
69101;Κομοτηνή,η;0.89;0;0
69110;Κομοτηνή,η;0.89;0;0
69131;Κομοτηνή,η;0.89;0;0
69132;Κομοτηνή,η;0.89;0;0
69133;Κομοτηνή,η;0.89;0;0
50010;Κοντοβούνιον,το;0.89;1;1
62047;Κορμίστα,η;0.89;1;1
67200;Κοσμητή,η;0.89;1;1
24011;Κούβελας,ο;0.89;1;1
24018;Κούβελας,ο;0.89;1;1
48200;Κουκλέσιον,το;0.89;1;1
46200;Κουκουλιοί,οι;0.89;1;1
46031;Κουκουλιοί,οι;0.89;1;1
58400;Κρανέα,η;0.89;1;1
22002;Κώμη,η;0.89;1;1
22017;Κώμη,η;0.89;1;1
25008;Λεόντιον,το;0.89;1;1
36072;Λεπιανά,τα;0.89;1;1
36070;Λεπιανά,τα;0.89;1;1
40200;Λεύκη,η;0.89;1;1
59150;Λιανοβρόχι,το;0.89;1;1
20014;Λούζιον,το;0.89;1;1
22007;Λυκούρεσης,ο;0.89;1;1
22028;Λυκούρεσης,ο;0.89;1;1
22200;Λυκόχια,τα;0.89;1;1
22022;Λυκόχια,τα;0.89;1;1
22012;Μεγάλη Βρύση,η;0.89;1;1
23067;Μεγάλη Βρύση,η;0.89;1;1
35010;Μελιταία,η;0.89;1;1
35009;Μενδενίτσα,η;0.89;1;1
22150;Μερκοβούνιον,το;0.89;1;1
22100;Μερκοβούνιον,το;0.89;1;1
64100;Μεσιά,η;0.89;1;1
69150;Μεσοχώριον,το;0.89;1;1
40003;Μεταξοχώριον,το;0.89;1;1
61200;Μικρόν Δάσος,το;0.89;1;1
27054;Μίνθη,η;0.89;1;1
51200;Μονή Αγίου Νικάνορος,η;0.89;1;1
22007;Μονή Αιμυαλών ή Φιλοσόφου,η;0.89;1;1
68400;Μονή Δαδιάς,η;0.89;1;1
43150;Μοσχάτον,το;0.89;1;1
58500;Νέα Ζωή,η;0.89;1;1
50500;Νέα Καστανιά,η;0.89;1;1
45500;Νεοχωρόπουλον,το;0.89;0;0
66150;Νικηφόρος,ο;0.89;1;1
66037;Νικηφόρος,ο;0.89;1;1
61100;Ξηρόβρυση,η;0.89;1;1
45500;Ολυμπιάδα,η;0.89;0;0
25004;Παλαιός Πάος,ο;0.89;1;1
47043;Παλαιοχώριον,το;0.89;1;1
40200;Παλιάσκια,τα;0.89;1;1
40005;Παλιάσκια,τα;0.89;1;1
51200;Παλιουριά,η;0.89;1;1
68007;Πάλλη,η;0.89;1;1
68500;Πέπλος,ο;0.89;1;1
68013;Πέπλος,ο;0.89;1;1
35010;Περιβόλιον,το;0.89;1;1
61100;Περιστέριον,το;0.89;1;1
22012;Πηγαδάκια,τα;0.89;1;1
22016;Πηγαδάκια,τα;0.89;1;1
47150;Πιστιανά,τα;0.89;1;1
47046;Πιστιανά,τα;0.89;1;1
61100;Πλαγιά,η;0.89;1;1
61002;Πλαγιά,η;0.89;1;1
69200;Πολύανθον,το;0.89;1;1
42032;Πολυθέα,η;0.89;1;1
37001;Πουρίον,το;0.89;1;1
62047;Πρώτη,η;0.89;1;1
43060;Πτελέα,η;0.89;1;1
43065;Πτελέα,η;0.89;1;1
50010;Πύργος,ο;0.89;1;1
45500;Ράχη,η;0.89;1;1
46200;Σαλονίκη,η;0.89;1;1
22150;Σανατόριον Μάκρης,το;0.89;1;1
40003;Σκήτη,η;0.89;1;1
22150;Σκοπή,η;0.89;1;1
22100;Σκοπή,η;0.89;1;1
20200;Σούλιον,το;0.89;1;1
20015;Σούλιον,το;0.89;1;1
23150;Σπαρτιά,η;0.89;1;1
23054;Σπαρτιά,η;0.89;1;1
68007;Σπήλαιον,το;0.89;1;1
68200;Στέρνα,η;0.89;1;1
20200;Στύλια,τα;0.89;1;1
20017;Στύλια,τα;0.89;1;1
69150;Σχολή Αστυνομίας,η;0.89;1;1
58400;Σωσάνδρα,η;0.89;1;1
62200;Τριανταφυλλιά,η;0.89;1;1
62400;Τριάς,η;0.89;1;1
62054;Τριάς,η;0.89;1;1
58400;Τσάκοι,οι;0.89;1;1
69150;Υφανταί,οι;0.89;1;1
45500;Φιλοθέη,η;0.89;0;0
69150;Φοιτητικές Εστίες Δ.Π.Θ.;0.89;1;1
35003;Χάνια Καμπιών,τα;0.89;1;1
44003;Χρυσορράχη,η;0.89;1;1
44002;Ψηλόκαστρον,το;0.89;1;1
67200;Άγιος Αθανάσιος,ο;0.88;1;1
42200;Άγιος Δημήτριος,ο;0.88;1;1
22010;Άγιος Νικόλαος,ο;0.88;1;1
22003;Άγιος Νικόλαος,ο;0.88;1;1
62300;Ακριτοχώριον,το;0.88;1;1
62043;Ακριτοχώριον,το;0.88;1;1
67150;Αλκυόνη,η;0.88;1;1
69150;Αμάραντα,τα;0.88;1;1
40200;Αμπέλια,τα;0.88;1;1
46300;Αναβρυτόν,το;0.88;1;1
46033;Αναβρυτόν,το;0.88;1;1
36071;Ανατολική Φραγκίστα,η;0.88;1;1
27061;Ανδρίτσαινα,η;0.88;1;1
30300;Ανθόφυτον,το;0.88;1;1
69150;Ανθοχώριον,το;0.88;1;1
47043;Άνω Γραικικόν,το;0.88;1;1
25007;Άνω Κλειτορία,η;0.88;1;1
45500;Άνω Μουσιωτίτσα,η;0.88;1;1
67150;Άνω Πολύσιτον,το;0.88;1;1
25008;Άνω Χρυσοπηγή,η;0.88;1;1
69150;Άρατος,ο;0.88;1;1
69150;Αρχοντικά,τα;0.88;1;1
59150;Ασώματα,τα;0.88;1;1
67150;Αυξεντίου,ο;0.88;1;1
69150;Βάκος,ο;0.88;1;1
27063;Βασιλική,η;0.88;1;1
25012;Βασιλική,η;0.88;1;1
67064;Βαφαίικα,τα;0.88;1;1
44003;Βλαχάτανον,το;0.88;1;1
58400;Βορεινόν,το;0.88;1;1
47044;Βουτανιάδα,η;0.88;1;1
47047;Βουτανιάδα,η;0.88;1;1
69150;Βραγιά,η;0.88;1;1
44003;Γαβρισιοί,οι;0.88;1;1
67064;Γενισέα,η;0.88;1;1
47045;Γιαννίτσιον,το;0.88;1;1
67200;Γκιζέλα,η;0.88;1;1
45500;Γουλάς,ο;0.88;0;0
64200;Γραβούνα,η;0.88;1;1
36072;Γρανίτσα,η;0.88;1;1
67150;Γρήγορον,το;0.88;1;1
68007;Δίλοφος,ο;0.88;1;1
67150;Διομήδεια,η;0.88;1;1
68500;Δορίσκος,ο;0.88;1;1
37300;Δράκεια,η;0.88;1;1
45500;Δροσοχώριον,το;0.88;0;0
22200;Δυρράχιον,το;0.88;1;1
22021;Δυρράχιον,το;0.88;1;1
57200;Εξαμίλιον,το;0.88;1;1
57012;Ζαγκλιβέριον,το;0.88;1;1
45500;Ηλιόκαλη,η;0.88;0;0
62047;Ηλιοκώμη,η;0.88;1;1
67200;Θαλασσιά,η;0.88;1;1
69150;Ιάμπολις,η;0.88;1;1
35015;Ιερά Μονή Αγίας Μαρίνας,η;0.88;1;1
69150;Ίσαλον,το;0.88;1;1
69150;Καλαμόκαστρον,το;0.88;1;1
57012;Καλαμωτόν,το;0.88;1;1
69150;Καλλιθέα,η;0.88;1;1
40006;Καρίτσα,η;0.88;1;1
40007;Καρίτσα,η;0.88;1;1
66035;Καρποφόρον,το;0.88;1;1
20200;Καρτέριον,το;0.88;1;1
20016;Καρτέριον,το;0.88;1;1
30011;Κλήμα,το;0.88;1;1
22015;Κοντοβάζαινα,η;0.88;1;1
59035;Κοπανός,ο;0.88;1;1
40006;Κόρδεσι,το;0.88;1;1
40004;Κόρδεσι,το;0.88;1;1
23052;Κρεμαστή,η;0.88;1;1
67200;Κρεμαστή,η;0.88;1;1
23060;Κρεμαστή,η;0.88;1;1
64003;Κρυονέριον,το;0.88;1;1
47043;Κτιστάδες,οι;0.88;1;1
47044;Λαγκάδα,η;0.88;1;1
47047;Λαγκάδα,η;0.88;1;1
42150;Λαγκαδιά,η;0.88;1;1
59035;Λευκάδια,τα;0.88;1;1
33053;Λευκαδίτιον,το;0.88;1;1
58500;Λουτροχώριον,το;0.88;1;1
67150;Μαγικόν,το;0.88;1;1
22150;Μάκρη,η;0.88;1;1
22100;Μάκρη,η;0.88;1;1
66150;Μαρμαριά,η;0.88;1;1
66037;Μαρμαριά,η;0.88;1;1
69150;Μέγα Κρανοβούνιον,το;0.88;1;1
57200;Μελισσοχώριον,το;0.88;0;0
57018;Μελισσοχώριον,το;0.88;0;0
69150;Μεσσούνη,η;0.88;1;1
61200;Μεταμόρφωσις,η;0.88;1;1
68006;Μηλέα,η;0.88;1;1
69150;Μικρόν Κρανοβούνιον,το;0.88;1;1
62041;Μικρόν Σούλιον,το;0.88;1;1
68500;Μοναστηράκιον,το;0.88;1;1
62055;Μουριαί,αι;0.88;1;1
61003;Μουριαί,αι;0.88;1;1
20500;Μποζικάς,ο;0.88;1;1
22012;Μπουζαναίικα,τα;0.88;1;1
25100;Μυρόβρυση,η;0.88;1;1
69200;Μωσαϊκόν,το;0.88;1;1
42200;Νέα Ζωή,η;0.88;1;1
50500;Νέα Λάβα,η;0.88;1;1
27061;Νέδα,η;0.88;1;1
62055;Οδηγήτρια,η;0.88;1;1
62053;Οδηγήτρια,η;0.88;1;1
67200;Όλβιον,το;0.88;1;1
69150;Παγούρια,τα;0.88;1;1
24500;Παλαιά Βρύση,η;0.88;1;1
43060;Παλαιόδενδρος,ο;0.88;1;1
43065;Παλαιόδενδρος,ο;0.88;1;1
67150;Παλαιόν Κατράμιον,το;0.88;1;1
67200;Παλαιόν Όλβιον,το;0.88;1;1
22002;Παλαιόπυργος,ο;0.88;1;1
69150;Πάμφορον,το;0.88;1;1
51200;Παναγία,η;0.88;1;1
69150;Παραδημή,η;0.88;1;1
62055;Παραπόταμος,ο;0.88;1;1
62053;Παραπόταμος,ο;0.88;1;1
36100;Παρηγόρης,ο;0.88;1;1
36074;Παρηγόρης,ο;0.88;1;1
47045;Πέρα Νεβρόπολις,η;0.88;1;1
27061;Πέρα Ρούγα,η;0.88;1;1
22008;Περδικονέριον,το;0.88;1;1
35003;Περιβόλιον,το;0.88;1;1
22015;Πέτας,ο;0.88;1;1
43060;Πετρωτόν,το;0.88;1;1
43065;Πετρωτόν,το;0.88;1;1
61200;Πευκοδάσος,το;0.88;1;1
67150;Πηγάδια,τα;0.88;1;1
45500;Πλαίσια,τα;0.88;1;1
44013;Πλαίσια,τα;0.88;1;1
25007;Πλανητέρον,το;0.88;1;1
45500;Πολύγυρος,ο;0.88;1;1
67064;Πολύσιτος,ο;0.88;1;1
68500;Πόρος,ο;0.88;1;1
38500;Πορταριά,η;0.88;1;1
37011;Πορταριά,η;0.88;1;1
58200;Ριζάριον,το;0.88;1;1
48300;Ρωμανός,ο;0.88;1;1
44009;Ρωμανός,ο;0.88;1;1
50500;Σέρβια,τα;0.88;1;1
48061;Σκιαδάς,ο;0.88;1;1
23150;Σουστιάνοι,οι;0.88;1;1
25015;Σπαρτιά,η;0.88;1;1
47044;Σταυροβρύση,η;0.88;1;1
47047;Σταυροβρύση,η;0.88;1;1
62055;Σταυροδρόμιον,το;0.88;1;1
50010;Σταυρωτή,η;0.88;1;1
57012;Στίβος,ο;0.88;1;1
57020;Στίβος,ο;0.88;1;1
24009;Συρρόκα,η;0.88;1;1
33056;Τείχιον,το;0.88;1;1
33060;Τείχιον,το;0.88;1;1
47045;Τελήσιον,το (Τ.Κ.Αθαμανίου);0.88;1;1
66035;Τέμενος,το;0.88;1;1
61100;Τέρπυλλος,η;0.88;1;1
68500;Τριφύλλιον,το;0.88;1;1
68013;Τριφύλλιον,το;0.88;1;1
62300;Φαιά Πέτρα,η;0.88;1;1
67150;Φελώνη,η;0.88;1;1
68500;Φέραι,αι;0.88;1;1
69150;Φύλακας,ο;0.88;1;1
68006;Χανδράς,ο;0.88;1;1
45500;Χιονιάσα,η;0.88;0;0
61100;Χρυσόπετρα,η;0.88;1;1
56001;Ωραιόκαστρον,το;0.88;0;0
57013;Ωραιόκαστρον,το;0.88;0;0
58400;Αγάθη,η;0.87;1;1
30010;Αγία Βαρβάρα,η (Τοπική Κοινότητα Αγίας Βαρβάρας);0.87;1;1
61100;Αγία Κυριακή,η;0.87;1;1
61002;Αγία Κυριακή,η;0.87;1;1
25004;Άγιος Γεώργιος,ο;0.87;1;1
35010;Άγιος Γεώργιος,ο;0.87;1;1
35011;Άγιος Γεώργιος,ο;0.87;1;1
35017;Άγιος Γεώργιος,ο;0.87;1;1
37300;Άγιος Λαυρέντιος,ο;0.87;1;1
59150;Άγιος Νικόλαος,ο;0.87;1;1
62042;Άγιος Χριστόφορος,ο;0.87;1;1
62050;Άγιος Χριστόφορος,ο;0.87;1;1
62300;Άγκιστρον,το;0.87;1;1
40200;Αετορράχη,η;0.87;1;1
67150;Άκαρπον,το;0.87;1;1
22200;Άκοβος,ο;0.87;1;1
22021;Άκοβος,ο;0.87;1;1
61100;Ακροποταμιά,η;0.87;1;1
68200;Αμπελάκια,τα;0.87;1;1
35002;Αμφίκλεια,η;0.87;1;1
58400;Αριδαία,η;0.87;1;1
69300;Αρίσβη,η;0.87;1;1
22150;Αρτεμίσιον,το;0.87;1;1
22100;Αρτεμίσιον,το;0.87;1;1
25001;Αυλών,ο;0.87;1;1
48300;Αχλαδέαι,αι;0.87;1;1
44009;Αχλαδέαι,αι;0.87;1;1
67150;Βανιάνον,το;0.87;1;1
67150;Βελοχώριον,το;0.87;1;1
67061;Βελοχώριον,το;0.87;1;1
44003;Βερενίκη,η;0.87;1;1
44017;Βερενίκη,η;0.87;1;1
59100;Βέροια,η;0.87;0;0
59101;Βέροια,η;0.87;0;0
59110;Βέροια,η;0.87;0;0
59131;Βέροια,η;0.87;0;0
59132;Βέροια,η;0.87;0;0
45500;Βουνοπλαγιά,η;0.87;1;1
43060;Βραγκιανά,τα;0.87;1;1
43066;Βραγκιανά,τα;0.87;1;1
21250;Βρούστιον,το;0.87;1;1
37300;Βυζίτσα,η;0.87;1;1
37010;Βυζίτσα,η;0.87;1;1
68500;Γεμιστή,η;0.87;1;1
68013;Γεμιστή,η;0.87;1;1
47043;Γραβιά,η;0.87;1;1
68400;Δαδιά,η;0.87;1;1
58100;Δαμιανόν,το;0.87;1;1
22002;Δάρας,ο;0.87;1;1
22017;Δάρας,ο;0.87;1;1
62042;Δαφνούδιον,το;0.87;1;1
62050;Δαφνούδιον,το;0.87;1;1
47150;Δαφνωτή,η;0.87;1;1
47046;Δαφνωτή,η;0.87;1;1
25008;Δεμέστιχα,τα;0.87;1;1
69200;Διαλαμπή,η;0.87;1;1
61100;Διπόταμος,ο;0.87;1;1
61200;Δογάνης,ο;0.87;1;1
61005;Δογάνης,ο;0.87;1;1
62055;Δοϊράνη,η;0.87;1;1
61003;Δοϊράνη,η;0.87;1;1
22027;Δόριζας,ο;0.87;1;1
22002;Δρακοβούνιον,το;0.87;1;1
35002;Δρυμαία,η;0.87;1;1
34005;Δρυμώνα,η;0.87;1;1
36100;Δυτικόν Παππαρούσιον,το;0.87;1;1
58400;Δωροθέα,η;0.87;1;1
67200;Εξοχή,η;0.87;1;1
62200;Ζερβοχώριον,το;0.87;1;1
61100;Ηλιόφωτον,το;0.87;1;1
61002;Ηλιόφωτον,το;0.87;1;1
69200;Ίασμος,ο;0.87;1;1
22200;Ίσαρης,ο;0.87;1;1
22025;Ίσαρης,ο;0.87;1;1
36100;Ισώματα,τα;0.87;1;1
36074;Ισώματα,τα;0.87;1;1
67062;Ιωνικόν,το;0.87;1;1
50010;Καισάρεια,η;0.87;1;1
69150;Καλλίστη,η;0.87;1;1
62400;Καλόκαστρον,το;0.87;1;1
62054;Καλόκαστρον,το;0.87;1;1
63086;Καρυαί,αι;0.87;1;1
22200;Καστανοχώριον,το;0.87;1;1
22025;Καστανοχώριον,το;0.87;1;1
48300;Κάτω Ζωτικόν,το;0.87;1;1
44009;Κάτω Ζωτικόν,το;0.87;1;1
43060;Κελλάρια,τα;0.87;1;1
43066;Κελλάρια,τα;0.87;1;1
46300;Κεραμίτσα,η;0.87;1;1
46033;Κεραμίτσα,η;0.87;1;1
40200;Κεφαλόβρυσον,το;0.87;1;1
69150;Κηκίδιον,το;0.87;1;1
69300;Κίρκη,ο;0.87;1;1
64008;Κοκκινοχώριον,το;0.87;1;1
69200;Κοπτερόν,το;0.87;1;1
20400;Κορφιώτισσα,η;0.87;1;1
20013;Κορφιώτισσα,η;0.87;1;1
69150;Κόσμιον,το;0.87;1;1
47043;Κουκκούλια,τα;0.87;1;1
44002;Κουκλιοί,οι;0.87;1;1
44004;Κουκλιοί,οι;0.87;1;1
45500;Κουλουραίικα,τα;0.87;1;1
25004;Κρήνη,η;0.87;1;1
64200;Κρήνη,η;0.87;1;1
66035;Κρήνη,η;0.87;1;1
61100;Κρηστώνη,η;0.87;1;1
57200;Κριθιά,η;0.87;1;1
68007;Κριός,ο;0.87;1;1
45500;Κρύα,η;0.87;0;0
26500;Κρυσταλλόβρυση,η;0.87;1;1
45500;Κυπαρίσσια,τα;0.87;0;0
25008;Λακκώματα,τα;0.87;1;1
67150;Λαμπρινόν,το;0.87;1;1
35010;Λεύκα,η;0.87;1;1
67150;Λεύκη,η;0.87;1;1
35010;Λουτρά Καΐτσης,τα;0.87;1;1
69300;Λοφάριον,το;0.87;1;1
25007;Λυκουρία,η;0.87;1;1
33053;Μαλανδρίνον,το;0.87;1;1
45500;Μέγα Γαρδίκιον,το;0.87;1;1
69150;Μέγα Δουκάτον,το;0.87;1;1
66035;Μεσοχώριον,το;0.87;1;1
47044;Μηλιανά,τα;0.87;1;1
47047;Μηλιανά,τα;0.87;1;1
68004;Μικρόν Δέρειον,το;0.87;1;1
68005;Μικρόν Δέρειον,το;0.87;1;1
69150;Μικρόν Παλλάδιον,το;0.87;1;1
47043;Μικροσπηλιά,η;0.87;1;1
22200;Μονή Αμπελάκη,η;0.87;1;1
22021;Μονή Αμπελάκη,η;0.87;1;1
32001;Μονή Ευαγγελιστρίας,η;0.87;1;1
60150;Μοσχοχώριον,το;0.87;1;1
57011;Μπαλαίικα,τα;0.87;1;1
30021;Μπόκρη,η;0.87;1;1
22012;Νέα Χώρα,η;0.87;1;1
22013;Νέα Χώρα,η;0.87;1;1
20400;Νέαι Βρυσούλαι,αι;0.87;1;1
20013;Νέαι Βρυσούλαι,αι;0.87;1;1
45500;Νέον Μπιζάνιον,το;0.87;0;0
69150;Νέον Σιδηροχώριον,το;0.87;1;1
64200;Νέος Ξεριάς,ο;0.87;1;1
58400;Νεοχώριον,το;0.87;1;1
58400;Νερόμυλοι,οι;0.87;1;1
58003;Νερόμυλοι,οι;0.87;1;1
30017;Ξηράκια,τα;0.87;1;1
35010;Ξυνιάς,η;0.87;1;1
62200;Ορέσκεια,η;0.87;1;1
67150;Παλαιός Ζυγός,ο;0.87;1;1
68010;Παλιούριον,το;0.87;1;1
69150;Παλλάδιον,το;0.87;1;1
55200;Πανόραμα,το;0.87;0;0
55201;Πανόραμα,το;0.87;0;0
55210;Πανόραμα,το;0.87;0;0
55236;Πανόραμα,το;0.87;0;0
22150;Παρόριον,το;0.87;1;1
22100;Παρόριον,το;0.87;1;1
25100;Πελεκίστρα,η;0.87;1;1
45500;Περίβλεπτος,η;0.87;0;0
30010;Περιστέριον,το;0.87;1;1
35003;Περιστέριον,το;0.87;1;1
35016;Περιστέριον,το;0.87;1;1
67150;Πετεινός,ο;0.87;1;1
46200;Πετούσιον,το;0.87;1;1
63080;Πετράλωνα,τα;0.87;1;1
57010;Πεύκα,τα;0.87;0;0
24022;Πηγάδια,τα;0.87;1;1
24016;Πηγάδια,τα;0.87;1;1
23051;Πηγάδιον,το;0.87;1;1
22020;Πηγάδιον,το;0.87;1;1
23150;Πικουλιάνικα,τα;0.87;1;1
26500;Πιτίτσα,η;0.87;1;1
26504;Πιτίτσα,η;0.87;1;1
50500;Πλατανόρρευμα,το;0.87;1;1
67200;Ποίμνη,η;0.87;1;1
44003;Πολύδροσον,το;0.87;1;1
43150;Πορτίτσα,η;0.87;1;1
58400;Πρόδρομος,ο;0.87;1;1
58003;Πρόδρομος,ο;0.87;1;1
66200;Προσοτσάνη,η;0.87;1;1
69300;Πρωτάτον,το;0.87;1;1
61100;Πυργωτός,ο;0.87;1;1
46300;Ριζόν,το;0.87;1;1
27061;Ρόβια,τα;0.87;1;1
45500;Ροδοτόπιον,το;0.87;1;1
73004;Σελινιώτικος Γύρος,ο;0.87;1;1
25006;Σινεβρόν,το;0.87;1;1
25010;Σινεβρόν,το;0.87;1;1
68300;Σιταριά,η;0.87;1;1
30021;Σκαλιτίνα,η;0.87;1;1
59035;Σταθμός,ο;0.87;1;1
66035;Στέρνα,η;0.87;1;1
67064;Συδινή,η;0.87;1;1
62300;Σχιστόλιθος,ο;0.87;1;1
68500;Ταύρη,η;0.87;1;1
68013;Ταύρη,η;0.87;1;1
43060;Τρίλοφον,το;0.87;1;1
43065;Τρίλοφον,το;0.87;1;1
30300;Φαμίλα,η;0.87;1;1
30026;Φαμίλα,η;0.87;1;1
47044;Φισοτά,τα;0.87;1;1
68006;Χελιδών,η;0.87;1;1
64100;Χορτοκόπιον,το;0.87;1;1
30023;Χρίσοβον,το;0.87;1;1
30024;Χρίσοβον,το;0.87;1;1
64200;Χρυσούπολις,η;0.87;1;1
22007;Ψάριον,το;0.87;1;1
22028;Ψάριον,το;0.87;1;1
45500;Αβγόν,το;0.86;1;1
45500;Άγιοι Απόστολοι,οι;0.86;0;0
69150;Άγιοι Θεόδωροι,οι;0.86;1;1
42032;Άγιος Ιωάννης,ο;0.86;1;1
42032;Άγιος Κωνσταντίνος,ο;0.86;1;1
47043;Άγναντα,τα;0.86;1;1
41500;Αγναντερή,η;0.86;1;1
57100;Αγροσυκέα,η;0.86;1;1
69150;Αδριανή,η;0.86;1;1
44100;Αετοπέτρα,η;0.86;1;1
64008;Ακροπόταμος,ο;0.86;1;1
69200;Αμαξάδες,οι;0.86;1;1
58100;Αμπελείαι,αι;0.86;1;1
69300;Αμφία,τα;0.86;1;1
35009;Ανάβρα,η;0.86;1;1
22027;Αραχαμίται,οι;0.86;1;1
61100;Αργυρούπολις,η;0.86;1;1
47045;Αριά,η;0.86;1;1
21250;Αρία,η;0.86;1;1
25007;Άρμπουνας,ο;0.86;1;1
47043;Άρτισσα,η;0.86;1;1
68300;Ασβεστάδες,οι;0.86;1;1
68010;Ασπρονέριον,το;0.86;1;1
57200;Άσσηρος,η;0.86;1;1
69300;Ατάρνη,η;0.86;1;1
30022;Αχλαδόκαστρον,το;0.86;1;1
57002;Βαϊοχώριον,το;0.86;1;1
46200;Βαλανιδιά,η;0.86;1;1
68006;Βάλτος,ο;0.86;1;1
57012;Βασιλούδιον,το;0.86;1;1
36071;Βίνιανη,η;0.86;1;1
22300;Βλησιδιά,η;0.86;1;1
33053;Βραΐλα,η;0.86;1;1
57021;Βρασνά,τα;0.86;1;1
30017;Βρουβιανά,τα;0.86;1;1
68010;Βρύση,η;0.86;1;1
68010;Γιατράδες,οι;0.86;1;1
61200;Γοργόπη,η;0.86;1;1
61400;Γοργόπη,η;0.86;1;1
45500;Γορίτσα,η;0.86;0;0
25004;Δάφνη,η;0.86;1;1
67200;Δέκαρχον,το;0.86;1;1
44003;Διχούνιον,το;0.86;1;1
44017;Διχούνιον,το;0.86;1;1
44002;Δολιανά,τα;0.86;1;1
44004;Δολιανά,τα;0.86;1;1
68010;Δόξα,η;0.86;1;1
31100;Εγκλουβή,η;0.86;1;1
31080;Εγκλουβή,η;0.86;1;1
61200;Ειδομένη,η;0.86;1;1
61005;Ειδομένη,η;0.86;1;1
40003;Έλαφος,η;0.86;1;1
23150;Επάνω Χώρα,η;0.86;1;1
23059;Επάνω Χώρα,η;0.86;1;1
59200;Επισκοπή,η;0.86;1;1
67200;Εύλαλον,το;0.86;1;1
68006;Ζώνη,η;0.86;1;1
22150;Θάνας,ο;0.86;1;1
22100;Θάνας,ο;0.86;1;1
64002;Θεολόγος,ο;0.86;1;1
64005;Θεολόγος,ο;0.86;1;1
25004;Θωμαίϊκα,τα;0.86;1;1
50150;Ίμερα,τα;0.86;1;1
25015;Καλέντζιον,το;0.86;1;1
36100;Καλεσμένον,το;0.86;1;1
40200;Καλύβια Αναλήψεως,τα;0.86;1;1
46300;Καμίτσανη,η;0.86;1;1
46032;Καμίτσανη,η;0.86;1;1
30014;Καρίτσα,η;0.86;1;1
38500;Κατωχώριον,το;0.86;1;1
37011;Κατωχώριον,το;0.86;1;1
26500;Κεφαλόβρυσον,το (Τοπική Κοινότητα Σουλίου);0.86;1;1
35010;Κορομηλέα,η;0.86;1;1
27054;Κοτρώνιον,το;0.86;1;1
60150;Κούκκος,ο;0.86;1;1
30010;Κρύον Νερόν,το;0.86;1;1
34200;Κρυονερίτης,ο;0.86;1;1
68400;Κυριακή,η;0.86;1;1
67200;Κύρνος,ο;0.86;1;1
68300;Λαγός,ο;0.86;1;1
57200;Λαγυνά,τα;0.86;1;1
72200;Λακούδια,τα;0.86;1;1
24500;Λαντζουνάτον,το;0.86;1;1
61100;Λειψύδριον,το;0.86;1;1
64004;Λεύκη,η;0.86;1;1
68003;Λευκίμμη,η;0.86;1;1
58500;Λιθαριά,η;0.86;1;1
62400;Λιθότοπος,ο;0.86;1;1
22150;Λουκάς,ο;0.86;1;1
22100;Λουκάς,ο;0.86;1;1
68150;Λουτρά Τραϊανουπόλεως,τα;0.86;1;1
68100;Λουτρά Τραϊανουπόλεως,τα;0.86;1;1
38500;Μακρινίτσα,η;0.86;1;1
37011;Μακρινίτσα,η;0.86;1;1
22027;Μάναρης,ο;0.86;1;1
43060;Μάραθος,ο;0.86;1;1
43066;Μάραθος,ο;0.86;1;1
33057;Μαριολάτα,η;0.86;1;1
69150;Μαυρομμάτιον,το;0.86;1;1
44002;Μαυρόπουλον,το;0.86;1;1
24150;Μαχαλάς,ο;0.86;1;1
24020;Μαχαλάς,ο;0.86;1;1
68006;Μεγάλη Δοξιπάρα,η;0.86;1;1
67064;Μέλισσα,η;0.86;1;1
67061;Μέλισσα,η;0.86;1;1
44100;Μελισσόπετρα,η;0.86;1;1
62042;Μεσορράχη,η;0.86;1;1
61100;Μεταλλικόν,το;0.86;1;1
68010;Μεταξάδες,οι;0.86;1;1
45500;Μικρό Γαρδίκι,το;0.86;1;1
69150;Μικρόν Δουκάτον,το;0.86;1;1
67200;Μικροχώριον,το;0.86;1;1
62055;Μοναστηράκιον,το;0.86;1;1
25100;Μονή Αγίας Ελεούσης,η;0.86;1;1
37100;Μονή Κοιμήσεως Θεοτόκου Ξενίας,η;0.86;1;1
48300;Μουκοβίνα,η;0.86;1;1
44009;Μουκοβίνα,η;0.86;1;1
42200;Μπάσια,η;0.86;1;1
69300;Μύστακας,ο;0.86;1;1
47045;Νεβρόπολις,η;0.86;1;1
24150;Νέδουσα,η;0.86;1;1
24020;Νέδουσα,η;0.86;1;1
62300;Νέον Πετρίτσιον,το;0.86;1;1
62043;Νέον Πετρίτσιον,το;0.86;1;1
67150;Νέος Ζυγός,ο;0.86;1;1
57012;Νικομηδινόν,το;0.86;1;1
57020;Νικομηδινόν,το;0.86;1;1
66035;Ξάγναντον,το;0.86;1;1
43060;Ξεράκια,τα;0.86;1;1
43066;Ξεράκια,τα;0.86;1;1
57011;Ξηροχώριον,το;0.86;1;1
67200;Ορφανόν,το;0.86;1;1
22002;Ορχομενός,ο;0.86;1;1
35003;Παλαιοβράχα,η;0.86;1;1
44003;Παλαιοχώρα,η;0.86;1;1
44017;Παλαιοχώρα,η;0.86;1;1
33057;Παλαιοχώριον,το;0.86;1;1
35010;Παναγία,η;0.86;1;1
64004;Παναγία,η;0.86;1;1
66150;Πανόραμα,το;0.86;1;1
20200;Παραδείσιον,το;0.86;1;1
20015;Παραδείσιον,το;0.86;1;1
22150;Παρθένιον,το;0.86;1;1
22100;Παρθένιον,το;0.86;1;1
69300;Πάσσος,ο;0.86;1;1
68200;Παταγή,η;0.86;1;1
59150;Πατρίς,η;0.86;1;1
30150;Πεντάκορφον,το;0.86;1;1
45570;Πεντέλη,η;0.86;0;0
49081;Πετάλεια,η;0.86;1;1
26500;Πετρωτόν,το;0.86;1;1
66300;Πηγάδια,τα;0.86;1;1
66032;Πηγάδια,τα;0.86;1;1
47150;Πλατάνια,τα;0.86;1;1
47046;Πλατάνια,τα;0.86;1;1
58500;Πλεύρωμα,το;0.86;1;1
68300;Ποιμενικόν,το;0.86;1;1
61007;Πολύπετρον,το;0.86;1;1
61400;Πολύπετρον,το;0.86;1;1
24001;Ποταμιά,η;0.86;1;1
25004;Ποταμιά,η;0.86;1;1
45500;Ποταμιά,η;0.86;1;1
24600;Ποταμιά,η;0.86;1;1
42150;Πρόδρομος,ο;0.86;1;1
68007;Πτελέα,η;0.86;1;1
69150;Ρίζωμα,το;0.86;1;1
62055;Ροδόπολις,η;0.86;1;1
62053;Ροδόπολις,η;0.86;1;1
69150;Σάλπη,η;0.86;1;1
68010;Σαύρα,η;0.86;1;1
63200;Σήμαντρα,τα;0.86;1;1
45500;Σιούτσος,ο;0.86;1;1
68300;Σιτοχώριον,το;0.86;1;1
60063;Σκοτίνα,η;0.86;1;1
57012;Σπιτάκια,τα;0.86;1;1
57020;Σπιτάκια,τα;0.86;1;1
24011;Στάσιμον,το;0.86;1;1
24018;Στάσιμον,το;0.86;1;1
66150;Σταυρός,ο;0.86;1;1
69300;Στροφή,η;0.86;1;1
62400;Στρυμονικόν,το;0.86;1;1
62054;Στρυμονικόν,το;0.86;1;1
22200;Σύρνα,η;0.86;1;1
22022;Σύρνα,η;0.86;1;1
24011;Σύρριζον,το;0.86;1;1
24018;Σύρριζον,το;0.86;1;1
69200;Σώστης,ο;0.86;1;1
40003;Σωτηρίτσα,η;0.86;1;1
43060;Ταξιάρχης,ο;0.86;1;1
43066;Ταξιάρχης,ο;0.86;1;1
27056;Τριάντα,το;0.86;1;1
47044;Τσελιγγάδες,οι;0.86;1;1
47047;Τσελιγγάδες,οι;0.86;1;1
47150;Τσιαπαλαίικα,τα;0.86;1;1
47046;Τσιαπαλαίικα,τα;0.86;1;1
69300;Τσιφλίκιον,το;0.86;1;1
69150;Τυχηρόν,το;0.86;1;1
64003;Φίλιπποι,οι;0.86;1;1
20009;Χελυδόρεον,το;0.86;1;1
68010;Χιονάδες,αι;0.86;1;1
62200;Χουμνικόν,το;0.86;1;1
61100;Χωρύγιον,το;0.86;1;1
67200;Άβατον,το;0.85;1;1
25100;Αγία Άννα,η;0.85;1;1
42200;Αγία Παρασκευή,η;0.85;1;1
30150;Αγία Παρασκευή,η (Τ.Κ.Πεντακόρφου);0.85;1;1
40300;Αγία Τριάς,η;0.85;1;1
45500;Αγία Τριάς,η (Τοπική Κοινότητα Αγίας Τριάδος);0.85;1;1
24008;Άγιος Αθανάσιος,ο;0.85;1;1
47045;Άγιος Γεώργιος,ο;0.85;1;1
42033;Άγιος Γεώργιος,ο;0.85;1;1
63100;Άγιος Ιωάννης Πρόδρομος,ο;0.85;1;1
45500;Άγιος Ιωάννης,ο;0.85;1;1
45500;Άγιος Μηνάς,ο;0.85;1;1
22150;Αγιωργίτικα,τα;0.85;1;1
22100;Αγιωργίτικα,τα;0.85;1;1
47044;Αηδονιά,η;0.85;1;1
47047;Αηδονιά,η;0.85;1;1
30017;Αλευράδα,η;0.85;1;1
30018;Αλευράδα,η;0.85;1;1
34005;Αμέλανται,αι;0.85;1;1
34010;Αμέλανται,αι;0.85;1;1
37001;Ανήλιον,το;0.85;1;1
68150;Άνθεια,η;0.85;1;1
68100;Άνθεια,η;0.85;1;1
69200;Άνω Αμαξάδες,οι;0.85;1;1
33057;Άνω Μαριολάτα,η;0.85;1;1
61100;Άνω Ποταμιά,η;0.85;1;1
27063;Άνω Ψωφίς,η;0.85;1;1
25012;Άνω Ψωφίς,η;0.85;1;1
43150;Απιδέα,η;0.85;1;1
68150;Αρίστηνον,το;0.85;1;1
68100;Αρίστηνον,το;0.85;1;1
60150;Αρωνάς,ο;0.85;1;1
35011;Ασβέστιον,το;0.85;1;1
45500;Ασπρόχωμα,το;0.85;1;1
50500;Αυλαί,αι;0.85;1;1
50150;Αύρα,η;0.85;1;1
69300;Αύρα,η;0.85;1;1
35010;Αχλαδέα,η;0.85;1;1
22200;Βάγγος,ο;0.85;1;1
57014;Βαμβακιά,η;0.85;1;1
50400;Βελβεντός,ο;0.85;1;1
22012;Βουτούχος,ο;0.85;1;1
22011;Βουτούχος,ο;0.85;1;1
60150;Βροντού,η;0.85;1;1
40200;Γαλανόβρυση,η;0.85;1;1
48300;Γεωργάνοι,οι;0.85;1;1
44009;Γεωργάνοι,οι;0.85;1;1
67064;Γκιώνα,η;0.85;1;1
67061;Γκιώνα,η;0.85;1;1
62200;Δάφνη,η;0.85;1;1
20400;Δένδρον,το;0.85;1;1
40300;Δενδροχώριον,το;0.85;1;1
30022;Διασελλάκιον,το;0.85;1;1
40200;Δομένικον,το;0.85;1;1
54500;Δρυμός,ο;0.85;0;0
69150;Δύμη,η;0.85;1;1
45500;Ελεούσα,η;0.85;1;1
64100;Ελευθερούπολις,η;0.85;1;1
45500;Ελευθεροχώριον,το;0.85;1;1
45445;Εξοχή,η;0.85;0;0
43150;Ζωγρί,το;0.85;1;1
45500;Θεριακήσιον,το;0.85;1;1
62300;Θρακικόν,το;0.85;1;1
62043;Θρακικόν,το;0.85;1;1
69150;Θρυλόριον,το;0.85;1;1
68500;Καβησός,η;0.85;1;1
45500;Καλέντζιον,το;0.85;1;1
44013;Καλέντζιον,το;0.85;1;1
40300;Καλλιθέα,η;0.85;1;1
42200;Καλοχώριον,το;0.85;1;1
45500;Καραδήμας,ο;0.85;0;0
22002;Καρβούνιον,το;0.85;1;1
45580;Καρδαμίτσια,τα;0.85;0;0
44003;Καρίτσα,η;0.85;1;1
62200;Καστανοχώριον,το;0.85;1;1
45500;Καστρίτσα,η;0.85;0;0
66035;Κάτω Θόλος,ο;0.85;1;1
45500;Κάτω Μουσιωτίτσα,η;0.85;1;1
45500;Κάτω Νεοχωρόπουλο,το;0.85;0;0
61100;Κάτω Ποταμιά,η;0.85;1;1
25004;Κάτω Τριπόταμα,τα;0.85;1;1
25012;Κάτω Τριπόταμα,τα;0.85;1;1
22027;Κεραστάρης,ο;0.85;1;1
68500;Κοίλα,τα;0.85;1;1
22012;Κούβλης,ο;0.85;1;1
22013;Κούβλης,ο;0.85;1;1
22200;Κουρουνιός,ο;0.85;1;1
22022;Κουρουνιός,ο;0.85;1;1
45500;Κουτσελιόν,το;0.85;0;0
67064;Κουτσόν,το;0.85;1;1
43150;Κούτσουρον,το;0.85;1;1
48300;Κρανέα,η;0.85;1;1
57012;Κρήμνη,η;0.85;1;1
61100;Κυριακαίικα,τα;0.85;1;1
67200;Κυψέλη,η;0.85;1;1
61100;Λεβεντοχώριον,το;0.85;1;1
48300;Λεπάδιον,το;0.85;1;1
44009;Λεπάδιον,το;0.85;1;1
67150;Λευκόπετρα,η;0.85;1;1
54500;Λητή,η;0.85;0;0
62055;Λιβαδιά,η;0.85;1;1
27061;Λινίσταινα,η;0.85;1;1
42032;Λογγιές,οι (Τ.Κ.Ροποτού);0.85;1;1
37001;Μακρυρράχη,η;0.85;1;1
62300;Μανδράκιον,το;0.85;1;1
62043;Μανδράκιον,το;0.85;1;1
22012;Μανθυρέα,η;0.85;1;1
48200;Μαρκάται,οι;0.85;1;1
67150;Μέγα Τύμπανον,το;0.85;1;1
20200;Μέγας Βάλτος,ο;0.85;1;1
20015;Μέγας Βάλτος,ο;0.85;1;1
68500;Μελία,η;0.85;1;1
22150;Μηλέα,η;0.85;1;1
47043;Μηλέα,η;0.85;1;1
22100;Μηλέα,η;0.85;1;1
22150;Μηλιά Τριπόλεως,η;0.85;1;1
22100;Μηλιά Τριπόλεως,η;0.85;1;1
22150;Μηλιά,η;0.85;1;1
22100;Μηλιά,η;0.85;1;1
45500;Μηλιωτάδες,οι;0.85;1;1
66150;Μικρόκαμπος,ο;0.85;1;1
69300;Μικρόν Πιστόν,το;0.85;1;1
67150;Μικρόν Τύμπανον,το;0.85;1;1
45500;Μολυβαδιά,η;0.85;1;1
25006;Μοναστήριον,το;0.85;1;1
25010;Μοναστήριον,το;0.85;1;1
63086;Μονή Κουτλουμουσίου,η;0.85;1;1
63086;Μονή Φιλοθέου,η;0.85;1;1
44001;Μυστράς,ο;0.85;1;1
69150;Νέα Καλλίστη,η;0.85;1;1
62047;Νέα Μπάφρα,η;0.85;1;1
45500;Νεοκαισάρεια,η;0.85;0;0
25008;Νέον Κομπηγάδιον,το;0.85;1;1
62500;Νέον Σούλιον,το;0.85;1;1
22150;Νεοχώριον,το;0.85;1;1
37300;Νεοχώριον,το;0.85;1;1
44003;Νεοχώριον,το;0.85;1;1
62055;Νεοχώριον,το;0.85;1;1
37010;Νεοχώριον,το;0.85;1;1
22100;Νεοχώριον,το;0.85;1;1
54500;Νεοχωρούδα,η;0.85;0;0
35300;Νεράιδα,η;0.85;1;1
62200;Νικόκλεια,η;0.85;1;1
58400;Ξιφιανή,η;0.85;1;1
62300;Ομαλόν,το;0.85;1;1
62043;Ομαλόν,το;0.85;1;1
43060;Πάδη,η;0.85;1;1
43060;Παλαιόκαστρο,το;0.85;1;1
60150;Παλαιόν Κεραμίδιον,το;0.85;1;1
69150;Πάνδροσος,η;0.85;1;1
67131;Πανεπιστημιούπολη,η;0.85;1;1
66035;Παρανέστιον,το;0.85;1;1
20400;Πελλήνη,η;0.85;1;1
57012;Περιστερώνα,η;0.85;1;1
57020;Περιστερώνα,η;0.85;1;1
67150;Πετροχώριον,το;0.85;1;1
61200;Πλατανιά,η;0.85;1;1
57012;Πλατανοχώριον,το;0.85;1;1
40006;Πυργετός,ο;0.85;1;1
40007;Πυργετός,ο;0.85;1;1
20400;Ρέθιον,το;0.85;1;1
61100;Σεβαστόν,το;0.85;1;1
67064;Σέλινον,το;0.85;1;1
69150;Σιδηράδες,οι;0.85;1;1
62055;Σιδηροχώριον,το;0.85;1;1
63086;Σκήτη Αγίου Ανδρέου Βατοπεδίου,η;0.85;1;1
43060;Σπάθες,οι;0.85;1;1
22150;Στενόν,το;0.85;1;1
22100;Στενόν,το;0.85;1;1
20008;Στεφάνιον,το;0.85;1;1
20500;Τιτάνη,η;0.85;1;1
69200;Τρίκορφον,το;0.85;1;1
22132;Τρίπολις,η;0.85;0;0
22100;Τρίπολις,η;0.85;0;0
22008;Τρόπαια,τα;0.85;1;1
45570;Τσιφλικόπουλον,το;0.85;0;0
58400;Υδραία,η;0.85;1;1
58400;Φιλώτεια,η;0.85;1;1
58003;Φιλώτεια,η;0.85;1;1
69150;Φωλέα,η;0.85;1;1
48200;Χαλίκια,τα;0.85;1;1
22150;Χάνια,τα;0.85;1;1
22100;Χάνια,τα;0.85;1;1
24002;Χρυσότοπος,ο;0.85;1;1
22012;Ψηλή Βρύση,η;0.85;1;1
64200;Αβραμυλιά,η;0.84;1;1
69150;Αγίασμα,το;0.84;1;1
64011;Αγίασμα,το;0.84;1;1
57006;Άγιος Αντώνιος,ο;0.84;0;0
22150;Άγιος Κωνσταντίνος,ο;0.84;1;1
22100;Άγιος Κωνσταντίνος,ο;0.84;1;1
23150;Αλευρού,η;0.84;1;1
23059;Αλευρού,η;0.84;1;1
45500;Αμφιθέα,η;0.84;0;0
30008;Ανάληψις,η;0.84;1;1
45222;Ανατολή,η;0.84;0;0
30150;Ανδρωναίϊκα,τα;0.84;1;1
24200;Άνω Βούταινα,η;0.84;1;1
24015;Άνω Βούταινα,η;0.84;1;1
24008;Άνω Μέλπεια,η;0.84;1;1
40300;Αργιθέα,η;0.84;1;1
23150;Άρνα,η;0.84;1;1
23054;Άρνα,η;0.84;1;1
45500;Ασφάκα,η;0.84;1;1
69150;Ασώματοι,οι;0.84;1;1
30004;Αχυρά,τα;0.84;1;1
66300;Βαθύσπηλον,το;0.84;1;1
66032;Βαθύσπηλον,το;0.84;1;1
61100;Βαπτιστής,ο;0.84;1;1
45500;Βασαίικα,τα;0.84;1;1
45560;Βελισσάριος,ο;0.84;0;0
36072;Βούλπη,η;0.84;1;1
47043;Βουνόρεια,τα;0.84;1;1
62300;Βυρώνεια,η;0.84;1;1
62043;Βυρώνεια,η;0.84;1;1
67150;Γαλάνη,η;0.84;1;1
34200;Γαλατσάδες,αι;0.84;1;1
57012;Γερακαρού,η;0.84;1;1
62300;Γόνιμον,το;0.84;1;1
62043;Γόνιμον,το;0.84;1;1
23150;Γοράνοι,οι;0.84;1;1
23054;Γοράνοι,οι;0.84;1;1
50500;Γούλαι,αι;0.84;1;1
69300;Δειλινά,τα;0.84;1;1
44003;Δεσποτικόν,το;0.84;1;1
44003;Δοβλά,η;0.84;1;1
44017;Δοβλά,η;0.84;1;1
21250;Δούκα Βρύση,η;0.84;1;1
21058;Δούκα Βρύση,η;0.84;1;1
66100;Δράμα,η;0.84;0;0
66101;Δράμα,η;0.84;0;0
66110;Δράμα,η;0.84;0;0
66131;Δράμα,η;0.84;0;0
66132;Δράμα,η;0.84;0;0
66133;Δράμα,η;0.84;0;0
57100;Δυτικόν,το;0.84;1;1
43060;Ελληνόκαστρον,το;0.84;1;1
61200;Εύζωνοι,οι;0.84;1;1
61001;Εύζωνοι,οι;0.84;1;1
61007;Ευρωπός,ο;0.84;1;1
35200;Ζέλιον,το;0.84;1;1
22150;Ζευγολατείον,το;0.84;1;1
22100;Ζευγολατείον,το;0.84;1;1
62400;Ζευγολατιόν,το;0.84;1;1
62054;Ζευγολατιόν,το;0.84;1;1
67200;Ηλιοκέντημα,το;0.84;1;1
69150;Θάμνα,τα;0.84;1;1
22002;Θεόκτιστον,το;0.84;1;1
58400;Ίδα,η;0.84;1;1
45000;Ιωάννινα,τα;0.84;0;0
45001;Ιωάννινα,τα;0.84;0;0
45002;Ιωάννινα,τα;0.84;0;0
45003;Ιωάννινα,τα;0.84;0;0
45004;Ιωάννινα,τα;0.84;0;0
45005;Ιωάννινα,τα;0.84;0;0
45110;Ιωάννινα,τα;0.84;0;0
45221;Ιωάννινα,τα;0.84;0;0
45332;Ιωάννινα,τα;0.84;0;0
45333;Ιωάννινα,τα;0.84;0;0
45444;Ιωάννινα,τα;0.84;0;0
45510;Ιωάννινα,τα;0.84;0;0
45511;Ιωάννινα,τα;0.84;0;0
45512;Ιωάννινα,τα;0.84;0;0
45513;Ιωάννινα,τα;0.84;0;0
45514;Ιωάννινα,τα;0.84;0;0
45515;Ιωάννινα,τα;0.84;0;0
45516;Ιωάννινα,τα;0.84;0;0
45517;Ιωάννινα,τα;0.84;0;0
45518;Ιωάννινα,τα;0.84;0;0
45519;Ιωάννινα,τα;0.84;0;0
25007;Καλλιθέα,η;0.84;1;1
30008;Καλλιθέα,η;0.84;1;1
33058;Καλλιθέα,η;0.84;1;1
25008;Καλούσιον,το;0.84;1;1
44100;Καλύβια,τα;0.84;1;1
33056;Κάμπος,ο;0.84;1;1
69150;Καρυδιά,η;0.84;1;1
23150;Καστρίον,το;0.84;1;1
23059;Καστρίον,το;0.84;1;1
45550;Κατσικάς,ο;0.84;0;0
43063;Κάτω Κτιμένη,η;0.84;1;1
67150;Κιμμέρια,τα;0.84;1;1
61100;Κολχίς,η;0.84;1;1
34005;Κούλουρος,ο;0.84;1;1
45500;Κρανούλα,η;0.84;0;0
64003;Κρηνίδες,αι;0.84;1;1
62047;Κρηνίς,η;0.84;1;1
27056;Κρυονέριον,το;0.84;1;1
30010;Κυρά Βγένα,η;0.84;1;1
58400;Κωνσταντία,η;0.84;1;1
43060;Λάκκες,οι;0.84;1;1
60300;Λιβάδιον,το;0.84;1;1
60061;Λιβάδιον,το;0.84;1;1
22012;Λιθοβούνια,τα;0.84;1;1
62400;Λιμνοχώριον,το;0.84;1;1
44002;Λιούμπα,η;0.84;1;1
44004;Λιούμπα,η;0.84;1;1
42032;Λογγιαί,αι (Τ.Κ.Κοτρωνίου);0.84;1;1
30008;Λούστρα,η;0.84;1;1
57012;Λουτρά Βόλβης,τα;0.84;1;1
62300;Λουτρά,τα;0.84;1;1
68150;Λουτρός,ο;0.84;1;1
68100;Λουτρός,ο;0.84;1;1
24200;Μάκρενα,η;0.84;1;1
24015;Μάκρενα,η;0.84;1;1
34003;Μακρυχώριον,το;0.84;1;1
34016;Μακρυχώριον,το;0.84;1;1
57012;Μαραθούσσα,η;0.84;1;1
22007;Μάρκος,ο;0.84;1;1
69200;Μέγα Πιστόν,το;0.84;1;1
61100;Μεγάλη Στέρνα,η;0.84;1;1
61002;Μεγάλη Στέρνα,η;0.84;1;1
62300;Μεγαλοχώριον,το;0.84;1;1
62043;Μεγαλοχώριον,το;0.84;1;1
61100;Μεσιανόν,το;0.84;1;1
63078;Μεταγκίτσιον,το;0.84;1;1
35010;Μεταλλείον,το;0.84;1;1
66150;Μεταμόρφωσις Σωτήρος,η;0.84;1;1
69200;Μίσχος,ο;0.84;1;1
22012;Μονή Προδρόμου,η;0.84;1;1
22013;Μονή Προδρόμου,η;0.84;1;1
54500;Μονόλοφον,το;0.84;0;0
37001;Μουρέσιον,το;0.84;1;1
37012;Μουρέσιον,το;0.84;1;1
48300;Μπεστιά,η;0.84;1;1
44009;Μπεστιά,η;0.84;1;1
42200;Μύκανη,η;0.84;1;1
66150;Μυλοπόταμος,ο;0.84;1;1
36071;Νέα Βίνιανη,η;0.84;1;1
62041;Νέα Φυλή,η;0.84;1;1
69300;Νέδα,η;0.84;1;1
60150;Νεοκαισάρεια,η;0.84;1;1
69150;Νέον Καλλυντήριον,το;0.84;1;1
60065;Νέος Παντελεήμων,ο;0.84;1;1
22001;Ορεινή Μελιγού,η;0.84;1;1
24200;Παλαιόκαστρον,το;0.84;1;1
24013;Παλαιόκαστρον,το;0.84;1;1
27063;Παλιοφυτιά,η;0.84;1;1
26500;Παναγιά,η;0.84;1;1
63100;Πατελιδάς,ο;0.84;1;1
45500;Πεδινή,η;0.84;0;0
22015;Πέρα Βάχλια,η;0.84;1;1
22012;Περδικόβρυση,η;0.84;1;1
22013;Περδικόβρυση,η;0.84;1;1
33056;Περιβόλιον,το;0.84;1;1
33061;Περιβόλιον,το;0.84;1;1
22150;Περπατάρης,ο;0.84;1;1
22100;Περπατάρης,ο;0.84;1;1
58500;Πετραία,η;0.84;1;1
64200;Πετροπηγή,η;0.84;1;1
68150;Πλάκα,η;0.84;1;1
68100;Πλάκα,η;0.84;1;1
63100;Πλανά,η;0.84;1;1
20500;Πλατάνιον,το;0.84;1;1
45500;Πλάτανος,ο;0.84;0;0
61200;Ποντοηράκλεια,η;0.84;1;1
69150;Πόρπη,η;0.84;1;1
46200;Προφήτης Ηλίας,ο;0.84;1;1
42032;Πύλη,η;0.84;1;1
43150;Ραχούλα,η;0.84;1;1
30008;Ρόγγια,τα;0.84;1;1
47043;Ρούγα,η;0.84;1;1
50500;Ρύμνιον,το;0.84;1;1
67150;Σέλερον,το;0.84;1;1
62400;Σιμών,ο;0.84;1;1
40200;Στεφανόβουνον,το;0.84;1;1
30300;Στράνωμα,η;0.84;1;1
30026;Στράνωμα,η;0.84;1;1
49081;Στρινύλας,ο;0.84;1;1
64010;Σωτήρ,ο;0.84;1;1
67150;Τοξόται,οι;0.84;1;1
61200;Τούμπα,η;0.84;1;1
61400;Τούμπα,η;0.84;1;1
35011;Τρίλοφον,το;0.84;1;1
25004;Τριπόταμα,τα;0.84;1;1
25012;Τριπόταμα,τα;0.84;1;1
42200;Τριφύλλια,τα;0.84;1;1
40200;Τσαρίτσανη,η;0.84;1;1
40010;Τσαρίτσανη,η;0.84;1;1
66300;Υψηλόν,το;0.84;1;1
66032;Υψηλόν,το;0.84;1;1
22200;Φαλαισία,η;0.84;1;1
22021;Φαλαισία,η;0.84;1;1
61100;Φανάριον,το;0.84;1;1
35003;Φτέρη,η;0.84;1;1
35010;Φυλιαδών,η;0.84;1;1
44003;Φωτεινόν,το;0.84;1;1
22001;Χάραδρος,ο;0.84;1;1
45500;Χαροκόπιον,το;0.84;0;0
62400;Χείμαρρος,ο;0.84;1;1
30021;Χούνη,η;0.84;1;1
30008;Χρυσοβίτσα,η;0.84;1;1
44002;Χρυσόδουλη,η;0.84;1;1
36100;Αγία Βλαχέρνα,η;0.83;1;1
45500;Αγία Μαρίνα,η;0.83;0;0
30010;Αγία Παρασκευή,η;0.83;1;1
30022;Αγία Τριάς,η;0.83;1;1
40200;Αγιονέριον,το;0.83;1;1
43060;Άγιος Ακάκιος,ο;0.83;1;1
40300;Άγιος Αντώνιος,ο;0.83;1;1
22150;Άγιος Βασίλειος,ο;0.83;1;1
22100;Άγιος Βασίλειος,ο;0.83;1;1
25007;Άγιος Γεώργιος,ο;0.83;1;1
22012;Άγιος Σώστης,ο;0.83;1;1
34400;Άγιος,ο;0.83;1;1
68150;Αγνάντια,η;0.83;1;1
68100;Αγνάντια,η;0.83;1;1
66150;Αδριανή,η;0.83;1;1
69300;Αετοκορυφή,η;0.83;1;1
69300;Αετόλοφος,ο;0.83;1;1
22012;Άκρα,η;0.83;1;1
54500;Αλέξανδρος Υψηλάντης,ο;0.83;0;0
47044;Αλώνια,τα;0.83;1;1
60300;Αλώνια,τα;0.83;1;1
47047;Αλώνια,τα;0.83;1;1
60066;Αλώνια,τα;0.83;1;1
58400;Άλωρος,η;0.83;1;1
62200;Άμπελοι,αι;0.83;1;1
62054;Άμπελοι,αι;0.83;1;1
56429;Ανθούπολη,η;0.83;0;0
42150;Ανταλλάξιμα,τα;0.83;1;1
61100;Άνω Απόστολοι,οι;0.83;1;1
24009;Άνω Αρφαρά,τα;0.83;1;1
24007;Άνω Αρφαρά,τα;0.83;1;1
45500;Άνω Λαψίστα,η;0.83;1;1
57014;Άνω Σταυρός,ο;0.83;1;1
57500;Άνω Σχολάριον,το;0.83;0;0
61200;Αξιούπολη,η;0.83;1;1
61400;Αξιούπολη,η;0.83;1;1
24150;Αράχοβα,η;0.83;1;1
66150;Αργυρούπολις,η;0.83;1;1
69300;Αρριανά,τα;0.83;1;1
58500;Αρσένιον,το;0.83;1;1
45500;Αρτοπούλα,η;0.83;1;1
45500;Βασιλική,η;0.83;0;0
62200;Βέργη,η;0.83;1;1
48200;Βούλιστα,η;0.83;1;1
62042;Γάζωρος,ο;0.83;1;1
62050;Γάζωρος,ο;0.83;1;1
35011;Γιαννιτσού,η;0.83;1;1
44003;Γρανιτσοπούλα,η;0.83;1;1
25100;Γρηγόρης,ο;0.83;1;1
64200;Δαμασκηνιά,η;0.83;1;1
24008;Δασοχώριον,το;0.83;1;1
67200;Δάφνη,η;0.83;1;1
67061;Δάφνη,η;0.83;1;1
61100;Δαφνοχώριον,το;0.83;1;1
30300;Διάσελλον,το;0.83;1;1
62041;Δόμιρος,ο;0.83;1;1
30017;Δρομίτσα,η;0.83;1;1
45500;Εισόδια Θεοτόκου,τα;0.83;1;1
40200;Ελασσών,η;0.83;1;1
47150;Έλατος,ο;0.83;1;1
64200;Ερατεινόν,το;0.83;1;1
44002;Ζάβροχον,το;0.83;1;1
64200;Ζαρκαδιά,η;0.83;1;1
44100;Ηλιορράχη,η;0.83;1;1
47040;Θεριακήσιον,το;0.83;1;1
62300;Θερμοπηγή,η;0.83;1;1
30014;Καλαβρούζα,η;0.83;1;1
61100;Καλίνδρια,η;0.83;1;1
61002;Καλίνδρια,η;0.83;1;1
24500;Καλογερέσιον,το;0.83;1;1
35009;Καραβίδια,τα;0.83;1;1
22200;Καράτουλας,ο;0.83;1;1
61200;Κάστρον,το;0.83;1;1
32009;Κατασκήνωση,η;0.83;1;1
25007;Κάτω Δρυμός,ο;0.83;1;1
35003;Κάτω Καμπιά,τα;0.83;1;1
44003;Κερασέα,η;0.83;1;1
44017;Κερασέα,η;0.83;1;1
62055;Κερκίνη,η;0.83;1;1
62400;Κοίμησις,η;0.83;1;1
36072;Κονδυλαίικα,τα;0.83;1;1
62055;Κορυφούδι,το;0.83;1;1
61200;Κουλιναίικα,τα;0.83;1;1
25015;Κουμπέριον,το;0.83;1;1
25100;Κουνινά,η;0.83;1;1
27066;Κουτσουρούμπας,ο;0.83;1;1
25007;Κρινόφυτα,τα;0.83;1;1
46300;Κρυονέριον,το;0.83;1;1
46032;Κρυονέριον,το;0.83;1;1
57012;Λαγκαδίκια,τα;0.83;1;1
57020;Λαγκαδίκια,τα;0.83;1;1
25100;Λάκκα,η (Τοπική Κοινότητα Λάκκας);0.83;1;1
69150;Λαμπρόν,το;0.83;1;1
61200;Λατομείον,το;0.83;1;1
69200;Ληνός,ο;0.83;1;1
44003;Λίστα,η;0.83;1;1
44017;Λίστα,η;0.83;1;1
45500;Λογγάδες,οι;0.83;0;0
22200;Λυκόσουρα,η;0.83;1;1
22025;Λυκόσουρα,η;0.83;1;1
22027;Μαρμαριά,η;0.83;1;1
43060;Μαρτίνι,το;0.83;1;1
61100;Μαυρονέριον,το;0.83;1;1
61100;Μεγάλη Βρύση,η;0.83;1;1
47043;Μεγάλη Ράχη,η;0.83;1;1
66150;Μεγαλόκαμπος,ο;0.83;1;1
48300;Μελιανά,τα;0.83;1;1
59035;Μονόσπιτα,τα;0.83;1;1
45500;Μπάφρα,η;0.83;0;0
27061;Μυρώνια,τα;0.83;1;1
67200;Νέα Αμισός,η;0.83;1;1
67150;Νέα Κεσσάνη,η;0.83;1;1
67063;Νέα Κεσσάνη,η;0.83;1;1
35010;Νέα Μάκριση,η;0.83;1;1
50150;Νεράιδα,η;0.83;1;1
45500;Νήσος Ιωαννίνων,η;0.83;0;0
68150;Νίψα,η;0.83;1;1
68100;Νίψα,η;0.83;1;1
43060;Νούλες,αι;0.83;1;1
43066;Νούλες,αι;0.83;1;1
30017;Ξωμερή,η;0.83;1;1
62500;Οινούσσα,η;0.83;1;1
40200;Παλαιόκαστρον,το;0.83;1;1
57011;Παλαιόν Αγιονέριον,το;0.83;1;1
30011;Παλαιοπλάτανος,ο;0.83;1;1
22007;Παλαιοχώριον,το;0.83;1;1
22150;Παλλάντιον,το;0.83;1;1
22100;Παλλάντιον,το;0.83;1;1
47043;Παλληκάριον,το;0.83;1;1
22027;Πάπαρης,ο;0.83;1;1
64200;Παράδεισος,ο;0.83;1;1
22150;Πέλαγος,το;0.83;1;1
22100;Πέλαγος,το;0.83;1;1
22300;Πελετά,τα;0.83;1;1
62500;Πεντάπολις,η;0.83;1;1
62048;Πεντάπολις,η;0.83;1;1
45500;Πέραμα,το;0.83;0;0
45500;Πέρδικα,η;0.83;1;1
42150;Πιάλεια,η;0.83;1;1
69300;Πλαγιά,η;0.83;1;1
47150;Πλατανάκια,τα;0.83;1;1
47046;Πλατανάκια,τα;0.83;1;1
45500;Πλατανιά,η;0.83;0;0
62400;Ποντισμένον,το;0.83;1;1
64200;Ποντολίβαδον,το;0.83;1;1
67064;Ποταμιά,η;0.83;1;1
30008;Πούλινος,ο;0.83;1;1
57200;Προφήτης,ο;0.83;1;1
25006;Πύργος,ο;0.83;1;1
47043;Ράμια,η;0.83;1;1
57100;Ραχώνα,η;0.83;1;1
45500;Ραψαίοι,οι;0.83;1;1
47044;Ρετσιανά,τα;0.83;1;1
22012;Ρίζαι,αι;0.83;1;1
58500;Ριζόν,το;0.83;1;1
58400;Ριζοχώριον,το;0.83;1;1
69150;Ροδίτης,ο;0.83;1;1
58500;Σεβαστιανά,τα;0.83;1;1
48061;Σεριζιανά,τα;0.83;1;1
66150;Σιταγροί,οι;0.83;1;1
62200;Σιτοχώριον,το;0.83;1;1
67150;Σούνιον,το;0.83;1;1
30017;Σταθάς,ο;0.83;1;1
61100;Σταυροχώριον,το;0.83;1;1
69300;Στρύμη,η;0.83;1;1
69150;Σύμβολα,τα;0.83;1;1
22012;Τζίβας,ο;0.83;1;1
24500;Τριπύλα,η;0.83;1;1
61200;Τσολιάδες,οι;0.83;1;1
61001;Τσολιάδες,οι;0.83;1;1
27061;Φανάριον,το;0.83;1;1
67150;Φίλια,τα;0.83;1;1
30017;Φράγκου,η;0.83;1;1
47043;Φράξος,ο;0.83;1;1
44003;Φτέρη,η;0.83;1;1
45500;Φτέρη,η;0.83;0;0
44017;Φτέρη,η;0.83;1;1
37100;Φυλάκη,η;0.83;1;1
59035;Χαρίεσσα,η;0.83;1;1
62300;Χαροπόν,το;0.83;1;1
44001;Χριστοί,οι;0.83;1;1
64200;Χρυσοχώριον,το;0.83;1;1
66150;Χωριστή,η;0.83;1;1
25004;Ψωφίς,η;0.83;1;1
25012;Ψωφίς,η;0.83;1;1
62047;Αγγίστα,η;0.82;1;1
62056;Αγγίστα,η;0.82;1;1
35015;Αγία Μαρίνα,η;0.82;1;1
40003;Αγιά,η;0.82;1;1
57200;Άγιος Βασίλειος,ο;0.82;1;1
59150;Άγιος Γεώργιος,ο;0.82;1;1
22001;Άγιος Γεώργιος,ο (Τ.Κ.Αγίου Ανδρέου);0.82;1;1
22006;Άγιος Γεώργιος,ο (Τ.Κ.Αγίου Ανδρέου);0.82;1;1
60063;Άγιος Δημήτριος,ο;0.82;1;1
30008;Άγιος Ιωάννης,ο (Τοπική Κοινότητα Αετοπέτρας);0.82;1;1
63200;Άγιος Παντελεήμων,ο;0.82;1;1
60150;Άγιος Σπυρίδων,ο;0.82;1;1
69300;Αγιοχώριον,το;0.82;1;1
24150;Αλαγονία,η;0.82;1;1
24020;Αλαγονία,η;0.82;1;1
22012;Αλέα,η;0.82;1;1
46300;Αμπελών,ο;0.82;1;1
46032;Αμπελών,ο;0.82;1;1
22300;Αμυγδαλέα,η;0.82;1;1
57200;Ανάληψις,η;0.82;1;1
60150;Άνω Άγιος Ιωάννης,ο;0.82;1;1
48300;Άρδοσις,η;0.82;1;1
44009;Άρδοσις,η;0.82;1;1
36072;Αρμάμπελα,τα;0.82;1;1
46200;Αυλότοπος,ο;0.82;1;1
46031;Αυλότοπος,ο;0.82;1;1
22001;Βάθηα,τα;0.82;1;1
36072;Βαλαώρα,η;0.82;1;1
61200;Βαφιοχώριον,το;0.82;1;1
22015;Βάχλια,η;0.82;1;1
69400;Βέννα,η;0.82;1;1
23150;Βεργαδαίικα,τα;0.82;1;1
23065;Βεργαδαίικα,τα;0.82;1;1
35010;Βούζιον,το;0.82;1;1
23150;Βρέσθενα,τα;0.82;1;1
23069;Βρέσθενα,τα;0.82;1;1
44003;Βροντισμένη,η;0.82;1;1
57006;Γαλαρινός,ο;0.82;1;1
64008;Γαληψός,η;0.82;1;1
22012;Γαρέα,η;0.82;1;1
64200;Γέροντας,ο;0.82;1;1
22012;Γιοκαραίικα,τα;0.82;1;1
69150;Γλυκονέριον,το;0.82;1;1
67063;Γλυκονέριον,το;0.82;1;1
42150;Γοργογύριον,το;0.82;1;1
43060;Γράβια,τα;0.82;1;1
69150;Γρατινή,η;0.82;1;1
20500;Γυμνόν,το;0.82;1;1
22012;Δεμίριον,το;0.82;1;1
64200;Διαλεκτόν,το;0.82;1;1
32005;Δίστομον,το;0.82;1;1
57200;Δρακόντιο,το;0.82;1;1
64200;Εκλεκτόν,το;0.82;1;1
40006;Ελαία,η;0.82;1;1
40004;Ελαία,η;0.82;1;1
63080;Ελαιοχώρια,τα;0.82;1;1
37500;Ελευθεροχώριο,το;0.82;1;1
22012;Επισκοπή,η;0.82;1;1
57200;Ευαγγελισμός,ο;0.82;1;1
22150;Εύανδρον,το;0.82;1;1
22100;Εύανδρον,το;0.82;1;1
20400;Ζεμενόν,το;0.82;1;1
45500;Ζωοδόχος Πηγή,η;0.82;1;1
62400;Ηράκλεια,η;0.82;1;1
46200;Κακόλακκος,ο;0.82;1;1
44100;Καλλιθέα,η;0.82;1;1
47150;Καλλιθέα,η;0.82;1;1
47046;Καλλιθέα,η;0.82;1;1
69150;Κάλχας,ο;0.82;1;1
22002;Καμενίτσα,η;0.82;1;1
30300;Κάμπος,ο;0.82;1;1
30026;Κάμπος,ο;0.82;1;1
45500;Καννέτα,η;0.82;1;1
61100;Καστανέαι,αι;0.82;1;1
27066;Καστανιά,η;0.82;1;1
23150;Καστόρειον,το;0.82;1;1
23059;Καστόρειον,το;0.82;1;1
62300;Κάτω Αμπέλια,τα;0.82;1;1
57500;Κάτω Σχολάριον,το;0.82;0;0
38500;Κεραμίδιον,το;0.82;1;1
22012;Κερασίτσα,η;0.82;1;1
35003;Κλωνίον,το;0.82;1;1
48300;Κολλαίικα,τα;0.82;1;1
44009;Κολλαίικα,τα;0.82;1;1
22012;Κολλίναι,αι;0.82;1;1
22011;Κολλίναι,αι;0.82;1;1
57200;Κολχικόν,το;0.82;1;1
69300;Κόμαρος,η;0.82;1;1
67062;Κομνηνά,τα;0.82;1;1
67200;Κοσσός,ο;0.82;1;1
30022;Κρανές,ο;0.82;1;1
30025;Κρανές,ο;0.82;1;1
50500;Κρανίδια,τα;0.82;1;1
66300;Κύρια,τα;0.82;1;1
66032;Κύρια,τα;0.82;1;1
59150;Λαζοχώριον,το;0.82;1;1
58500;Λάκκα,η;0.82;1;1
62200;Λευκότοπος,ο;0.82;1;1
57100;Λιβαδίτσα,η;0.82;1;1
62400;Λιβαδοχώριον,το;0.82;1;1
62054;Λιβαδοχώριον,το;0.82;1;1
33053;Λιδωρίκιον,το;0.82;1;1
30023;Λιμνίτσα,η;0.82;1;1
30024;Λιμνίτσα,η;0.82;1;1
67150;Λουτρά Ποταμιάς,τα;0.82;1;1
67063;Λουτρά Ποταμιάς,τα;0.82;1;1
69300;Λύκειον,το;0.82;1;1
45500;Λυκόστομο,το;0.82;0;0
25100;Μάγειρας,ο;0.82;1;1
22012;Μαγούλα,η;0.82;1;1
61100;Μάνδραι,αι;0.82;1;1
34003;Μανίκια,τα;0.82;1;1
34016;Μανίκια,τα;0.82;1;1
62400;Μελενικίτσιον,το;0.82;1;1
22007;Μελισσοπέτρα,η;0.82;1;1
54500;Μεσαίον,το;0.82;0;0
57012;Μεσοπόταμον,το;0.82;1;1
57015;Μεσοπόταμον,το;0.82;1;1
47044;Μηλέαι,αι;0.82;1;1
47047;Μηλέαι,αι;0.82;1;1
30300;Μικρόν Παλαιοχωράκιον,το;0.82;1;1
20200;Μικρός Βάλτος,ο;0.82;1;1
20015;Μικρός Βάλτος,ο;0.82;1;1
44003;Μικροχώριον,το;0.82;1;1
44017;Μικροχώριον,το;0.82;1;1
57014;Μόδιον,το;0.82;1;1
63073;Μονή Αγίας Αναστασίας Φαρμακολυτρίας,η;0.82;1;1
40006;Μονή Αγίου Δημητρίου,η;0.82;1;1
40007;Μονή Αγίου Δημητρίου,η;0.82;1;1
44002;Μονή Γεννήσεως Θεοτόκου Βελλάς,η;0.82;1;1
44004;Μονή Γεννήσεως Θεοτόκου Βελλάς,η;0.82;1;1
25015;Μονή Κοιμήσεως Θεοτόκου Νοτενών,η;0.82;1;1
32001;Μονή Οσίου Σεραφείμ Δομβούς,η;0.82;1;1
42200;Μουργκάνη,η;0.82;1;1
48300;Μπάλας,ο;0.82;1;1
44009;Μπάλας,ο;0.82;1;1
30021;Μπασδουναίικα,τα;0.82;1;1
45500;Μπάτζα,η;0.82;1;1
44002;Μπολαίικα,τα;0.82;1;1
44004;Μπολαίικα,τα;0.82;1;1
47043;Μυλοκοπειόν,το;0.82;1;1
45500;Μυροδάφνη,η;0.82;1;1
57012;Νέα Απολλωνία,η;0.82;1;1
57015;Νέα Απολλωνία,η;0.82;1;1
67150;Νέα Μορσίνη,η;0.82;1;1
27066;Νέα Πέρσαινα,η;0.82;1;1
63200;Νέα Τένεδος,η;0.82;1;1
60150;Νέα Τραπεζούς,η;0.82;1;1
57013;Νεόκαστρο,το;0.82;0;0
57011;Νέον Αγιονέριον,το;0.82;1;1
40003;Νερόμυλοι,οι;0.82;1;1
62200;Νιγρίτα,η;0.82;1;1
66150;Νικοτσάρας,ο;0.82;1;1
46100;Νουνεσάτιον,το;0.82;1;1
67100;Ξάνθη,η;0.82;0;0
67101;Ξάνθη,η;0.82;0;0
67110;Ξάνθη,η;0.82;0;0
67132;Ξάνθη,η;0.82;0;0
67133;Ξάνθη,η;0.82;0;0
69150;Ομηρικόν,το;0.82;1;1
33056;Παλαιόμυλος,ο;0.82;1;1
61100;Παλαιόν Γυναικόκαστρον,το;0.82;1;1
67200;Παλαιόν Εράσμιον,το;0.82;1;1
57021;Παλιάμπελα,τα;0.82;1;1
22200;Παύλια,η;0.82;1;1
22022;Παύλια,η;0.82;1;1
61100;Πεδινόν,το;0.82;1;1
67064;Πεζούλα,η;0.82;1;1
67061;Πεζούλα,η;0.82;1;1
24200;Περδικόβρυση,η;0.82;1;1
24015;Περδικόβρυση,η;0.82;1;1
44003;Πετσάλιον,το;0.82;1;1
24150;Πηγαί,αι;0.82;1;1
24020;Πηγαί,αι;0.82;1;1
58100;Πλαγιάριον,το;0.82;1;1
61200;Πολύκαστρον,το;0.82;1;1
59150;Πόρος,ο;0.82;1;1
64004;Ποταμιά,η;0.82;1;1
59150;Προφήτης Ηλίας,ο;0.82;1;1
68500;Πυλαία,η;0.82;1;1
20009;Πύργος,ο;0.82;1;1
60150;Σεβαστή,η;0.82;1;1
67150;Σήμαντρα,τα;0.82;1;1
34200;Σήμια,η;0.82;1;1
47045;Σκαλούλα,η;0.82;1;1
61100;Σουλτογιανναίικα,τα;0.82;1;1
61002;Σουλτογιανναίικα,τα;0.82;1;1
22012;Στάδιον,το;0.82;1;1
23150;Σταυρός,ο;0.82;1;1
34005;Στράφοι,οι;0.82;1;1
34010;Στράφοι,οι;0.82;1;1
22012;Στρίγκος,ο;0.82;1;1
62300;Στρυμονοχώριον,το;0.82;1;1
69150;Στυλάριον,το;0.82;1;1
40200;Συκέα,η;0.82;1;1
47044;Συκέα,η;0.82;1;1
69300;Συκορράχη,η;0.82;1;1
60300;Σφενδάμιο,το;0.82;1;1
60066;Σφενδάμιο,το;0.82;1;1
62200;Τερπνή,η;0.82;1;1
22200;Τουρκολέκας,ο;0.82;1;1
22021;Τουρκολέκας,ο;0.82;1;1
35003;Υπάτη,η;0.82;1;1
35016;Υπάτη,η;0.82;1;1
69300;Φιλλύρα,η;0.82;1;1
36100;Χελιδών,η;0.82;1;1
36075;Χελιδών,η;0.82;1;1
61100;Χέρσο,το;0.82;1;1
61002;Χέρσο,το;0.82;1;1
22200;Χιράδες,αι;0.82;1;1
62500;Χρυσόν,το;0.82;1;1
62046;Χρυσόν,το;0.82;1;1
62400;Χρυσοχώραφα,τα;0.82;1;1
68150;Άβας,ο;0.81;1;1
68100;Άβας,ο;0.81;1;1
60150;Αγία Βαρβάρα,η;0.81;1;1
47044;Αγία Παρασκευή,η (Τ.Κ.Κλειδίου);0.81;1;1
47048;Αγία Παρασκευή,η (Τ.Κ.Κλειδίου);0.81;1;1
22012;Αγία Σοφία,η;0.81;1;1
81101;Αγιάσος,η;0.81;1;1
43150;Άγιος Γεώργιος,ο;0.81;1;1
57013;Άγιος Γεώργιος,ο;0.81;0;0
62200;Άγιος Δημήτριος,ο;0.81;1;1
62049;Άγιος Δημήτριος,ο;0.81;1;1
24150;Άγιος Ιωάννης Θεολόγος,ο;0.81;1;1
20150;Άγιος Ιωάννης,ο;0.81;1;1
62122;Άγιος Ιωάννης,ο;0.81;1;1
69300;Άγρα,η;0.81;1;1
68150;Αετοχώριον,το;0.81;1;1
68100;Αετοχώριον,το;0.81;1;1
64006;Ακόντισμα,το;0.81;1;1
30021;Ακριδαίικα,τα;0.81;1;1
25015;Αλεποχώριον,το;0.81;1;1
66150;Αμπελάκια,τα;0.81;1;1
40003;Αμυγδαλή,η;0.81;1;1
68150;Αμφιτρίτη,η;0.81;1;1
68100;Αμφιτρίτη,η;0.81;1;1
62047;Άνω Συμβολή,η;0.81;1;1
22007;Αράπηδες,οι;0.81;1;1
22028;Αράπηδες,οι;0.81;1;1
36100;Αρωνιάδα,η;0.81;1;1
58100;Αχλαδοχώριον,το;0.81;1;1
66300;Βαθυχώριον,το;0.81;1;1
66032;Βαθυχώριον,το;0.81;1;1
62400;Βαρικόν,το;0.81;1;1
62054;Βαρικόν,το;0.81;1;1
36072;Βαρκά,τα;0.81;1;1
36070;Βαρκά,τα;0.81;1;1
23150;Βασιλική,η;0.81;1;1
23054;Βασιλική,η;0.81;1;1
59031;Βεργίνα,η;0.81;1;1
42200;Βιτουμάς,ο;0.81;1;1
30300;Βομβοκού,η;0.81;1;1
22012;Βουνόν,το;0.81;1;1
22008;Βυζίκιον,το;0.81;1;1
61100;Γαλλικός,ο;0.81;1;1
60150;Γανόχωρα,η;0.81;1;1
30300;Γολέμιον,το;0.81;1;1
62400;Δασοχώριον,το;0.81;1;1
33200;Δεσφίνα,η;0.81;1;1
33050;Δεσφίνα,η;0.81;1;1
62200;Δημητρίτσιον,το;0.81;1;1
69300;Δοκός,η;0.81;1;1
68150;Δωρικόν,το;0.81;1;1
68100;Δωρικόν,το;0.81;1;1
61100;Ελευθεροχώριον,το;0.81;1;1
61002;Ελευθεροχώριον,το;0.81;1;1
58400;Εξαπλάτανος,ο;0.81;1;1
58004;Εξαπλάτανος,ο;0.81;1;1
62122;Επτάμυλοι,οι;0.81;1;1
69400;Εργάνη,η;0.81;1;1
40200;Ευαγγελισμός,ο;0.81;1;1
62200;Ευκαρπία,η;0.81;1;1
62049;Ευκαρπία,η;0.81;1;1
67150;Εύμοιρον,το;0.81;1;1
66300;Ευρύπεδον,το;0.81;1;1
66032;Ευρύπεδον,το;0.81;1;1
64003;Ζυγός,ο;0.81;1;1
61100;Ηλιόλουστον,το;0.81;1;1
57200;Ηράκλειον,το;0.81;1;1
24150;Θεοτόκος,η;0.81;1;1
24020;Θεοτόκος,η;0.81;1;1
62200;Θερμά,τα;0.81;1;1
69400;Ίμερος,ο;0.81;1;1
57200;Καβαλλάριον,το;0.81;1;1
27061;Κακαλέτριον,το;0.81;1;1
37001;Καλαμάκιον,το;0.81;1;1
37012;Καλαμάκιον,το;0.81;1;1
25008;Καλανίστρα,η;0.81;1;1
23051;Καλλιθέα,η;0.81;1;1
23058;Καλλιθέα,η;0.81;1;1
66150;Καλός Αγρός,ο;0.81;1;1
22012;Καμάριον,το;0.81;1;1
61100;Καμπάνης,ο;0.81;1;1
61200;Καμποχώριον,το;0.81;1;1
61400;Καμποχώριον,το;0.81;1;1
57500;Καρδιά,η;0.81;0;0
62400;Καρπερή,η;0.81;1;1
42200;Καστράκιον,το;0.81;1;1
36072;Καστράκιον,το (Τ.Κ.Βαλαώρας);0.81;1;1
40006;Κατασκηνώσεις Αγίου Δημητρίου,αι;0.81;1;1
40007;Κατασκηνώσεις Αγίου Δημητρίου,αι;0.81;1;1
30021;Κάτω Άγιος Βλάσιος,ο;0.81;1;1
45500;Κάτω Λαψίστα,η;0.81;1;1
48062;Κάτω Σκαφιδωτή,η;0.81;1;1
69300;Κιζάριον,το;0.81;1;1
30004;Κομπωτή,η;0.81;1;1
60150;Κονταριώτισσα,η;0.81;1;1
32150;Κορώνεια,η;0.81;1;1
45500;Κοτομίστα,η;0.81;0;0
61200;Κοτύλη,η;0.81;1;1
47045;Κουβέλιον,το;0.81;1;1
66150;Κουδούνια,τα;0.81;1;1
27066;Κούμανης,ο;0.81;1;1
35003;Κουρελέικα,τα;0.81;1;1
24011;Κρυονέριον,το;0.81;1;1
24003;Κρυονέριον,το;0.81;1;1
35300;Κυπαρισσών,ο;0.81;1;1
35013;Κυπαρισσών,ο;0.81;1;1
35200;Κυρτώνη,η;0.81;1;1
57200;Λαγκαδάς,ο;0.81;1;1
35003;Λευκάς,η;0.81;1;1
22027;Λιανός,ο;0.81;1;1
23150;Λογγάστρα,η;0.81;1;1
64003;Λυδία,η;0.81;1;1
44003;Λωζανά,τα;0.81;1;1
44017;Λωζανά,τα;0.81;1;1
67064;Μάγγανα,τα;0.81;1;1
67061;Μάγγανα,τα;0.81;1;1
44100;Μάζιον,το;0.81;1;1
66150;Μαυρόβατος,ο;0.81;1;1
58500;Μαυροβούνιον,το;0.81;1;1
57014;Μεγάλη Βόλβη,η;0.81;1;1
81200;Μεγαλοχώριον,το;0.81;1;1
45500;Μελιά,η;0.81;1;1
30008;Μελίγκοβα,η;0.81;1;1
57012;Μελισσουργός,ο;0.81;1;1
61100;Μέσοι Απόστολοι,οι;0.81;1;1
23200;Μεσοχώρι,το;0.81;1;1
58400;Μηλέα,η;0.81;1;1
66150;Μικροχώριον,το;0.81;1;1
59031;Μονή Αγίου Αθανασίου Σφηνίσσης,η;0.81;1;1
43060;Μονή Αγίου Γεωργίου,η;0.81;1;1
22200;Μονή Μπούρα,η;0.81;1;1
22021;Μονή Μπούρα,η;0.81;1;1
25100;Μονή Παμμεγίστων Ταξιαρχών,η;0.81;1;1
32001;Μονή Πελαγίας,η;0.81;1;1
48300;Μονόδενδρον,το;0.81;1;1
44009;Μονόδενδρον,το;0.81;1;1
45500;Μπέρκον,το;0.81;1;1
61100;Μύλος,ο;0.81;1;1
67064;Μυρωδάτον,το;0.81;1;1
67061;Μυρωδάτον,το;0.81;1;1
64006;Νέα Καρβάλη,η;0.81;1;1
57014;Νέα Μάδυτος,η;0.81;1;1
61100;Νέα Σάντα,η;0.81;1;1
66150;Νέα Σεβάστεια,η;0.81;1;1
60150;Νέον Κεραμίδιον,το;0.81;1;1
48200;Νέος Γοργόμυλος,ο;0.81;1;1
35003;Νεοχωράκιον,το;0.81;1;1
35017;Νεοχωράκιον,το;0.81;1;1
43060;Νεοχώρια,τα;0.81;1;1
43066;Νεοχώρια,τα;0.81;1;1
37100;Νεράιδα,η;0.81;1;1
43060;Νησιά,τα;0.81;1;1
48200;Ξηρόκαμπος,ο;0.81;1;1
36072;Παλαιό Χωριό,το;0.81;1;1
22027;Παλαιοχούνη,η;0.81;1;1
59031;Παλατίτσια,τα;0.81;1;1
23150;Παππαδιάνικα,τα;0.81;1;1
23059;Παππαδιάνικα,τα;0.81;1;1
44002;Παρακάλαμος,ο;0.81;1;1
44004;Παρακάλαμος,ο;0.81;1;1
63081;Παρθενών,ο;0.81;1;1
69400;Πελαγία,η;0.81;1;1
33100;Πεντεόρια,τα;0.81;1;1
69300;Πέραμα,το;0.81;1;1
61100;Πέρινθος,η;0.81;1;1
64200;Πέρνη,η;0.81;1;1
36071;Περουλαίικα,τα;0.81;1;1
54500;Πετρωτόν,το;0.81;0;0
24008;Πηγή,η;0.81;1;1
22001;Πλάτανος,ο;0.81;1;1
62300;Προμαχών,ο;0.81;1;1
47150;Προφήτης Ηλίας,ο;0.81;1;1
47046;Προφήτης Ηλίας,ο;0.81;1;1
63080;Ροδόκηπος,ο;0.81;1;1
62400;Σαρακατσαναίικον,το;0.81;1;1
67150;Σεμέλη,η;0.81;1;1
62200;Σησαμία,η;0.81;1;1
62300;Σιδηρόκαστρον,το;0.81;1;1
30021;Σκιαδαίικα,τα;0.81;1;1
35010;Σκοπιά,η;0.81;1;1
47150;Σκούπα,η;0.81;1;1
47046;Σκούπα,η;0.81;1;1
46300;Σοκολακάτικα,τα;0.81;1;1
46032;Σοκολακάτικα,τα;0.81;1;1
22200;Σπαναίικα,τα;0.81;1;1
22021;Σπαναίικα,τα;0.81;1;1
62300;Σταθμός,ο;0.81;1;1
33057;Σταθμός,ο (Τ.Κ.Μπράλου);0.81;1;1
32150;Στείριον,το;0.81;1;1
62047;Συμβολή,η;0.81;1;1
57200;Σχολάριον,το;0.81;1;1
59150;Ταγαροχώριον,το;0.81;1;1
24001;Φλεσιάς,η;0.81;1;1
24600;Φλεσιάς,η;0.81;1;1
66031;Φωτολίβος,το;0.81;1;1
66034;Φωτολίβος,το;0.81;1;1
45500;Χάνι Τερόβου,το;0.81;1;1
45500;Χίνκα,η;0.81;1;1
25006;Χρυσάνθιον,το;0.81;1;1
25010;Χρυσάνθιον,το;0.81;1;1
57200;Χρυσαυγή,η;0.81;1;1
58400;Χρυσή,η;0.81;1;1
25008;Χρυσοπηγή,η;0.81;1;1
22200;Ψάριον,το;0.81;1;1
62400;Ψωμοτόπιον,το;0.81;1;1
59200;Αγγελοχώριον,το;0.80;1;1
59034;Αγγελοχώριον,το;0.80;1;1
57006;Αγία Αναστασία,η;0.80;1;1
59150;Αγία Βαρβάρα,η;0.80;1;1
59150;Αγία Μαρίνα,η;0.80;1;1
62200;Αγία Παρασκευή,η;0.80;1;1
66031;Αγία Παρασκευή,η;0.80;1;1
20008;Αγιονόριον,το;0.80;1;1
42032;Άγιος Βησσαρίων,ο;0.80;1;1
25007;Άγιος Βλάσιος,ο;0.80;1;1
45500;Άγιος Νικόλαος,ο;0.80;1;1
61007;Άγιος Πέτρος,ο;0.80;1;1
22001;Αετοχώριον,το;0.80;1;1
22027;Αθήναιον,το;0.80;1;1
64100;Αμισιανά,τα;0.80;1;1
62400;Αμμουδιά,η;0.80;1;1
43150;Αμπελάκια,τα;0.80;1;1
27061;Αμυγδαλέαι,αι;0.80;1;1
62400;Αναγέννησις,η;0.80;1;1
32150;Ανάληψις,η;0.80;1;1
22010;Άνω Καλύβια,τα;0.80;1;1
22014;Άνω Καλύβια,τα;0.80;1;1
66300;Άνω Κεφαλάριον,το;0.80;1;1
66032;Άνω Κεφαλάριον,το;0.80;1;1
64200;Άνω Ποντολίβαδον,το;0.80;1;1
44002;Αρετή,η;0.80;1;1
44004;Αρετή,η;0.80;1;1
48300;Άσσος,ο;0.80;1;1
27066;Αχλαδινή,η;0.80;1;1
62400;Βαλτερόν,το;0.80;1;1
61200;Βαλτοτόπιον,το;0.80;1;1
61400;Βαλτοτόπιον,το;0.80;1;1
61200;Βαλτούδιον,το;0.80;1;1
62400;Βαμβακιά,η;0.80;1;1
62300;Βαμβακόφυτον,το;0.80;1;1
44003;Βασιλόπουλον,το;0.80;1;1
22300;Βίγλα,η;0.80;1;1
22015;Βιδιάκιον,το;0.80;1;1
22008;Γαλατάς,ο;0.80;1;1
69150;Γλυφάδα,η;0.80;1;1
67063;Γλυφάδα,η;0.80;1;1
44003;Γρανίτσα,η;0.80;1;1
44017;Γρανίτσα,η;0.80;1;1
69300;Δαρμένη,η;0.80;1;1
67062;Δαφνών,ο;0.80;1;1
48300;Δερβίζιανα,τα;0.80;1;1
44009;Δερβίζιανα,τα;0.80;1;1
40300;Δίλοφον,το;0.80;1;1
66300;Δοξάτον,το;0.80;1;1
69300;Εβρίνος,ο;0.80;1;1
30200;Ελληνικά,τα;0.80;1;1
44003;Ζάλογγον,το;0.80;1;1
44017;Ζάλογγον,το;0.80;1;1
69300;Ήπιον,το;0.80;1;1
62042;Θολός,ο;0.80;1;1
62050;Θολός,ο;0.80;1;1
69300;Ιάσιον,το;0.80;1;1
62200;Ίβηρα,τα;0.80;1;1
62049;Ίβηρα,τα;0.80;1;1
36072;Καϊπανάκι,το;0.80;1;1
66031;Καλαμπάκιον,το;0.80;1;1
66031;Καλαμών,ο;0.80;1;1
34600;Καμπιά,τα;0.80;1;1
34014;Καμπιά,τα;0.80;1;1
30500;Κάναλος,ο;0.80;1;1
60150;Κάτω Άγιος Ιωάννης,ο;0.80;1;1
67062;Κάτω Ιωνικόν,το;0.80;1;1
45500;Κοπάνη,η;0.80;1;1
47150;Κορφοβούνιον,το;0.80;1;1
62500;Κουμαριά,η;0.80;1;1
34005;Κουρκουλοί,οι;0.80;1;1
44003;Κουρνορράχη,η;0.80;1;1
47044;Κούφαλος,ο;0.80;1;1
36072;Κοψαίικα,τα;0.80;1;1
47044;Κρύα Βρύση,η;0.80;1;1
47047;Κρύα Βρύση,η;0.80;1;1
44002;Κτίσματα,τα;0.80;1;1
47045;Κυψέλη,η;0.80;1;1
22012;Λαγκάδα,η;0.80;1;1
22016;Λαγκάδα,η;0.80;1;1
67150;Λάγος,ο;0.80;1;1
67063;Λάγος,ο;0.80;1;1
37001;Λαμπινού,η;0.80;1;1
37012;Λαμπινού,η;0.80;1;1
33053;Λεύκα,η;0.80;1;1
33059;Λεύκα,η;0.80;1;1
62500;Λευκών,ο;0.80;1;1
33057;Λιλαία,η;0.80;1;1
23150;Λόπεσι,το;0.80;1;1
23059;Λόπεσι,το;0.80;1;1
62200;Λυγαριά,η;0.80;1;1
45500;Λυκοστάνη,η;0.80;1;1
24500;Λυκουδέσιον,το;0.80;1;1
40200;Μαγούλα,η;0.80;1;1
58500;Μάνδαλον,το;0.80;1;1
27061;Μαρίνα,η;0.80;1;1
22300;Μάριον,το;0.80;1;1
66031;Μαυρολεύκη,η;0.80;1;1
43060;Μεγάλη Πέτρα,η;0.80;1;1
43066;Μεγάλη Πέτρα,η;0.80;1;1
69150;Μέση,η;0.80;1;1
67063;Μέση,η;0.80;1;1
61007;Μεσιά,η;0.80;1;1
61400;Μεσιά,η;0.80;1;1
43200;Μεσορράχη,η;0.80;1;1
43062;Μεσορράχη,η;0.80;1;1
59150;Μετόχιον Προδρόμου,το;0.80;1;1
22300;Μονή Ελώνης,η;0.80;1;1
62500;Μονοκκλησιά,η;0.80;1;1
44002;Μοσχομάντσα,η;0.80;1;1
44004;Μοσχομάντσα,η;0.80;1;1
63080;Νέα Γωνιά,η;0.80;1;1
64200;Νέα Καρυά,η;0.80;1;1
57011;Νέα Μεσημβρία,η;0.80;1;1
62042;Νέα Πέτρα,η;0.80;1;1
69400;Νέα Πέτρα,η;0.80;1;1
62050;Νέα Πέτρα,η;0.80;1;1
59031;Νεόκαστρον,το;0.80;1;1
61100;Νέον Γυναικόκαστρον,το;0.80;1;1
67200;Νέον Εράσμιον,το;0.80;1;1
58100;Νέος Μυλότοπος,ο;0.80;1;1
69300;Νεύρα,τα;0.80;1;1
57200;Νυμφόπετρα,η;0.80;1;1
61200;Ξηρόλακκος,ο;0.80;1;1
69400;Ξυλαγανή,η;0.80;1;1
61100;Ξυλοκερατέα,η;0.80;1;1
35300;Παλαιοκερασέα,η;0.80;1;1
62041;Παλαιοκώμη,η;0.80;1;1
22200;Παλαιομοίρι,το;0.80;1;1
22022;Παλαιομοίρι,το;0.80;1;1
54500;Παντελεήμων,ο;0.80;1;1
54500;Πεντάλοφος,ο;0.80;0;0
54517;Πεντάλοφος,ο;0.80;0;0
40006;Περαταριά,η;0.80;1;1
40007;Περαταριά,η;0.80;1;1
40008;Περαταριά,η;0.80;1;1
57200;Περιβολάκιον,το;0.80;1;1
46200;Πετροβίτσα,η;0.80;1;1
30017;Πετσάλια,τα;0.80;1;1
68150;Πεύκα,τα;0.80;1;1
68100;Πεύκα,τα;0.80;1;1
61100;Πικρολίμνη,η;0.80;1;1
59200;Πολυπλάτανος,ο;0.80;1;1
59034;Πολυπλάτανος,ο;0.80;1;1
47044;Ποτιστικά,τα;0.80;1;1
47047;Ποτιστικά,τα;0.80;1;1
24200;Πουλίτσιον,το;0.80;1;1
24015;Πουλίτσιον,το;0.80;1;1
40200;Πραιτώριον,το;0.80;1;1
36072;Πρατοβούνιον,το;0.80;1;1
60150;Προσήλιον,το;0.80;1;1
58500;Προφήτης Ηλίας,ο;0.80;1;1
57011;Πρόχωμα,το;0.80;1;1
22300;Πυργούδιον,το;0.80;1;1
44003;Ραδοβίζιον,το;0.80;1;1
44017;Ραδοβίζιον,το;0.80;1;1
44002;Ρεπετίστα,η;0.80;1;1
44004;Ρεπετίστα,η;0.80;1;1
61200;Ρύζια,τα;0.80;1;1
61400;Ρύζια,τα;0.80;1;1
36100;Σαρκίνη,η;0.80;1;1
36074;Σαρκίνη,η;0.80;1;1
62100;Σέρραι,αι;0.80;0;0
62101;Σέρραι,αι;0.80;0;0
62110;Σέρραι,αι;0.80;0;0
62121;Σέρραι,αι;0.80;0;0
62123;Σέρραι,αι;0.80;0;0
62124;Σέρραι,αι;0.80;0;0
62125;Σέρραι,αι;0.80;0;0
62222;Σέρραι,αι;0.80;0;0
48300;Σιστρούνιον,το;0.80;1;1
44009;Σιστρούνιον,το;0.80;1;1
69300;Σκάλωμα,το;0.80;1;1
63086;Σκήτη Τιμίου Προδρόμου Ιβήρων,η;0.80;1;1
24150;Σκουρόλακκος,ο;0.80;1;1
24020;Σκουρόλακκος,ο;0.80;1;1
58500;Σκύδρα,η;0.80;1;1
57006;Σουρωτή,η;0.80;0;0
25100;Σταυριά,η;0.80;1;1
44002;Σταυροδρόμιον,το (Τοπική Κοινότητα Παρακαλάμου);0.80;1;1
44004;Σταυροδρόμιον,το (Τοπική Κοινότητα Παρακαλάμου);0.80;1;1
67062;Σταυροχώριον,το;0.80;1;1
32009;Στεφάνη,η;0.80;1;1
30300;Στύλια,η;0.80;1;1
30026;Στύλια,η;0.80;1;1
62500;Τούμπα,η;0.80;1;1
62048;Τούμπα,η;0.80;1;1
42150;Φιλύρα,η;0.80;1;1
36071;Φτελιά,η;0.80;1;1
66031;Φτελιά,η;0.80;1;1
62300;Χορτερόν,το;0.80;1;1
22300;Χούνη,η;0.80;1;1
47040;Χρυσοπηγή,η;0.80;1;1
30021;Ψηλόβραχος,ο;0.80;1;1
67064;Άβδηρα,τα;0.79;0;0
67061;Άβδηρα,τα;0.79;0;0
22012;Αγία Βαρβάρα,η;0.79;0;0
22011;Αγία Βαρβάρα,η;0.79;0;0
33100;Αγία Ευθυμία,η;0.79;0;0
66300;Άγιος Αθανάσιος,ο;0.79;0;0
47044;Άγιος Βασίλειος,ο;0.79;0;0
47047;Άγιος Βασίλειος,ο;0.79;0;0
47044;Άγιος Βλάσιος,ο;0.79;0;0
21250;Άγιος Γεώργιος,ο;0.79;0;0
31082;Άγιος Ηλίας,ο;0.79;0;0
19012;Άγιος Νεκτάριος,ο;0.79;0;0
65500;Άγιος Σύλλας,ο;0.79;0;0
40300;Άγιος Χαράλαμπος,ο;0.79;0;0
62500;Αδελφικόν,το;0.79;0;0
27066;Αι Γιαννάκης,ο;0.79;0;0
68110;Αλεξανδρούπολις,η;0.79;0;0
68131;Αλεξανδρούπολις,η;0.79;0;0
68132;Αλεξανδρούπολις,η;0.79;0;0
68133;Αλεξανδρούπολις,η;0.79;0;0
68100;Αλεξανδρούπολις,η;0.79;0;0
48300;Αλεποχώριον,το;0.79;0;0
44009;Αλεποχώριον,το;0.79;0;0
47044;Αλωνάκι,το;0.79;0;0
47047;Αλωνάκι,το;0.79;0;0
35003;Αλώνια,τα;0.79;0;0
35016;Αλώνια,τα;0.79;0;0
40200;Αμούριον,το;0.79;0;0
22027;Αμπελάκιον,το;0.79;0;0
43150;Αμπελικόν,το;0.79;0;0
22200;Αναβρυτόν,το;0.79;0;0
22021;Αναβρυτόν,το;0.79;0;0
60150;Ανδρομάχη,η;0.79;0;0
62200;Ανθή,η;0.79;0;0
59200;Άνω Ζερβοχώριον,το;0.79;0;0
59034;Άνω Ζερβοχώριον,το;0.79;0;0
22200;Άνω Καλύβια,τα;0.79;0;0
22022;Άνω Καλύβια,τα;0.79;0;0
62500;Άνω Καμήλα,η;0.79;0;0
61200;Αξιοχώριον,το;0.79;0;0
57014;Απολλωνία,η;0.79;0;0
57020;Απολλωνία,η;0.79;0;0
58100;Αραβησσός,η;0.79;0;0
58100;Αρχοντικόν,το;0.79;0;0
22150;Αχλαδόκαμπος,ο;0.79;0;0
21057;Αχλαδόκαμπος,ο;0.79;0;0
57011;Βαθύλακκος,ο;0.79;0;0
62500;Βαμβακούσσα,η;0.79;0;0
40200;Βάρκος,ο;0.79;0;0
69300;Βέλκιον,το;0.79;0;0
27061;Βρεστόν,το;0.79;0;0
35010;Γερακλίον,το;0.79;0;0
63075;Γομάτιον,το;0.79;0;0
32150;Δαύλεια,η;0.79;0;0
32008;Δαύλεια,η;0.79;0;0
22027;Δάφνη,η;0.79;0;0
45500;Δάφνη,η;0.79;0;0
44013;Δάφνη,η;0.79;0;0
36072;Δαφνούλα,η;0.79;0;0
36070;Δαφνούλα,η;0.79;0;0
24150;Δενδρά,τα;0.79;0;0
22015;Δήμητρα,η;0.79;0;0
62042;Δήμητρα,η;0.79;0;0
24011;Διμάνδρα,η;0.79;0;0
24018;Διμάνδρα,η;0.79;0;0
60150;Δίον,το;0.79;0;0
25015;Δροσιά,η;0.79;0;0
64007;Ελευθεραί,αι;0.79;0;0
68150;Έννατο,το;0.79;0;0
57100;Εργατικές Κατοικίες,οι;0.79;0;0
56429;Ευκαρπία,η;0.79;0;0
47043;Ζαλούχος,ο;0.79;0;0
37100;Ζαρκαδοχώριον,το;0.79;0;0
44003;Ζόργιανη,η;0.79;0;0
42200;Καλαμπάκα,η;0.79;0;0
58500;Καλή,η;0.79;0;0
33053;Κάλλιον,το;0.79;0;0
41500;Καλόν Νερό,το;0.79;0;0
44002;Καλπάκιον,το;0.79;0;0
44004;Καλπάκιον,το;0.79;0;0
25007;Καλύβια,τα;0.79;0;0
25012;Καλύβια,τα;0.79;0;0
62300;Καμαρωτόν,το;0.79;0;0
34200;Καματριάδες,αι;0.79;0;0
43150;Κανάλια,τα;0.79;0;0
23051;Καρίτσα,η;0.79;0;0
23058;Καρίτσα,η;0.79;0;0
35010;Καρυαί,αι;0.79;0;0
61100;Κάτω Απόστολοι,οι;0.79;0;0
22027;Κάτω Ασέα,η;0.79;0;0
62500;Κάτω Καμήλα,η;0.79;0;0
62500;Κάτω Μητρούσιον,το;0.79;0;0
62500;Κάτω Χριστός,ο;0.79;0;0
63086;Καψάλα,η;0.79;0;0
30150;Κελλάκια,τα;0.79;0;0
25007;Κερασιά,η;0.79;0;0
69300;Κίνυρα,τα;0.79;0;0
57014;Κοκκαλού,η;0.79;0;0
57020;Κοκκαλού,η;0.79;0;0
64100;Κοκκινόχωμα,το;0.79;0;0
62500;Κουβούκλια,τα;0.79;0;0
24200;Κουλκάδα,η;0.79;0;0
24015;Κουλκάδα,η;0.79;0;0
59150;Κυδωνοχώριον,το;0.79;0;0
24200;Κυνηγός,ο;0.79;0;0
24013;Κυνηγός,ο;0.79;0;0
23150;Κυπαρίσσιον,το;0.79;0;0
23065;Κυπαρίσσιον,το;0.79;0;0
30021;Λακώματα,τα;0.79;0;0
27066;Λάλας,ο;0.79;0;0
43060;Λιβάδια,τα;0.79;0;0
61200;Λιμνότοπος,ο;0.79;0;0
58500;Λιποχώριο,το;0.79;0;0
44003;Μαζαράκιον,το;0.79;0;0
30008;Μάνδρα,η;0.79;0;0
35010;Μαντασιά,η;0.79;0;0
30008;Μαραθούλα,η;0.79;0;0
37300;Μεγάλη Βρύση,η;0.79;0;0
37010;Μεγάλη Βρύση,η;0.79;0;0
30008;Μέγας Δένδρος,ο;0.79;0;0
43060;Μελιγός,ο;0.79;0;0
57500;Μεσημέριον,το;0.79;0;0
34200;Μηλέαι,αι;0.79;0;0
37300;Μηλιές,οι;0.79;0;0
37010;Μηλιές,οι;0.79;0;0
57014;Μικρά Βόλβη,η;0.79;0;0
57011;Μικρόκαμπος,ο;0.79;0;0
26500;Μιντζαίικα,τα;0.79;0;0
61100;Μιχαλίτσι,το;0.79;0;0
61002;Μιχαλίτσι,το;0.79;0;0
24011;Μοναστήριον,το;0.79;0;0
24003;Μοναστήριον,το;0.79;0;0
82150;Μονή Αγίων Πατέρων,η;0.79;0;0
22001;Μονή Εορτακουστής,η;0.79;0;0
22006;Μονή Εορτακουστής,η;0.79;0;0
32200;Μονή Μεταμορφώσεως Σωτήρος Σαγματά,η;0.79;0;0
25100;Μονή Πεπελενίτσης,η;0.79;0;0
33200;Μονή Τιμίου Προδρόμου,η;0.79;0;0
33050;Μονή Τιμίου Προδρόμου,η;0.79;0;0
62500;Μονόβρυση,η;0.79;0;0
61100;Μπακαίικα,τα;0.79;0;0
45500;Μπαλτούμα,η;0.79;0;0
41500;Μύρα,τα;0.79;0;0
61200;Νέα Καβάλα,η;0.79;0;0
64200;Νέα Κώμη,η;0.79;0;0
59150;Νέα Λυκόγιαννη,η;0.79;0;0
69300;Νέα Σάντα,η;0.79;0;0
62500;Νέα Τυρολόη,η;0.79;0;0
60150;Νέος Άνω Άγιος Ιωάννης,ο;0.79;0;0
37100;Νεοχωράκιον,το;0.79;0;0
44002;Νεοχώριον,το;0.79;0;0
62500;Νεοχώριον,το;0.79;0;0
66031;Νεροφράκτης,ο;0.79;0;0
46300;Νεροχώριον,το;0.79;0;0
46033;Νεροχώριον,το;0.79;0;0
69300;Νικηταί,οι;0.79;0;0
62400;Παλαιόκαστρον,το;0.79;0;0
59200;Παλαιόν Ζερβοχώριον,το;0.79;0;0
59034;Παλαιόν Ζερβοχώριον,το;0.79;0;0
30300;Παλαιοχωράκιον,το;0.79;0;0
47045;Παλαιοχώριον,το (Τ.Κ.Βουργαρελίου);0.79;0;0
60300;Παλιάμπελα,τα;0.79;0;0
60061;Παλιάμπελα,τα;0.79;0;0
24005;Παπαφλέσσας,ο;0.79;0;0
24014;Παπαφλέσσας,ο;0.79;0;0
34005;Παππάδες,οι;0.79;0;0
34010;Παππάδες,οι;0.79;0;0
60065;Παραλία Παντελεήμονος,η;0.79;0;0
22015;Πελέκιον,το;0.79;0;0
81104;Πελόπη,η;0.79;0;0
47044;Περδικορράχη,η;0.79;0;0
47048;Περδικορράχη,η;0.79;0;0
37500;Περίβλεπτον,το;0.79;0;0
46300;Πλαίσιον,το;0.79;0;0
60150;Πλατανάκια,τα;0.79;0;0
25008;Πλάτανος,ο;0.79;0;0
45500;Πλατανούσσα,η;0.79;0;0
44013;Πλατανούσσα,η;0.79;0;0
26500;Πουρναρόκαστρον,το;0.79;0;0
32009;Πράσινον,το;0.79;0;0
62500;Προβατάς,ο;0.79;0;0
24500;Ραπτόπουλον,το;0.79;0;0
57014;Ρεντίνα,η;0.79;0;0
48061;Ρευματιά,η;0.79;0;0
44003;Ριάχοβον,το;0.79;0;0
40300;Ρύζιον,το;0.79;0;0
69400;Σαλμώνη,η;0.79;0;0
46200;Σαμονίδα,η;0.79;0;0
46031;Σαμονίδα,η;0.79;0;0
65500;Σανατόριον,το;0.79;0;0
60150;Σβορώνος,ο;0.79;0;0
46300;Σίταινα,η;0.79;0;0
23200;Σκυφιάνικα,τα;0.79;0;0
47150;Σουμέσιον,το;0.79;0;0
47046;Σουμέσιον,το;0.79;0;0
58300;Σταυροδρόμιον,το;0.79;0;0
67062;Σταυρούπολις,η;0.79;0;0
20006;Στιμάγκα,η;0.79;0;0
20002;Στιμάγκα,η;0.79;0;0
48061;Τρίκαστρον,το;0.79;0;0
57500;Τρίλοφον,το;0.79;0;0
36072;Τριπόταμον,το;0.79;0;0
24005;Τρύπαι,αι;0.79;0;0
22300;Τσιτάλια,τα;0.79;0;0
33056;Φιλοθέη,η;0.79;0;0
43060;Χαραυγή,η;0.79;0;0
61200;Χερσοτόπιον,το;0.79;0;0
30200;Χούνιστα,η;0.79;0;0
62500;Αγία Ελένη,η;0.78;0;0
24150;Αγία Μαρίνα,η;0.78;0;0
24020;Αγία Μαρίνα,η;0.78;0;0
57000;Αγία Παρασκευή,η;0.78;0;0
19014;Αγία Τριάδα,η;0.78;0;0
24150;Αγία Τριάς,η;0.78;0;0
32150;Αγία Τριάς,η;0.78;0;0
24020;Αγία Τριάς,η;0.78;0;0
64200;Αγίασμα,το;0.78;0;0
44002;Άγιος Γεώργιος Δολιανών,ο;0.78;0;0
44004;Άγιος Γεώργιος Δολιανών,ο;0.78;0;0
19600;Άγιος Γεώργιος,ο;0.78;0;0
23150;Άγιος Κωνσταντίνος,ο;0.78;0;0
23065;Άγιος Κωνσταντίνος,ο;0.78;0;0
45500;Άγιος Χριστόφορος,ο;0.78;0;0
35200;Άγναντη,η;0.78;0;0
34600;Αγριοσυκέα,η;0.78;0;0
34018;Αγριοσυκέα,η;0.78;0;0
57100;Άθυρα,τα;0.78;0;0
57011;Ακροπόταμος,ο;0.78;0;0
31082;Άλατρον,το;0.78;0;0
59150;Άμμος,η;0.78;0;0
69400;Αμπελάκια,τα;0.78;0;0
47045;Αμπέλια,τα (Τ.Κ.Παλαιοκατούνου);0.78;0;0
20400;Αμφιθέα,η;0.78;0;0
62041;Αμφίπολις,η;0.78;0;0
62052;Αμφίπολις,η;0.78;0;0
22200;Ανεμοδούριον,το;0.78;0;0
22021;Ανεμοδούριον,το;0.78;0;0
37100;Ανθότοπος,ο;0.78;0;0
57011;Ανθόφυτον,το;0.78;0;0
58500;Άνυδρον,το;0.78;0;0
69300;Άνω Ασκηταί,οι;0.78;0;0
64006;Άνω Λεύκη,η;0.78;0;0
40300;Άνω Σκοτούσσα,η;0.78;0;0
58100;Αξός,η;0.78;0;0
40100;Αργυροπούλειον,το;0.78;0;0
24150;Αρτεμισία,η;0.78;0;0
24020;Αρτεμισία,η;0.78;0;0
59200;Αρχάγγελος,ο;0.78;0;0
59034;Αρχάγγελος,ο;0.78;0;0
61200;Άσπρος,ο;0.78;0;0
62500;Βαλτοτόπιον,το;0.78;0;0
36100;Βαμβακιαί,αι;0.78;0;0
30500;Βαρετάδα,η;0.78;0;0
40100;Βλαχογιάννιον,το;0.78;0;0
30006;Βλιζιανά,τα;0.78;0;0
84500;Βουρκωτή,η;0.78;0;0
62400;Γεφυρούδιον,το;0.78;0;0
58100;Γιαννιτσά,τα;0.78;0;0
38500;Γλαφυρά,τα;0.78;0;0
35200;Γουλέμιον,το;0.78;0;0
22200;Γούπατα,τα;0.78;0;0
22021;Γούπατα,τα;0.78;0;0
40100;Δαμάσιον,το;0.78;0;0
64003;Δάτον,το;0.78;0;0
43150;Δαφνοσπηλιά,η;0.78;0;0
43060;Δένδρος,ο;0.78;0;0
43065;Δένδρος,ο;0.78;0;0
69300;Διώνη,η;0.78;0;0
62042;Δραβήσκος,ο;0.78;0;0
62052;Δραβήσκος,ο;0.78;0;0
27061;Δραγώγιον,το;0.78;0;0
57013;Εγνατία,η;0.78;0;0
47043;Ελαφοπήδημα,το;0.78;0;0
22200;Ελληνικόν,το;0.78;0;0
22022;Ελληνικόν,το;0.78;0;0
40300;Ερέτρια,η;0.78;0;0
62500;Καλά Δένδρα,τα;0.78;0;0
25008;Κάλανος,ο;0.78;0;0
23150;Καλύβια Θεολόγου,τα;0.78;0;0
23064;Καλύβια Θεολόγου,τα;0.78;0;0
60150;Καρίτσα,η;0.78;0;0
57011;Καστανάς,ο;0.78;0;0
36072;Καστράκιον,το (Τ.Κ.Τοπολιάνων);0.78;0;0
24011;Καστρούγκαινα,η;0.78;0;0
60300;Καταχάς,ο;0.78;0;0
60061;Καταχάς,ο;0.78;0;0
66300;Κάτω Κεφαλάριον,το;0.78;0;0
66032;Κάτω Κεφαλάριον,το;0.78;0;0
24002;Κεφαλινός,ο;0.78;0;0
24200;Κεφαλόβρυσον,το;0.78;0;0
24015;Κεφαλόβρυσον,το;0.78;0;0
44003;Κεφαλοχώριον,το;0.78;0;0
44017;Κεφαλοχώριον,το;0.78;0;0
63073;Κιουρκτσόγλου,ο;0.78;0;0
68150;Κοίμηση Θεοτόκου,η;0.78;0;0
61200;Κοκάρτζα,η;0.78;0;0
37500;Κοκκίνα,η;0.78;0;0
44003;Κοσσυβάτικα,τα;0.78;0;0
44017;Κοσσυβάτικα,τα;0.78;0;0
62500;Κρίνος,ο;0.78;0;0
19012;Κρύο Πηγάδι,το;0.78;0;0
69300;Κρωβύλη,η;0.78;0;0
62500;Κωνσταντινάτον,το;0.78;0;0
45500;Λαγκιώτισσα,η;0.78;0;0
57006;Λακκιά,η;0.78;0;0
63080;Λάκκωμα,το;0.78;0;0
60063;Λεπτοκαρυά,η;0.78;0;0
64006;Λεύκη,η;0.78;0;0
40100;Λυγαριά,η;0.78;0;0
59150;Μακροχώριον,το;0.78;0;0
59033;Μακροχώριον,το;0.78;0;0
24001;Μανιάκιον,το;0.78;0;0
24600;Μανιάκιον,το;0.78;0;0
22027;Μανιάτης,ο;0.78;0;0
62200;Μαυροθάλασσα,η;0.78;0;0
62049;Μαυροθάλασσα,η;0.78;0;0
62042;Μαυρόλοφος,ο;0.78;0;0
62052;Μαυρόλοφος,ο;0.78;0;0
21250;Μερκούριον,το;0.78;0;0
30015;Μεσάριστα,η;0.78;0;0
58100;Μεσιανόν,το;0.78;0;0
62500;Μεσοκώμη,η;0.78;0;0
62500;Μητρούσιον,το;0.78;0;0
64003;Μικροχώριον,το;0.78;0;0
69400;Μίρανα,τα;0.78;0;0
35015;Μόδιον,το;0.78;0;0
22015;Μοναστηράκιον,το;0.78;0;0
34300;Μονή Αγίου Γεωργίου,η;0.78;0;0
47045;Μονή Ευαγγελιστρίας,η;0.78;0;0
26500;Μονή Ομπλού,η;0.78;0;0
62042;Μυρρίνη,η;0.78;0;0
62052;Μυρρίνη,η;0.78;0;0
40300;Ναρθάκιον,το;0.78;0;0
54500;Νέα Φιλαδέλφεια,η;0.78;0;0
62500;Νέος Σκοπός,ο;0.78;0;0
62044;Νέος Σκοπός,ο;0.78;0;0
67062;Νεοχώριον,το;0.78;0;0
47044;Παλαιόμυλος,ο;0.78;0;0
47047;Παλαιόμυλος,ο;0.78;0;0
60300;Παλαιόν Ελευθεροχώριον,το;0.78;0;0
60066;Παλαιόν Ελευθεροχώριον,το;0.78;0;0
22010;Παλαιόπυργος,ο;0.78;0;0
22014;Παλαιόπυργος,ο;0.78;0;0
30300;Παλαιοχώριον,το;0.78;0;0
30026;Παλαιοχώριον,το;0.78;0;0
46300;Παλαμπάς,ο;0.78;0;0
32009;Πάνακτον,το;0.78;0;0
43150;Πανόραμα,το;0.78;0;0
69300;Παραλία Πετρωτών,η;0.78;0;0
62500;Παραλίμνιον,το;0.78;0;0
62200;Πατρίκιον,το;0.78;0;0
62500;Πεθελινός,ο;0.78;0;0
62048;Πεθελινός,ο;0.78;0;0
33053;Πεντάπολις,η;0.78;0;0
62500;Πεπονιά,η;0.78;0;0
40100;Περαχώρα,η;0.78;0;0
37100;Πέρδικα,η;0.78;0;0
49081;Περίθεια,η;0.78;0;0
64200;Πηγαί,αι;0.78;0;0
64011;Πηγαί,αι;0.78;0;0
47045;Πηγή,η;0.78;0;0
57500;Πλαγιάριον,το;0.78;0;0
34300;Πλατανιάς,ο;0.78;0;0
40300;Πλάτανος,ο;0.78;0;0
24009;Πολιανή,η;0.78;0;0
35010;Πολυδένδριον,το;0.78;0;0
64003;Πολύστυλον,το;0.78;0;0
40003;Ποταμιά,η;0.78;0;0
25004;Πουρναριά,η;0.78;0;0
35011;Πτελέα,η;0.78;0;0
24002;Ρευματιά,η;0.78;0;0
40300;Ρήγαιον,το;0.78;0;0
22007;Σαρακίνιον,το;0.78;0;0
22028;Σαρακίνιον,το;0.78;0;0
72200;Σελάκανον,το;0.78;0;0
72056;Σελάκανον,το;0.78;0;0
47043;Σελίον,το;0.78;0;0
61200;Σιταριά,η;0.78;0;0
62500;Σκοτούσσα,η;0.78;0;0
62500;Σκούταρι,το;0.78;0;0
45500;Σπήλαιον,το;0.78;0;0
62042;Σταθμός Αγγίστης,ο;0.78;0;0
62056;Σταθμός Αγγίστης,ο;0.78;0;0
62042;Σταθμός Λευκοθέας,ο;0.78;0;0
62056;Σταθμός Λευκοθέας,ο;0.78;0;0
24001;Σταυρός,ο;0.78;0;0
24600;Σταυρός,ο;0.78;0;0
30008;Ταξιάρχης,ο;0.78;0;0
25100;Τούμπα,η;0.78;0;0
62200;Τράγιλος,ο;0.78;0;0
62049;Τράγιλος,ο;0.78;0;0
33100;Τριταία,η;0.78;0;0
43060;Τρυγόνα,η;0.78;0;0
30004;Τρύφος,ο;0.78;0;0
48200;Τσαγκαρόπουλον,το;0.78;0;0
62200;Φλάμπουρον,το;0.78;0;0
69300;Χαμηλόν,το;0.78;0;0
23052;Χάραξ,ο;0.78;0;0
23068;Χάραξ,ο;0.78;0;0
22200;Χρούσα,η;0.78;0;0
22025;Χρούσα,η;0.78;0;0
61200;Χρυσόκαμπος,ο;0.78;0;0
62500;Ψυχικόν,το;0.78;0;0
41500;Αγία Παρασκευή,η;0.77;0;0
40006;Άγιος Κωνσταντίνος,ο;0.77;0;0
59031;Αγκαθιά,η;0.77;0;0
22027;Αγριακόνα,η;0.77;0;0
57011;Αγχίαλος,η;0.77;0;0
60300;Αιγίνιον,το;0.77;0;0
81107;Ανεμότια,η;0.77;0;0
81113;Ανεμότια,η;0.77;0;0
81108;Άργεννος,η;0.77;0;0
69300;Αρσάκειον,το;0.77;0;0
69300;Ασκηταί,οι;0.77;0;0
40300;Ασπρόγεια,η;0.77;0;0
58500;Άσπρον,το;0.77;0;0
42200;Αύρα,η;0.77;0;0
62200;Αχινός,ο;0.77;0;0
42031;Αχλαδοχώριον,το;0.77;0;0
42300;Αχλαδοχώριον,το;0.77;0;0
61200;Βακούφιον,το;0.77;0;0
57006;Βασιλικά,τα;0.77;0;0
38500;Βενέτον,το;0.77;0;0
27066;Βίλλια,η;0.77;0;0
22200;Βλαχορράπτης,ο;0.77;0;0
22022;Βλαχορράπτης,ο;0.77;0;0
37100;Γαβριανή,η;0.77;0;0
37008;Γαβριανή,η;0.77;0;0
40006;Γόννοι,οι;0.77;0;0
40004;Γόννοι,οι;0.77;0;0
40100;Δαμασούλιον,το;0.77;0;0
25100;Δάφναι,αι;0.77;0;0
47150;Δάφνη,η;0.77;0;0
59150;Διαβατός,ο;0.77;0;0
30017;Διακόπια,τα;0.77;0;0
68150;Δίκελλα,τα;0.77;0;0
68100;Δίκελλα,τα;0.77;0;0
49081;Δροσερή,η;0.77;0;0
58100;Δροσερόν,το;0.77;0;0
22012;Ελαιοχώριον,το;0.77;0;0
22018;Ελαιοχώριον,το;0.77;0;0
37001;Ελίτσα,η;0.77;0;0
49081;Ερίβα,η;0.77;0;0
40300;Θετίδιον,το;0.77;0;0
47044;Ιτέα,η;0.77;0;0
47047;Ιτέα,η;0.77;0;0
34005;Καλαμούδιον,το;0.77;0;0
22027;Καλτεζαί,αι;0.77;0;0
22002;Καλύβια Καρνέση,τα;0.77;0;0
48300;Κάμπος,ο;0.77;0;0
44009;Κάμπος,ο;0.77;0;0
24150;Καρβέλιον,το;0.77;0;0
24020;Καρβέλιον,το;0.77;0;0
25008;Καταρράκτης,ο;0.77;0;0
60100;Κατερίνη,η;0.77;0;0
60101;Κατερίνη,η;0.77;0;0
60110;Κατερίνη,η;0.77;0;0
60131;Κατερίνη,η;0.77;0;0
60132;Κατερίνη,η;0.77;0;0
60133;Κατερίνη,η;0.77;0;0
60134;Κατερίνη,η;0.77;0;0
60434;Κατερίνη,η;0.77;0;0
22200;Κάτω Γιανναίοι,οι;0.77;0;0
22021;Κάτω Γιανναίοι,οι;0.77;0;0
47043;Κάτω Γραικικόν,το;0.77;0;0
44003;Κάτω Ζάλογγον,το;0.77;0;0
44017;Κάτω Ζάλογγον,το;0.77;0;0
36072;Κάτω Ποταμιά,η;0.77;0;0
60150;Κίτρος,το;0.77;0;0
60064;Κίτρος,το;0.77;0;0
25007;Κλειτορία,η;0.77;0;0
44003;Κληματιά,η;0.77;0;0
45500;Κοκκινόχωμα,το;0.77;0;0
24200;Κορομηλέα,η;0.77;0;0
24013;Κορομηλέα,η;0.77;0;0
22027;Κουβέλια,τα;0.77;0;0
57100;Κουφάλια,τα;0.77;0;0
59031;Κυψέλη,η;0.77;0;0
30008;Λευκόν,το;0.77;0;0
23150;Λιαντίνα,η;0.77;0;0
23054;Λιαντίνα,η;0.77;0;0
30008;Λιαρέικα,τα;0.77;0;0
64008;Λουτρά Ελευθερών,τα;0.77;0;0
35011;Λουτρά Πλατυστόμου,τα;0.77;0;0
22007;Λυσσαρέα,η;0.77;0;0
22028;Λυσσαρέα,η;0.77;0;0
68150;Μάκρη,η;0.77;0;0
68100;Μάκρη,η;0.77;0;0
43060;Μακρύκαμπος,ο;0.77;0;0
43066;Μακρύκαμπος,ο;0.77;0;0
67064;Μάνδρα,η;0.77;0;0
67061;Μάνδρα,η;0.77;0;0
22200;Μάρμαρα,τα;0.77;0;0
43060;Μαυρομμάτιον,το;0.77;0;0
60300;Μεγάλη Γέφυρα,η;0.77;0;0
60061;Μεγάλη Γέφυρα,η;0.77;0;0
44003;Μελίσσιον,το;0.77;0;0
59150;Μέση,η;0.77;0;0
68150;Μεσημβρία,η;0.77;0;0
68100;Μεσημβρία,η;0.77;0;0
40100;Μεσοχώριον,το;0.77;0;0
69300;Μέστη,η;0.77;0;0
64200;Μοναστηράκιον,το;0.77;0;0
64011;Μοναστηράκιον,το;0.77;0;0
32200;Μονή Αγίας Τριάδος,η;0.77;0;0
59150;Νέα Νικομήδεια,η;0.77;0;0
64007;Νέα Πέραμος,η;0.77;0;0
63200;Νέα Τρίγλια,η;0.77;0;0
63079;Νέα Τρίγλια,η;0.77;0;0
60150;Νέα Χράνη,η;0.77;0;0
61200;Νέον Σιράκιον,το;0.77;0;0
34400;Νέος Παγώντας,ο;0.77;0;0
25006;Όασις,η;0.77;0;0
25010;Όασις,η;0.77;0;0
22001;Ορεινόν Κορακοβούνιον,το;0.77;0;0
22006;Ορεινόν Κορακοβούνιον,το;0.77;0;0
69300;Παλαιά Κρωβύλη,η;0.77;0;0
59150;Παλαιά Λυκόγιαννη,η;0.77;0;0
33053;Παλαιόκαστρον,το;0.77;0;0
58100;Παλαιός Μυλότοπος,ο;0.77;0;0
46300;Παλαιοχώριον,το (Τ.Κ.Αγίων Πάντων);0.77;0;0
22200;Παλαμάριον,το;0.77;0;0
22022;Παλαμάριον,το;0.77;0;0
22002;Παναγίτσα,η;0.77;0;0
22017;Παναγίτσα,η;0.77;0;0
68150;Πανόραμα,το;0.77;0;0
68150;Παραλία Δικελλών,η;0.77;0;0
58005;Πέλλα,η;0.77;0;0
30017;Πετρώνα,η;0.77;0;0
30018;Πετρώνα,η;0.77;0;0
27064;Πεύκη,η;0.77;0;0
22300;Πηγάδιον,το;0.77;0;0
82300;Πιτυούς,η;0.77;0;0
53533;Πολίχνη,η;0.77;0;0
56333;Πολίχνη,η;0.77;0;0
56335;Πολίχνη,η;0.77;0;0
56448;Πολίχνη,η;0.77;0;0
56449;Πολίχνη,η;0.77;0;0
56500;Πολίχνη,η;0.77;0;0
56501;Πολίχνη,η;0.77;0;0
56510;Πολίχνη,η;0.77;0;0
56532;Πολίχνη,η;0.77;0;0
56533;Πολίχνη,η;0.77;0;0
56535;Πολίχνη,η;0.77;0;0
56550;Πολίχνη,η;0.77;0;0
34300;Πολύλοφον,το;0.77;0;0
58100;Ποντοχώριον,το;0.77;0;0
42150;Πρίνος,ο;0.77;0;0
32009;Πύλη,η;0.77;0;0
44003;Σακελλαρικόν,το;0.77;0;0
69300;Σάπαι,οι;0.77;0;0
44003;Σενίκον,το;0.77;0;0
44017;Σενίκον,το;0.77;0;0
35300;Σπαρτιά,η;0.77;0;0
35013;Σπαρτιά,η;0.77;0;0
57014;Σταυρός,ο;0.77;0;0
34600;Στενή Δίρφυος,η;0.77;0;0
34014;Στενή Δίρφυος,η;0.77;0;0
22002;Στενόν,το;0.77;0;0
43060;Συκιά,η;0.77;0;0
43065;Συκιά,η;0.77;0;0
36072;Τοπόλιανα,τα;0.77;0;0
59031;Τριλοφία,η;0.77;0;0
23150;Τρύπη,η;0.77;0;0
46200;Τσαγγάριον,το;0.77;0;0
46031;Τσαγγάριον,το;0.77;0;0
27066;Φολόη,η;0.77;0;0
64200;Χαϊδευτόν,το;0.77;0;0
64011;Χαϊδευτόν,το;0.77;0;0
30021;Χαραυγή,η;0.77;0;0
30021;Αγαλιανός,ο;0.76;0;0
30150;Αγία Δευτέρα,η;0.76;0;0
64007;Αγία Μαρίνα,η;0.76;0;0
59031;Αγία Τριάς,η;0.76;0;0
48300;Άγιοι Απόστολοι,οι;0.76;0;0
63078;Άγιοι Θεόδωροι,οι;0.76;0;0
57003;Άγιος Αθανάσιος,ο;0.76;0;0
64007;Άγιος Αθανάσιος,ο;0.76;0;0
47044;Άγιος Γεώργιος,ο;0.76;0;0
47047;Άγιος Γεώργιος,ο;0.76;0;0
37001;Άγιος Δημήτριος,ο;0.76;0;0
37012;Άγιος Δημήτριος,ο;0.76;0;0
26500;Άγιος Ιωάννης,ο;0.76;0;0
30010;Άγιος Ιωάννης,ο;0.76;0;0
47045;Άγιος Μηνάς,ο;0.76;0;0
43150;Άγιος Νικόλαος,ο;0.76;0;0
35009;Άγιος Χαράλαμπος,ο;0.76;0;0
69400;Άγιος Χαράλαμπος,ο;0.76;0;0
57007;Άδενδρον,το;0.76;0;0
58300;Ακρολίμνη,η;0.76;0;0
69400;Αλκυών,η;0.76;0;0
25100;Άλσος,το;0.76;0;0
41500;Αμυγδαλέα,η;0.76;0;0
57300;Ανατολικόν,το;0.76;0;0
25003;Άνω Διακοπτόν,το;0.76;0;0
68002;Άνω Μεριά,η;0.76;0;0
64007;Αποβάθρα,η;0.76;0;0
21055;Αραχναίον,το;0.76;0;0
59300;Άραχος,ο;0.76;0;0
59032;Άραχος,ο;0.76;0;0
65500;Άσπρη Άμμος,η;0.76;0;0
57021;Ασπροβάλτα,η;0.76;0;0
48300;Βαδίστρα,η;0.76;0;0
44009;Βαδίστρα,η;0.76;0;0
57007;Βαλτοχώριον,το;0.76;0;0
19012;Βίλια,τα;0.76;0;0
23150;Βορδόνια,η;0.76;0;0
23059;Βορδόνια,η;0.76;0;0
45500;Βουλιάστα,η;0.76;0;0
57007;Βραχιά,η;0.76;0;0
47044;Γαλάνιον,το;0.76;0;0
47048;Γαλάνιον,το;0.76;0;0
57011;Γέφυρα,η;0.76;0;0
42031;Γριζάνον,το;0.76;0;0
58100;Γυψοχώριον,το;0.76;0;0
67200;Δασοχώριον,το;0.76;0;0
45500;Δελβινακόπουλον,το;0.76;0;0
14576;Διόνυσος,ο;0.76;0;0
30008;Δοκίμια,τα;0.76;0;0
27066;Δούκας,ο;0.76;0;0
19014;Δροσοπηγή,η;0.76;0;0
64007;Ελαιοχώριον,το;0.76;0;0
42150;Εξάλοφος,ο;0.76;0;0
59150;Εξωκκλήσιον,το;0.76;0;0
59300;Εργοτάξιον Λουδία,το;0.76;0;0
59032;Εργοτάξιον Λουδία,το;0.76;0;0
67064;Ερωδιός,ο;0.76;0;0
58300;Εσώβαλτα,τα;0.76;0;0
47045;Ζάλος,ο;0.76;0;0
34500;Θαρούνια,τα;0.76;0;0
65000;Καβάλα,η;0.76;0;0
65001;Καβάλα,η;0.76;0;0
65110;Καβάλα,η;0.76;0;0
65201;Καβάλα,η;0.76;0;0
65302;Καβάλα,η;0.76;0;0
65303;Καβάλα,η;0.76;0;0
65403;Καβάλα,η;0.76;0;0
65404;Καβάλα,η;0.76;0;0
35200;Καλαπόδιον,το;0.76;0;0
35009;Καλλίδρομον,το;0.76;0;0
58500;Καλλίπολις,η;0.76;0;0
63074;Καλύβια Βαρβάρας,τα;0.76;0;0
58500;Καλύβια,τα;0.76;0;0
81104;Κάπη,η;0.76;0;0
81200;Καριώνας,ο;0.76;0;0
45500;Κάτω Ασπροχώριον,το;0.76;0;0
44002;Κάτω Λάβδανη,η;0.76;0;0
64200;Κεραμωτή,η;0.76;0;0
64011;Κεραμωτή,η;0.76;0;0
34400;Κλιμάκι,το;0.76;0;0
24500;Κλώνιον,το;0.76;0;0
46300;Κοκκινιά,η;0.76;0;0
47044;Κόκκινον Λιθάριον,το;0.76;0;0
48061;Κοντάτες,οι;0.76;0;0
27054;Κοστομέρα,η;0.76;0;0
30017;Κρεμαστά Συκιάς,τα;0.76;0;0
69400;Κρυονέρι,το;0.76;0;0
30150;Κυπάρισσος,η;0.76;0;0
27066;Λάσδικας,ο;0.76;0;0
69400;Λεύκες,οι;0.76;0;0
45500;Λευκοθέα,η;0.76;0;0
22010;Λευκοχώριον,το;0.76;0;0
22003;Λευκοχώριον,το;0.76;0;0
57007;Λουδίας,ο;0.76;0;0
40006;Μακρυχώριον,το;0.76;0;0
40003;Μαρμαρίνη,η;0.76;0;0
34005;Μαρούλιον,το;0.76;0;0
69400;Μαρώνεια,η;0.76;0;0
42150;Μεγάρχη,η;0.76;0;0
35200;Μελιδόνι,το;0.76;0;0
59031;Μελίκη,η;0.76;0;0
57007;Μικρόν Μοναστήριον,το;0.76;0;0
23150;Μονή Ζερμπίτσης,η;0.76;0;0
23054;Μονή Ζερμπίτσης,η;0.76;0;0
45500;Μονολίθιον,το;0.76;0;0
44013;Μονολίθιον,το;0.76;0;0
57021;Νέα Βρασνά,τα;0.76;0;0
60150;Νέα Έφεσος,η;0.76;0;0
64007;Νέα Ηρακλίτσα,η;0.76;0;0
58005;Νέα Πέλλα,η;0.76;0;0
63080;Νέα Σίλατα,τα;0.76;0;0
59031;Νέος Πρόδρομος,ο;0.76;0;0
59300;Νεοχώριον,το;0.76;0;0
43060;Ξηρόκαμπος,ο;0.76;0;0
37001;Οβριός,ο;0.76;0;0
40006;Ομόλιον,το;0.76;0;0
40007;Ομόλιον,το;0.76;0;0
63088;Ορμύλια,η;0.76;0;0
63071;Ορμύλια,η;0.76;0;0
42150;Ουρανός,ο;0.76;0;0
47043;Παλαιομοχούστιον,το;0.76;0;0
40300;Παλαιόμυλος,ο;0.76;0;0
24001;Παλαιόν Λουτρόν,το;0.76;0;0
24600;Παλαιόν Λουτρόν,το;0.76;0;0
65500;Παλαιόν Τσιφλίκιον,το;0.76;0;0
22007;Παλούμπα,η;0.76;0;0
22028;Παλούμπα,η;0.76;0;0
83104;Πάνδροσον,το;0.76;0;0
69400;Παραθεριστικός Οικ. Συνετ/σμός Υπαλ. ΔΕΗ Κομοτηνής;0.76;0;0
40006;Παραπόταμος,ο;0.76;0;0
57007;Παρθένιον,το;0.76;0;0
23150;Περιβόλια,τα;0.76;0;0
27056;Περιβόλια,τα;0.76;0;0
23059;Περιβόλια,τα;0.76;0;0
42200;Περιστέρα,η;0.76;0;0
27066;Πέρσαινα,η;0.76;0;0
22200;Πετρίνα,η;0.76;0;0
22021;Πετρίνα,η;0.76;0;0
25100;Πετροβούνι,το;0.76;0;0
22200;Πετροβούνιον,το;0.76;0;0
22025;Πετροβούνιον,το;0.76;0;0
63072;Πλατάνια,τα;0.76;0;0
69400;Πλατανίτης,ο;0.76;0;0
27061;Πλατεία,η;0.76;0;0
59300;Πλατύ,το;0.76;0;0
59032;Πλατύ,το;0.76;0;0
40300;Πολυδάμειον,το;0.76;0;0
25006;Ποροβίτσα,η;0.76;0;0
64003;Πρόσφυγες,οι;0.76;0;0
22008;Πτεριά,η;0.76;0;0
43150;Ράζια,τα;0.76;0;0
34001;Ρούκλια,τα;0.76;0;0
58500;Σανδάλιον,το;0.76;0;0
25007;Σελλά,τα;0.76;0;0
38500;Σέσκλο,το;0.76;0;0
30150;Σιτόμενα,τα;0.76;0;0
67064;Σκάλα Αβδήρων,η;0.76;0;0
40300;Σκοτούσσα,η;0.76;0;0
48300;Σμυρτιά,η;0.76;0;0
44009;Σμυρτιά,η;0.76;0;0
42200;Σπαθάδες,οι;0.76;0;0
81200;Σπίδες,οι;0.76;0;0
38500;Σταγιάται,αι;0.76;0;0
37011;Σταγιάται,αι;0.76;0;0
22008;Σταυροδρόμιον,το;0.76;0;0
63075;Στρατώνιον,το;0.76;0;0
63082;Στρατώνιον,το;0.76;0;0
37300;Στρόφιλος,ο;0.76;0;0
56625;Συκέαι,αι;0.76;0;0
57000;Ταγαράδες,οι;0.76;0;0
22010;Τουθόα,η;0.76;0;0
22003;Τουθόα,η;0.76;0;0
27066;Τσαπαραίϊκα,τα;0.76;0;0
22001;Φούντωμα,το;0.76;0;0
57007;Χαλκηδών,η;0.76;0;0
40300;Χαλκιάδες,οι;0.76;0;0
27063;Χάνια Σπαρτουλιά,τα;0.76;0;0
44003;Χαραυγή,η;0.76;0;0
44017;Χαραυγή,η;0.76;0;0
46300;Χλομός,ο;0.76;0;0
34400;Αγία Σοφία,η;0.75;0;0
30300;Αγία Τριάδα,η;0.75;0;0
30026;Αγία Τριάδα,η;0.75;0;0
64007;Άγιος Ανδρέας,ο;0.75;0;0
27063;Άγιος Γεώργιος,ο;0.75;0;0
58500;Άγιος Γεώργιος,ο;0.75;0;0
22001;Άγιος Γεώργιος,ο (Τ.Κ.Αγίου Γεωργίου);0.75;0;0
37500;Άγιος Δημήτριος,ο;0.75;0;0
58300;Άγιος Λουκάς,ο;0.75;0;0
42200;Άγιος Νικόλαος,ο;0.75;0;0
55400;Άγιος Παύλος,ο;0.75;0;0
55401;Άγιος Παύλος,ο;0.75;0;0
55410;Άγιος Παύλος,ο;0.75;0;0
55437;Άγιος Παύλος,ο;0.75;0;0
55438;Άγιος Παύλος,ο;0.75;0;0
35150;Αγραδούλα,η;0.75;0;0
40003;Αετόλοφος,ο;0.75;0;0
20500;Αηδόνια,τα;0.75;0;0
34400;Άκραι,αι;0.75;0;0
40006;Ακρινόν,το;0.75;0;0
59300;Αλεξάνδρεια,η;0.75;0;0
24022;Αλτομιρά,τα;0.75;0;0
24016;Αλτομιρά,τα;0.75;0;0
81200;Αμπελικόν,το;0.75;0;0
65500;Αμυγδαλεών,ο;0.75;0;0
64012;Αμυγδαλεών,ο;0.75;0;0
45500;Ανθοχώριον,το;0.75;0;0
24011;Άνω Δώριον,το;0.75;0;0
35002;Άνω Καλύβια,τα;0.75;0;0
68002;Άνω Καρυώται,οι;0.75;0;0
35003;Αργυροχώριον,το;0.75;0;0
35016;Αργυροχώριον,το;0.75;0;0
69150;Αρωγή,η;0.75;0;0
67063;Αρωγή,η;0.75;0;0
23150;Βασαράς,ο;0.75;0;0
23064;Βασαράς,ο;0.75;0;0
30017;Γιαννόπουλοι,οι;0.75;0;0
30018;Γιαννόπουλοι,οι;0.75;0;0
34600;Γλυφάδα,η;0.75;0;0
34018;Γλυφάδα,η;0.75;0;0
47043;Γουριανά,τα;0.75;0;0
43060;Γριμπιανά,τα;0.75;0;0
43066;Γριμπιανά,τα;0.75;0;0
20500;Δάφνη,η;0.75;0;0
58500;Δάφνη,η;0.75;0;0
40100;Δελέρια,τα;0.75;0;0
57008;Διαβατά,τα;0.75;0;0
42150;Δίλοφον,το;0.75;0;0
47150;Δίστρατον,το;0.75;0;0
44003;Δομολεσσά,η;0.75;0;0
57007;Ελεούσα,η;0.75;0;0
59150;Επισκοπή,η;0.75;0;0
42200;Θεόπετρα,η;0.75;0;0
35015;Ιερά Μονή Μοδίου,η;0.75;0;0
40006;Ιτέα,η;0.75;0;0
40004;Ιτέα,η;0.75;0;0
59150;Καβάσιλα,τα;0.75;0;0
27063;Κακοτάριον,το;0.75;0;0
37006;Καλλιθέα,η;0.75;0;0
59150;Καλοχώριον,το;0.75;0;0
23150;Καλύβια Σοχάς,τα;0.75;0;0
22200;Καμάρα,η;0.75;0;0
22021;Καμάρα,η;0.75;0;0
59300;Καμποχώριον,το;0.75;0;0
31100;Καρυά,η;0.75;0;0
31080;Καρυά,η;0.75;0;0
44003;Καταρράκτης,ο;0.75;0;0
30017;Κατσιάδες,οι;0.75;0;0
40006;Κάτω Αιγάνη,η;0.75;0;0
40007;Κάτω Αιγάνη,η;0.75;0;0
22200;Κάτω Αναβρυτόν,το;0.75;0;0
22021;Κάτω Αναβρυτόν,το;0.75;0;0
46300;Κάτω Ξέχωρον,το;0.75;0;0
30150;Κερασέα,η;0.75;0;0
59150;Κεφαλοχώριον,το;0.75;0;0
59300;Κλειδίον,το;0.75;0;0
59032;Κλειδίον,το;0.75;0;0
47044;Κοκκινοπήλια,τα;0.75;0;0
47048;Κοκκινοπήλια,τα;0.75;0;0
22007;Κοκκινορράχη,η;0.75;0;0
22028;Κοκκινορράχη,η;0.75;0;0
48062;Κορυφούλα,η;0.75;0;0
59150;Κουλούρα,η;0.75;0;0
42031;Κρήνη,η;0.75;0;0
42300;Κρήνη,η;0.75;0;0
47044;Κρισέλια,τα;0.75;0;0
40100;Κριτήρι,το;0.75;0;0
58300;Κρύα Βρύση,η;0.75;0;0
63075;Κρυονέρι,το;0.75;0;0
57300;Κύμινα,τα;0.75;0;0
41500;Κυπάρισσος,η;0.75;0;0
47044;Λάκκα,η;0.75;0;0
47048;Λάκκα,η;0.75;0;0
47044;Λαμπίριον,το;0.75;0;0
47047;Λαμπίριον,το;0.75;0;0
49081;Λαύκιον,το;0.75;0;0
67064;Λεύκιππος,ο;0.75;0;0
59300;Λιανοβέργιον,το;0.75;0;0
59032;Λιανοβέργιον,το;0.75;0;0
58500;Λιπαρόν,το;0.75;0;0
59300;Λουτρός,ο;0.75;0;0
72200;Μαθοκοτσανά,τα;0.75;0;0
72056;Μαθοκοτσανά,τα;0.75;0;0
22027;Μαυρογιάννης,ο;0.75;0;0
49081;Μέγγουλας,ο;0.75;0;0
60300;Μεθώνη,η;0.75;0;0
60066;Μεθώνη,η;0.75;0;0
43060;Μελάνυδρον,το;0.75;0;0
43066;Μελάνυδρον,το;0.75;0;0
58100;Μελίσσιον,το;0.75;0;0
63088;Μετόχι,το;0.75;0;0
44003;Μηλέα,η;0.75;0;0
44017;Μηλέα,η;0.75;0;0
37500;Μικρόν Περιβολάκιον,το;0.75;0;0
72200;Μινός,ο;0.75;0;0
72056;Μινός,ο;0.75;0;0
24150;Μονή Διμιόβης,η;0.75;0;0
43060;Μουζάκιον,το;0.75;0;0
25100;Μπούκα,η;0.75;0;0
25009;Μπούκα,η;0.75;0;0
25100;Μπουφούσκια,η;0.75;0;0
57008;Νέα Μαγνησία,η;0.75;0;0
62041;Νέα Μεσολακκιά,η;0.75;0;0
62052;Νέα Μεσολακκιά,η;0.75;0;0
59300;Νησελλούδιον,το;0.75;0;0
59300;Νησίον,το;0.75;0;0
59150;Ξεχασμένη,η;0.75;0;0
57014;Ολυμπιάς,η;0.75;0;0
63200;Όλυνθος,η;0.75;0;0
64008;Οφρύνιον,το;0.75;0;0
25007;Παγκραταίικα Καλύβια,τα;0.75;0;0
34005;Παλαιόβρυση,η;0.75;0;0
34010;Παλαιόβρυση,η;0.75;0;0
30010;Παλαιοκαρυά,η;0.75;0;0
59150;Παλαιόν Σκυλλίτσιον,το;0.75;0;0
36071;Παλαιοχώριον,το;0.75;0;0
58100;Παλαίφυτον,το;0.75;0;0
45500;Παλιουρή,η;0.75;0;0
43300;Παλιούριον,το;0.75;0;0
47044;Παναγιά,η;0.75;0;0
34500;Παναγία,η;0.75;0;0
64007;Παραλία Ελαιοχωρίου,η;0.75;0;0
69150;Παραλία Μέσης,η;0.75;0;0
67063;Παραλία Μέσης,η;0.75;0;0
60063;Παραλία Σκοτίνης,η;0.75;0;0
58100;Παραλίμνη,η;0.75;0;0
43060;Πετρωτά,τα;0.75;0;0
46200;Πλακωτή,η;0.75;0;0
60065;Πλαταμών,ο;0.75;0;0
46300;Πλάτανος,ο;0.75;0;0
59300;Πλάτανος,ο;0.75;0;0
46032;Πλάτανος,ο;0.75;0;0
59032;Πλάτανος,ο;0.75;0;0
23150;Πολοβίτσα,η;0.75;0;0
23054;Πολοβίτσα,η;0.75;0;0
33057;Πολύδροσος,η;0.75;0;0
33051;Πολύδροσος,η;0.75;0;0
25200;Πολύλοφον,το;0.75;0;0
48300;Πολυστάφυλον,το;0.75;0;0
59300;Πρασινάδα,η;0.75;0;0
59032;Πρασινάδα,η;0.75;0;0
59031;Πρόδρομος,ο;0.75;0;0
47044;Προσήλια,τα;0.75;0;0
69400;Προφήτης Ηλίας,ο;0.75;0;0
43060;Πύργος Ιθώμης,ο;0.75;0;0
67200;Ραδιοσταθμός,ο;0.75;0;0
59150;Ραψομανίκιον,το;0.75;0;0
40100;Ροδιά,η;0.75;0;0
59300;Σάντα,η;0.75;0;0
42200;Σαρακήνα,η;0.75;0;0
33056;Σεργούλα,η;0.75;0;0
57023;Σίνδος,η;0.75;0;0
57400;Σίνδος,η;0.75;0;0
57022;Σίνδος,η;0.75;0;0
32009;Σκούρτα,τα;0.75;0;0
23150;Σουλήνα,η;0.75;0;0
23059;Σουλήνα,η;0.75;0;0
22008;Σπάθαρης,ο;0.75;0;0
35002;Σταθμός,ο (Δ.Κ.Αμφικλείας);0.75;0;0
30150;Σταυρός,ο;0.75;0;0
59150;Σταυρός,ο;0.75;0;0
56000;Σταυρούπολις,η;0.75;0;0
56400;Σταυρούπολις,η;0.75;0;0
56401;Σταυρούπολις,η;0.75;0;0
56404;Σταυρούπολις,η;0.75;0;0
56410;Σταυρούπολις,η;0.75;0;0
56430;Σταυρούπολις,η;0.75;0;0
56431;Σταυρούπολις,η;0.75;0;0
56435;Σταυρούπολις,η;0.75;0;0
56436;Σταυρούπολις,η;0.75;0;0
56437;Σταυρούπολις,η;0.75;0;0
59300;Σχοινάς,ο;0.75;0;0
40006;Τέμπη,τα;0.75;0;0
40004;Τέμπη,τα;0.75;0;0
32009;Τζιγκουράτι,το;0.75;0;0
59300;Τρίκαλα,τα;0.75;0;0
59032;Τρίκαλα,τα;0.75;0;0
58100;Τριφύλλιον,το;0.75;0;0
30015;Τσιλιγιανναίικα,τα;0.75;0;0
69150;Φανάριον,το;0.75;0;0
67063;Φανάριον,το;0.75;0;0
57000;Φιλοθέη,η;0.75;0;0
23150;Φουνταίικα,τα;0.75;0;0
23065;Φουνταίικα,τα;0.75;0;0
47150;Φράξος,ο;0.75;0;0
47046;Φράξος,ο;0.75;0;0
64006;Χαλκερόν,το;0.75;0;0
21250;Χέλμης,ο;0.75;0;0
34200;Αγδίναι,αι;0.74;0;0
40006;Αγία Παρασκευή,η;0.74;0;0
40007;Αγία Παρασκευή,η;0.74;0;0
40100;Αγία Σοφία,η;0.74;0;0
48200;Αγία Φανερωμένη,η;0.74;0;0
37300;Άγιος Βλάσιος,ο;0.74;0;0
25100;Άγιος Ηλίας,ο;0.74;0;0
40300;Άγιος Κωνσταντίνος,ο;0.74;0;0
36072;Άγιος Προκόπιος,ο;0.74;0;0
81105;Άγρα,η;0.74;0;0
25006;Αιγαί,αι;0.74;0;0
25010;Αιγαί,αι;0.74;0;0
73011;Αμμουδάριον,το;0.74;0;0
73013;Αμμουδάριον,το;0.74;0;0
34001;Αντιάς,ο;0.74;0;0
27063;Αντρώνιον,το;0.74;0;0
24500;Άνυδρον,το;0.74;0;0
40300;Άνω Βασιλικά,τα;0.74;0;0
30011;Άνω Κεράσοβον,το;0.74;0;0
72052;Αργυρό Νερό,το;0.74;0;0
63078;Άσσα,η;0.74;0;0
22200;Ατσίχολος,ο;0.74;0;0
22022;Ατσίχολος,ο;0.74;0;0
40300;Αχίλλειον,το;0.74;0;0
48062;Βαλανιδούσσα,η;0.74;0;0
31100;Βαυκερή,η;0.74;0;0
31080;Βαυκερή,η;0.74;0;0
36072;Βέρνικον,το;0.74;0;0
25100;Βοτένη,η;0.74;0;0
59300;Βρυσάκιον,το;0.74;0;0
63075;Γαβράδια,τα;0.74;0;0
21250;Γαλαναίικα,τα;0.74;0;0
58300;Γαλατάδες,οι;0.74;0;0
48300;Γαλήνη,η;0.74;0;0
40003;Γερακάριον,το;0.74;0;0
34008;Γέροντας,ο;0.74;0;0
43060;Γεώργιος Καραϊσκάκης,ο;0.74;0;0
25100;Δαμακίνιον,το;0.74;0;0
42150;Δενδροχώριον,το;0.74;0;0
42150;Διαλεκτόν,το;0.74;0;0
24200;Δραΐνα,η;0.74;0;0
24013;Δραΐνα,η;0.74;0;0
33100;Ελαιών,ο;0.74;0;0
42150;Ελευθεροχώριον,το;0.74;0;0
22200;Ελληνίτσα,η;0.74;0;0
22021;Ελληνίτσα,η;0.74;0;0
56200;Εύοσμον,το;0.74;0;0
56201;Εύοσμον,το;0.74;0;0
56210;Εύοσμον,το;0.74;0;0
56224;Εύοσμον,το;0.74;0;0
56225;Εύοσμον,το;0.74;0;0
56226;Εύοσμον,το;0.74;0;0
56231;Εύοσμον,το;0.74;0;0
56238;Εύοσμον,το;0.74;0;0
56424;Εύοσμον,το;0.74;0;0
56425;Εύοσμον,το;0.74;0;0
56438;Εύοσμον,το;0.74;0;0
56450;Εύοσμον,το;0.74;0;0
56600;Εύοσμον,το;0.74;0;0
56601;Εύοσμον,το;0.74;0;0
56610;Εύοσμον,το;0.74;0;0
56622;Εύοσμον,το;0.74;0;0
56626;Εύοσμον,το;0.74;0;0
14576;Εφέδρων - Αναγέννηση,η;0.74;0;0
21250;Ζόγκα,η;0.74;0;0
63200;Ζωγράφου,ο;0.74;0;0
47045;Θανάσια,τα;0.74;0;0
25003;Καθολικόν,το;0.74;0;0
23150;Καλλονή,η;0.74;0;0
44003;Καλοχώριον,το;0.74;0;0
46200;Καριώτιον,το;0.74;0;0
27061;Κάρμιον,το;0.74;0;0
24022;Καρυοβούνιον,το;0.74;0;0
24024;Καρυοβούνιον,το;0.74;0;0
58100;Καρυώτισσα,η;0.74;0;0
58001;Καρυώτισσα,η;0.74;0;0
48200;Καστρίον,το;0.74;0;0
40300;Κάτω Βασιλικά,τα;0.74;0;0
47044;Κάτω Καρυά,η;0.74;0;0
47048;Κάτω Καρυά,η;0.74;0;0
37001;Κάτω Ξορύχτι,το;0.74;0;0
47150;Κεντρικόν,το;0.74;0;0
27064;Κλινδιά,η;0.74;0;0
64002;Κοίνυρα,η (νησίς);0.74;0;0
45500;Κολυζωαίοι,οι;0.74;0;0
59300;Κορυφή,η;0.74;0;0
63077;Κρυοπηγή,η;0.74;0;0
59300;Κυδωνέα,η;0.74;0;0
59032;Κυδωνέα,η;0.74;0;0
24011;Κυψέλη,η;0.74;0;0
24018;Κυψέλη,η;0.74;0;0
23052;Λαμπόκαμπος,ο;0.74;0;0
23068;Λαμπόκαμπος,ο;0.74;0;0
20500;Λεόντιον,το;0.74;0;0
81108;Λεπέτυμνος,ο;0.74;0;0
62041;Λογκάρι,το;0.74;0;0
62052;Λογκάρι,το;0.74;0;0
41500;Λουτρόν,το;0.74;0;0
47150;Λούτσα,η;0.74;0;0
47043;Μακρύκαμπος,ο;0.74;0;0
34004;Μαρκάται,αι;0.74;0;0
43150;Μαυρονέριον,το;0.74;0;0
27061;Μελίσσια,τα;0.74;0;0
27062;Μελίσσια,τα;0.74;0;0
72052;Μέσα Ποτάμοι,οι;0.74;0;0
47044;Μεσόπυργος,ο;0.74;0;0
47047;Μεσόπυργος,ο;0.74;0;0
45500;Μεσούρα,η;0.74;0;0
24001;Μεταξάδα,η;0.74;0;0
24600;Μεταξάδα,η;0.74;0;0
41500;Μικρόλιθος,ο;0.74;0;0
22027;Μονή Αγίου Νικολάου Καλτεζών,η;0.74;0;0
35200;Μονή Αγίων Αναργύρων,η;0.74;0;0
63086;Μονή Κωνσταμονίτου,η;0.74;0;0
36072;Μονή Τατάρνης,η;0.74;0;0
62042;Μύρκινος,ο;0.74;0;0
62052;Μύρκινος,ο;0.74;0;0
60300;Νέα Αγαθούπολις,η;0.74;0;0
60066;Νέα Αγαθούπολις,η;0.74;0;0
62041;Νέα Αμφίπολις,η;0.74;0;0
62052;Νέα Αμφίπολις,η;0.74;0;0
57300;Νέα Μάλγαρα,τα;0.74;0;0
82150;Νέα Μονή,η;0.74;0;0
54632;Νεάπολις,η;0.74;0;0
27066;Νεμούτα,η;0.74;0;0
36072;Νέον Αργύριον,το;0.74;0;0
36070;Νέον Αργύριον,το;0.74;0;0
57000;Νέον Ρύσιον,το;0.74;0;0
63080;Νεοχωράκιον,το;0.74;0;0
36071;Νεοχώριον,το;0.74;0;0
40300;Νεράιδα,η;0.74;0;0
59300;Νησέλλιον,το;0.74;0;0
40003;Οστροβός,ο;0.74;0;0
34004;Παγώντας,ο;0.74;0;0
67064;Παιδικαί Κατασκηνώσεις,αι;0.74;0;0
42150;Παλαιομονάστηρον,το;0.74;0;0
59300;Παλαιόχωρα,η;0.74;0;0
23150;Παλαιοχώριον,το;0.74;0;0
23054;Παλαιοχώριον,το;0.74;0;0
27063;Πανόπουλος,ο;0.74;0;0
64200;Παραλία Αγιάσματος,η;0.74;0;0
36100;Παρκιό,το;0.74;0;0
30017;Πατιόπουλον,το;0.74;0;0
30017;Παυλιάδα,η;0.74;0;0
83301;Πέζιον,το;0.74;0;0
44003;Πέραμα,το;0.74;0;0
44017;Πέραμα,το;0.74;0;0
60150;Περίστασις,η;0.74;0;0
40100;Περίχωρα,τα;0.74;0;0
27056;Πετράλωνα,τα;0.74;0;0
69300;Πετρωτά,τα;0.74;0;0
42031;Πετρωτόν,το;0.74;0;0
42300;Πετρωτόν,το;0.74;0;0
60063;Πλάκα,η;0.74;0;0
30150;Πλάτανος,ο (Τοπική Κοινότητα Αμπελίων);0.74;0;0
63200;Πορταριά,η;0.74;0;0
40003;Πρινιάς,ο;0.74;0;0
30010;Προσήλια,τα;0.74;0;0
69400;Προσκυνηταί,οι;0.74;0;0
24011;Πτέρη,η;0.74;0;0
24021;Πτέρη,η;0.74;0;0
27061;Ράμα,το;0.74;0;0
41500;Ραχούλα,η;0.74;0;0
44003;Ρίζον,το;0.74;0;0
47043;Σγάρα,η;0.74;0;0
34005;Σκεπαστή,η;0.74;0;0
25007;Σπηλιά,η;0.74;0;0
30023;Σωτήρω,η;0.74;0;0
30024;Σωτήρω,η;0.74;0;0
41500;Τερψιθέα,η;0.74;0;0
34500;Τραχήλιον,το;0.74;0;0
33056;Τρίκορφον,το;0.74;0;0
21250;Τσιρίστρα,η;0.74;0;0
21058;Τσιρίστρα,η;0.74;0;0
45500;Τύρια,η;0.74;0;0
40100;Τύρναβος,ο;0.74;0;0
22200;Φαναΐτη,η;0.74;0;0
81107;Φίλια,η;0.74;0;0
81113;Φίλια,η;0.74;0;0
30017;Φτελιά,η;0.74;0;0
57300;Χαλάστρα,η;0.74;0;0
24011;Χαλκιάς,ο;0.74;0;0
24018;Χαλκιάς,ο;0.74;0;0
41500;Ψυχικόν,το;0.74;0;0
34005;Αγία Άννα,η;0.73;0;0
34010;Αγία Άννα,η;0.73;0;0
45500;Αγία Παρασκευή,η;0.73;0;0
63085;Αγία Παρασκευή,η;0.73;0;0
57009;Αγία Σοφία,η;0.73;0;0
30017;Άγιοι Θεόδωροι,οι;0.73;0;0
42200;Άγιοι Θεόδωροι,οι;0.73;0;0
36071;Άγιος Γεώργιος,ο;0.73;0;0
41500;Άγιος Γεώργιος,ο;0.73;0;0
36073;Άγιος Γεώργιος,ο;0.73;0;0
37500;Αερινόν,το;0.73;0;0
48062;Αηδονιά,η;0.73;0;0
62041;Ακτή Νέων Κερδυλίων,η;0.73;0;0
62052;Ακτή Νέων Κερδυλίων,η;0.73;0;0
36100;Αμπέλια,τα;0.73;0;0
36074;Αμπέλια,τα;0.73;0;0
40400;Αμπελών,ο;0.73;0;0
38500;Ανεμούτσα,η;0.73;0;0
41500;Άνω Βούναινα,τα;0.73;0;0
26500;Άνω Καστρίτσιον,το;0.73;0;0
26504;Άνω Καστρίτσιον,το;0.73;0;0
48061;Άνω Ράχη,η;0.73;0;0
42150;Αρδάνιον,το;0.73;0;0
43060;Αρδάνοβον,το;0.73;0;0
43066;Αρδάνοβον,το;0.73;0;0
30019;Αρχοντοχώριον,το;0.73;0;0
34005;Αχλάδιον,το;0.73;0;0
34010;Αχλάδιον,το;0.73;0;0
42150;Βαλτινόν,το;0.73;0;0
42200;Βασιλική,η;0.73;0;0
35011;Βίτολη,η;0.73;0;0
41500;Βούναινα,τα;0.73;0;0
22015;Βούτσης,ο;0.73;0;0
40400;Βρυότοπος,ο;0.73;0;0
46300;Βρυσούλα,η;0.73;0;0
20500;Γαλατάς,ο;0.73;0;0
24005;Γαμβριά,η;0.73;0;0
22200;Γραικός,ο;0.73;0;0
22021;Γραικός,ο;0.73;0;0
40300;Δένδρα,τα;0.73;0;0
41500;Δένδρα,τα;0.73;0;0
30008;Διάσελλον,το;0.73;0;0
47044;Δίλοφο,το;0.73;0;0
63078;Ελαιώνας,ο;0.73;0;0
40006;Ελάτεια,η;0.73;0;0
41500;Ελευθεραί,αι;0.73;0;0
56334;Ελευθέριο - Κορδελιό,το;0.73;0;0
24150;Εμιαλοί,οι;0.73;0;0
24020;Εμιαλοί,οι;0.73;0;0
42031;Ζάρκος,ο;0.73;0;0
22002;Ζευγολατιόν,το;0.73;0;0
47044;Ζυγός,ο;0.73;0;0
47048;Ζυγός,ο;0.73;0;0
57001;Θέρμη,η;0.73;0;0
30015;Καζαναίικα,τα;0.73;0;0
63077;Κασσανδρηνόν,το;0.73;0;0
34200;Καστανιώτισσα,η;0.73;0;0
40300;Καστράκιον,το;0.73;0;0
24200;Κάτω Βούταινα,η;0.73;0;0
24015;Κάτω Βούταινα,η;0.73;0;0
22010;Κάτω Καλύβια,τα;0.73;0;0
22014;Κάτω Καλύβια,τα;0.73;0;0
47044;Κλειδίον,το;0.73;0;0
47048;Κλειδίον,το;0.73;0;0
41500;Κοιλάδα,η;0.73;0;0
37500;Κοκκαλαίικα,τα;0.73;0;0
46300;Κοκκινολιθάριον,το;0.73;0;0
46033;Κοκκινολιθάριον,το;0.73;0;0
81200;Κολυμβάτερα,τα;0.73;0;0
24005;Κοντογόνιον,το;0.73;0;0
24014;Κοντογόνιον,το;0.73;0;0
60150;Κορινός,ο;0.73;0;0
60062;Κορινός,ο;0.73;0;0
34600;Κοτσίκια,τα;0.73;0;0
34018;Κοτσίκια,τα;0.73;0;0
30008;Κουλούρια,τα;0.73;0;0
45500;Κουμαριά,η;0.73;0;0
20009;Κουμαριάς,ο;0.73;0;0
30015;Κυψέλη,η;0.73;0;0
22200;Λεοντάριον,το;0.73;0;0
22021;Λεοντάριον,το;0.73;0;0
47043;Λιβάδιον,το;0.73;0;0
48300;Λιβάδιον,το;0.73;0;0
44009;Λιβάδιον,το;0.73;0;0
60063;Λιμήν Λιτοχώρου,ο;0.73;0;0
60300;Μακρύγιαλος,ο;0.73;0;0
60066;Μακρύγιαλος,ο;0.73;0;0
22200;Μαλλωτά,τα;0.73;0;0
41500;Μάνδρα,η;0.73;0;0
24005;Μαργέλιον,το;0.73;0;0
24014;Μαργέλιον,το;0.73;0;0
42150;Ματσουκιώτικα,τα;0.73;0;0
30500;Μέγας Κάμπος,ο;0.73;0;0
30014;Μελικιναίικα,τα;0.73;0;0
41500;Μεσορράχη,η;0.73;0;0
40003;Μετόχια,τα;0.73;0;0
27066;Μηλέαι,αι;0.73;0;0
47045;Μητσορούβα,η;0.73;0;0
25008;Μιράλιον,το;0.73;0;0
25200;Μονή Αγίου Νικολάου,η;0.73;0;0
21059;Μονή Καλαμίου,η;0.73;0;0
33054;Μονή Προφήτη Ηλία,η;0.73;0;0
33055;Μονή Προφήτη Ηλία,η;0.73;0;0
45500;Μπούλμου,η;0.73;0;0
27061;Μύλοι,οι;0.73;0;0
23150;Μυστράς,ο;0.73;0;0
57000;Νέα Ραιδεστός,η;0.73;0;0
34600;Νίκη,η;0.73;0;0
34018;Νίκη,η;0.73;0;0
73005;Ομαλός,ο;0.73;0;0
47040;Παλαιά Φλωριάδα,η;0.73;0;0
47045;Παλαιοκάτουνον,το;0.73;0;0
48300;Παλαιοχώριον,το;0.73;0;0
44009;Παλαιοχώριον,το;0.73;0;0
64007;Παραλία Μυρτοφύτου,η;0.73;0;0
24002;Πεύκον,το;0.73;0;0
20300;Πίσια,τα;0.73;0;0
40100;Πλατανούλια,τα;0.73;0;0
43060;Πράβα,η;0.73;0;0
43066;Πράβα,η;0.73;0;0
63086;Προβάτα - Μορφονού,η (Ιερά Μονή Μεγίστης Λαύρας);0.73;0;0
63078;Πυργαδίκια,τα;0.73;0;0
64007;Πύργος,ο;0.73;0;0
47043;Ρωμανός,ο;0.73;0;0
26500;Σελλά,τα;0.73;0;0
26504;Σελλά,τα;0.73;0;0
23150;Σελλασία,η;0.73;0;0
23064;Σελλασία,η;0.73;0;0
81103;Σκαλοχώριον,το;0.73;0;0
81110;Σκαλοχώριον,το;0.73;0;0
23200;Σκαμνίτσα,η;0.73;0;0
63086;Σκήτη Αγίου Παντελεήμονος,η;0.73;0;0
22200;Σουλάριον,το;0.73;0;0
22021;Σουλάριον,το;0.73;0;0
41500;Σοφόν,το;0.73;0;0
27061;Στρογγυλόν,το;0.73;0;0
34600;Στρόπωνες,αι;0.73;0;0
34014;Στρόπωνες,αι;0.73;0;0
81104;Συκαμινέα,η;0.73;0;0
63072;Συκέα,η;0.73;0;0
37006;Συκή,η;0.73;0;0
41500;Συνοικισμός Προσφύγων,ο;0.73;0;0
22008;Συριαμάκος,ο;0.73;0;0
21250;Σχινοχώριον,το;0.73;0;0
54351;Τριανδρία,η;0.73;0;0
55337;Τριανδρία,η;0.73;0;0
48062;Τσεκούριον,το;0.73;0;0
81109;Υψηλομέτωπον,το;0.73;0;0
43150;Φανάριον,το;0.73;0;0
43064;Φανάριον,το;0.73;0;0
42150;Φήκη,η;0.73;0;0
41500;Χαρά,η;0.73;0;0
31082;Χορτάτα,τα;0.73;0;0
36072;Χρίσοβα,η;0.73;0;0
19012;Αγία Παρασκευή,η;0.72;0;0
19014;Αγία Παρασκευή,η;0.72;0;0
30500;Αγία Τριάς,η;0.72;0;0
60300;Αγιάννης,ο;0.72;0;0
60066;Αγιάννης,ο;0.72;0;0
35200;Άγιος Βλάσιος,ο;0.72;0;0
43200;Άγιος Δημήτριος,ο;0.72;0;0
63078;Άγιος Νικόλαος,ο;0.72;0;0
21250;Άγιος Στέφανος,ο;0.72;0;0
19600;Άγιος Σωτήρ,ο;0.72;0;0
47045;Άγιος Χαράλαμπος,ο;0.72;0;0
24150;Αγριόματα,η;0.72;0;0
37500;Αγροκήπιον,το;0.72;0;0
54629;Αμπελόκηποι,οι;0.72;0;0
40003;Ανάβρα,η;0.72;0;0
43063;Ανάβρα,η;0.72;0;0
35300;Άνυδρον,το;0.72;0;0
47044;Άνω Καλεντίνη,η;0.72;0;0
47044;Άνω Πέτρα,η;0.72;0;0
41500;Αργυρόμυλος,ο;0.72;0;0
25015;Βελιμάχιον,το;0.72;0;0
36072;Βρεκαίικα,τα;0.72;0;0
35010;Γαβράκια,τα;0.72;0;0
44003;Γαρδίκιον,το;0.72;0;0
44017;Γαρδίκιον,το;0.72;0;0
41500;Γυρτώνη,η;0.72;0;0
41500;Δασοχώριον,το;0.72;0;0
32009;Δάφνη,η;0.72;0;0
33054;Δελφοί,οι;0.72;0;0
41500;Δίλοφον,το;0.72;0;0
63200;Διονυσίου,ο;0.72;0;0
22008;Δόξα,η;0.72;0;0
46100;Δρίμιτσα,η;0.72;0;0
37100;Δρυμών,ο;0.72;0;0
37008;Δρυμών,ο;0.72;0;0
20400;Ελληνικόν,το;0.72;0;0
20013;Ελληνικόν,το;0.72;0;0
35200;Έξαρχος,ο;0.72;0;0
57500;Επανομή,η;0.72;0;0
47150;Ζυγός,ο;0.72;0;0
35010;Θαυμακόν,το;0.72;0;0
19600;Θέα,η;0.72;0;0
25006;Καλαμιάς,ο;0.72;0;0
25014;Καλαμιάς,ο;0.72;0;0
46200;Καλλιθέα,η;0.72;0;0
64010;Καλλιράχη,η;0.72;0;0
47045;Καλλονή,η;0.72;0;0
38500;Καμάρι,το;0.72;0;0
21250;Καπαρέλλιον,το;0.72;0;0
21058;Καπαρέλλιον,το;0.72;0;0
43060;Καππάς,ο;0.72;0;0
43064;Καππάς,ο;0.72;0;0
63087;Καρούλια,τα (Ιερά Μονή Μεγίστης Λαύρας);0.72;0;0
41500;Κάστρον,το;0.72;0;0
44003;Κάτω Βερενίκη,η;0.72;0;0
44017;Κάτω Βερενίκη,η;0.72;0;0
30008;Κάτω Χρυσοβίτσα,η;0.72;0;0
42150;Κεφαλόβρυσον,το;0.72;0;0
64004;Κοίνυρα,τα;0.72;0;0
40006;Κόρακας,ο;0.72;0;0
45500;Κούρεντα,τα;0.72;0;0
24200;Κουτίφαρης,ο;0.72;0;0
24015;Κουτίφαρης,ο;0.72;0;0
20500;Κούτσιον,το;0.72;0;0
40003;Κουτσουπιά,η;0.72;0;0
41500;Κουτσόχερον,το;0.72;0;0
41500;Κρύα Βρύση,η;0.72;0;0
48100;Κρυοπηγή,η;0.72;0;0
46300;Κώτσικα,η;0.72;0;0
24150;Λαδάς,ο;0.72;0;0
24020;Λαδάς,ο;0.72;0;0
41000;Λάρισα,η;0.72;0;0
41001;Λάρισα,η;0.72;0;0
41002;Λάρισα,η;0.72;0;0
41004;Λάρισα,η;0.72;0;0
41110;Λάρισα,η;0.72;0;0
41221;Λάρισα,η;0.72;0;0
41222;Λάρισα,η;0.72;0;0
41223;Λάρισα,η;0.72;0;0
41234;Λάρισα,η;0.72;0;0
41236;Λάρισα,η;0.72;0;0
41334;Λάρισα,η;0.72;0;0
41335;Λάρισα,η;0.72;0;0
41336;Λάρισα,η;0.72;0;0
41435;Λάρισα,η;0.72;0;0
41447;Λάρισα,η;0.72;0;0
41448;Λάρισα,η;0.72;0;0
32150;Λαφύστιον,το;0.72;0;0
30008;Λιβάδι,το;0.72;0;0
44003;Λίθινον,το;0.72;0;0
43300;Λουτρόν,το;0.72;0;0
42150;Λυγαριά,η;0.72;0;0
24200;Μαγγανιακόν,το;0.72;0;0
24013;Μαγγανιακόν,το;0.72;0;0
30015;Μακρινού,η;0.72;0;0
81101;Μεγάλη Λίμνη,η;0.72;0;0
40003;Μέλια,τα;0.72;0;0
42150;Μέλιγος,ο;0.72;0;0
54628;Μενεμένη,η;0.72;0;0
54660;Μενεμένη,η;0.72;0;0
56102;Μενεμένη,η;0.72;0;0
56122;Μενεμένη,η;0.72;0;0
56300;Μενεμένη,η;0.72;0;0
56301;Μενεμένη,η;0.72;0;0
56310;Μενεμένη,η;0.72;0;0
56428;Μενεμένη,η;0.72;0;0
56439;Μενεμένη,η;0.72;0;0
22007;Μονή Αγίου Ιωάννου Προδρόμου,η;0.72;0;0
22024;Μονή Αγίου Ιωάννου Προδρόμου,η;0.72;0;0
63086;Μονή Καρακάλλου,η;0.72;0;0
13351;Μονή Κοιμήσεως Θεοτόκου Κλειστών,η;0.72;0;0
19600;Μονή Οσίου Μελετίου,η;0.72;0;0
41500;Μοσχοχώριον,το;0.72;0;0
62041;Νέα Κερδύλια,τα;0.72;0;0
62052;Νέα Κερδύλια,τα;0.72;0;0
45500;Νέα Μουσιωτίτσα,η;0.72;0;0
41500;Νέον Περιβόλιον,το;0.72;0;0
40300;Ξυλάδες,οι;0.72;0;0
64008;Ορφάνιον,το;0.72;0;0
40006;Όσσα,η;0.72;0;0
30008;Παλιουριά,η;0.72;0;0
35011;Παπαδέικα,τα;0.72;0;0
40006;Παπαπούλι,το;0.72;0;0
40007;Παπαπούλι,το;0.72;0;0
22200;Παραδείσια,τα;0.72;0;0
34500;Παρθένιον,το;0.72;0;0
23150;Παρόρειον,το;0.72;0;0
42031;Πηνειάς,η;0.72;0;0
37300;Πλάκα,η;0.72;0;0
37010;Πλάκα,η;0.72;0;0
22001;Πλατάνα,η;0.72;0;0
34400;Πλατάνια,τα;0.72;0;0
42150;Πλάτανος,ο;0.72;0;0
37500;Πολυζαίϊκα,τα;0.72;0;0
46300;Ποταμιά,η;0.72;0;0
47045;Ποταμιά,η;0.72;0;0
30015;Ποταμούλα,η;0.72;0;0
40006;Πουρνάριον,το;0.72;0;0
48100;Προφήτης Ηλίας,ο;0.72;0;0
30500;Πτελέα,η;0.72;0;0
54340;Πυλαία,η;0.72;0;0
54359;Πυλαία,η;0.72;0;0
55500;Πυλαία,η;0.72;0;0
55501;Πυλαία,η;0.72;0;0
55510;Πυλαία,η;0.72;0;0
55534;Πυλαία,η;0.72;0;0
55535;Πυλαία,η;0.72;0;0
55536;Πυλαία,η;0.72;0;0
33056;Πύργος,ο;0.72;0;0
40003;Ρακοπόταμος,ο;0.72;0;0
14576;Ραπεντώσα,η;0.72;0;0
22200;Ραψομμάτης,ο;0.72;0;0
72052;Ρουσσακιανά,τα;0.72;0;0
72400;Ρουσσαπιδιά,η;0.72;0;0
63078;Σαλονικιού,η;0.72;0;0
24500;Σελλάς,ο;0.72;0;0
23200;Σιδηρόκαστρον,το;0.72;0;0
63086;Σκήτη Προφήτου Ηλιού,η;0.72;0;0
27054;Σμέρνα,η;0.72;0;0
22001;Στόλος,ο;0.72;0;0
40006;Στόμιον,το;0.72;0;0
40007;Στόμιον,το;0.72;0;0
81109;Στύψη,η;0.72;0;0
40006;Συκούριον,το;0.72;0;0
49083;Σωκράκιον,το;0.72;0;0
40400;Φάλαννα,η;0.72;0;0
40011;Φάλαννα,η;0.72;0;0
47040;Φλωριάδα,η;0.72;0;0
81103;Χίδηρα,τα;0.72;0;0
81110;Χίδηρα,τα;0.72;0;0
63074;Χρυσή Ακτή,η;0.72;0;0
64004;Χρυσή Αμμουδιά,η;0.72;0;0
34600;Άγιοι Απόστολοι,οι;0.71;0;0
25007;Άγιοι Θεόδωροι,οι;0.71;0;0
46300;Άγιοι Πάντες,οι;0.71;0;0
46032;Άγιοι Πάντες,οι;0.71;0;0
25100;Άγιος Ανδρέας,ο;0.71;0;0
30004;Άγιος Νικόλαος,ο;0.71;0;0
63080;Άγιος Παύλος,ο;0.71;0;0
47045;Άγιος Στέφανος,ο;0.71;0;0
40300;Αμπελεία,η;0.71;0;0
24022;Ανατολικόν,το;0.71;0;0
24016;Ανατολικόν,το;0.71;0;0
47150;Ανεμορράχη,η;0.71;0;0
35003;Ανοίγματα,τα;0.71;0;0
24150;Άνω Βέργα,η;0.71;0;0
37100;Αργιλοχώριον,το;0.71;0;0
26500;Αργυρά,η;0.71;0;0
26504;Αργυρά,η;0.71;0;0
60300;Αρχαία Πύδνα,η;0.71;0;0
60066;Αρχαία Πύδνα,η;0.71;0;0
32001;Άσκρη,η;0.71;0;0
32002;Άσκρη,η;0.71;0;0
23200;Αστέριον,το;0.71;0;0
24011;Αυλών,ο;0.71;0;0
24021;Αυλών,ο;0.71;0;0
30019;Βάρνακας,ο;0.71;0;0
35010;Βελεσιώται,οι;0.71;0;0
37500;Βελεστίνον,το;0.71;0;0
22200;Βουτσαράς,ο;0.71;0;0
22021;Βουτσαράς,ο;0.71;0;0
48061;Βρυσούλα,η;0.71;0;0
21250;Γαλάτιον,το;0.71;0;0
41500;Γαλήνη,η;0.71;0;0
41500;Γιάννουλη,η;0.71;0;0
48200;Γυμνότοπος,ο;0.71;0;0
34005;Δαμιά,τα;0.71;0;0
47044;Δημάριον,το;0.71;0;0
47048;Δημάριον,το;0.71;0;0
42150;Διπόταμος,ο;0.71;0;0
41500;Δοξαράς,ο;0.71;0;0
25008;Ελληνικόν,το;0.71;0;0
72052;Έξω Ποτάμοι,οι;0.71;0;0
63088;Ευαγγελισμός της Θεοτόκου,ο;0.71;0;0
63071;Ευαγγελισμός της Θεοτόκου,ο;0.71;0;0
40006;Ευαγγελισμός,ο;0.71;0;0
41500;Ζάππειον,το;0.71;0;0
64004;Θάσος,η;0.71;0;0
27061;Θεισόα,η;0.71;0;0
41500;Θεραπευτική Κοινότητα Έξοδος,η;0.71;0;0
68002;Θέρμα,τα;0.71;0;0
54000;Θεσσαλονίκη,η;0.71;0;0
54001;Θεσσαλονίκη,η;0.71;0;0
54002;Θεσσαλονίκη,η;0.71;0;0
54003;Θεσσαλονίκη,η;0.71;0;0
54004;Θεσσαλονίκη,η;0.71;0;0
54005;Θεσσαλονίκη,η;0.71;0;0
54006;Θεσσαλονίκη,η;0.71;0;0
54007;Θεσσαλονίκη,η;0.71;0;0
54008;Θεσσαλονίκη,η;0.71;0;0
54009;Θεσσαλονίκη,η;0.71;0;0
54010;Θεσσαλονίκη,η;0.71;0;0
54011;Θεσσαλονίκη,η;0.71;0;0
54012;Θεσσαλονίκη,η;0.71;0;0
54013;Θεσσαλονίκη,η;0.71;0;0
54014;Θεσσαλονίκη,η;0.71;0;0
54015;Θεσσαλονίκη,η;0.71;0;0
54016;Θεσσαλονίκη,η;0.71;0;0
54101;Θεσσαλονίκη,η;0.71;0;0
54110;Θεσσαλονίκη,η;0.71;0;0
54121;Θεσσαλονίκη,η;0.71;0;0
54122;Θεσσαλονίκη,η;0.71;0;0
54123;Θεσσαλονίκη,η;0.71;0;0
54124;Θεσσαλονίκη,η;0.71;0;0
54201;Θεσσαλονίκη,η;0.71;0;0
54210;Θεσσαλονίκη,η;0.71;0;0
54247;Θεσσαλονίκη,η;0.71;0;0
54248;Θεσσαλονίκη,η;0.71;0;0
54249;Θεσσαλονίκη,η;0.71;0;0
54250;Θεσσαλονίκη,η;0.71;0;0
54252;Θεσσαλονίκη,η;0.71;0;0
54301;Θεσσαλονίκη,η;0.71;0;0
54310;Θεσσαλονίκη,η;0.71;0;0
54352;Θεσσαλονίκη,η;0.71;0;0
54401;Θεσσαλονίκη,η;0.71;0;0
54410;Θεσσαλονίκη,η;0.71;0;0
54453;Θεσσαλονίκη,η;0.71;0;0
54454;Θεσσαλονίκη,η;0.71;0;0
54621;Θεσσαλονίκη,η;0.71;0;0
54622;Θεσσαλονίκη,η;0.71;0;0
54623;Θεσσαλονίκη,η;0.71;0;0
54624;Θεσσαλονίκη,η;0.71;0;0
54625;Θεσσαλονίκη,η;0.71;0;0
54626;Θεσσαλονίκη,η;0.71;0;0
54627;Θεσσαλονίκη,η;0.71;0;0
54630;Θεσσαλονίκη,η;0.71;0;0
54631;Θεσσαλονίκη,η;0.71;0;0
54633;Θεσσαλονίκη,η;0.71;0;0
54634;Θεσσαλονίκη,η;0.71;0;0
54635;Θεσσαλονίκη,η;0.71;0;0
54636;Θεσσαλονίκη,η;0.71;0;0
54637;Θεσσαλονίκη,η;0.71;0;0
54638;Θεσσαλονίκη,η;0.71;0;0
54639;Θεσσαλονίκη,η;0.71;0;0
54640;Θεσσαλονίκη,η;0.71;0;0
54641;Θεσσαλονίκη,η;0.71;0;0
54642;Θεσσαλονίκη,η;0.71;0;0
54643;Θεσσαλονίκη,η;0.71;0;0
54644;Θεσσαλονίκη,η;0.71;0;0
54645;Θεσσαλονίκη,η;0.71;0;0
54646;Θεσσαλονίκη,η;0.71;0;0
54655;Θεσσαλονίκη,η;0.71;0;0
64004;Θυμωνιά,η;0.71;0;0
30002;Θύριον,το;0.71;0;0
22200;Ίσωμα Καρυών,το;0.71;0;0
27061;Καλλιθέα,η;0.71;0;0
44003;Καλλιθέα,η;0.71;0;0
60150;Καλλιθέα,η;0.71;0;0
27062;Καλλιθέα,η;0.71;0;0
44017;Καλλιθέα,η;0.71;0;0
57009;Καλοχώριον,το;0.71;0;0
63100;Καλύβαι Πολυγύρου,αι;0.71;0;0
23062;Καρέα,η;0.71;0;0
24022;Καστανέα,η;0.71;0;0
24024;Καστανέα,η;0.71;0;0
42150;Κάτω Ελάτη,η;0.71;0;0
30200;Κάτω Ελληνικά,τα;0.71;0;0
40003;Κάτω Πολυδένδριον,το;0.71;0;0
43300;Κέδρος,ο;0.71;0;0
38500;Κερασέα,η;0.71;0;0
24011;Κεφαλόβρυση,η;0.71;0;0
24003;Κεφαλόβρυση,η;0.71;0;0
41500;Κουλούριον,το;0.71;0;0
23052;Κουπιά,τα;0.71;0;0
23060;Κουπιά,τα;0.71;0;0
46100;Κρυόβρυση,η;0.71;0;0
41500;Κυπαρίσσια,τα;0.71;0;0
40006;Κυψελοχώριον,το;0.71;0;0
81150;Κώμη,η;0.71;0;0
43063;Λεοντάριον,το;0.71;0;0
42150;Λιλή,η;0.71;0;0
30300;Λουτρά Στάχτης,τα;0.71;0;0
43200;Λυκόρεμα,το;0.71;0;0
22200;Μακρύσιον,το;0.71;0;0
30300;Μάρμαρα,τα;0.71;0;0
41500;Μέγα Μοναστήριον,το;0.71;0;0
44003;Μέλισσα,η;0.71;0;0
44017;Μέλισσα,η;0.71;0;0
41500;Μελισσοχώριον,το;0.71;0;0
35005;Μεταλλείον Τσούκκας,το;0.71;0;0
24022;Μηλέα,η;0.71;0;0
24023;Μηλέα,η;0.71;0;0
32150;Μονή Οσίου Λουκά,η;0.71;0;0
30500;Μονή Ρέθα,η;0.71;0;0
23052;Μπελεσαίικα,τα;0.71;0;0
23068;Μπελεσαίικα,τα;0.71;0;0
37001;Μυλοπόταμος,ο;0.71;0;0
37012;Μυλοπόταμος,ο;0.71;0;0
41500;Νέα Λεύκη,η;0.71;0;0
41500;Νέαι Καρυαί,αι;0.71;0;0
60065;Νέοι Πόροι,οι;0.71;0;0
32001;Νεοχώριον,το;0.71;0;0
41005;Νίκαια,η;0.71;0;0
48300;Νικολίτσιον,το;0.71;0;0
37006;Ξινόβρυση,η;0.71;0;0
42031;Οιχαλία,η;0.71;0;0
42300;Οιχαλία,η;0.71;0;0
38500;Παλιούρι,το;0.71;0;0
40003;Παλιουριά,η;0.71;0;0
35015;Παναγίτσα,η;0.71;0;0
42031;Παναγίτσα,η;0.71;0;0
35004;Παναγίτσα,η;0.71;0;0
64004;Παράδεισος,ο;0.71;0;0
35015;Παρόριον,το;0.71;0;0
47044;Πέρδικα,η;0.71;0;0
47047;Πέρδικα,η;0.71;0;0
24002;Πετράλωνα,τα;0.71;0;0
49083;Πηλίδα,η;0.71;0;0
41500;Πλατύκαμπος,ο;0.71;0;0
40009;Πλατύκαμπος,ο;0.71;0;0
19012;Προφήτης Ηλίας,ο;0.71;0;0
68002;Προφήτης Ηλίας,ο;0.71;0;0
30150;Πυργίον,το;0.71;0;0
47044;Πύργος,ο;0.71;0;0
63078;Πύργος,ο;0.71;0;0
47047;Πύργος,ο;0.71;0;0
22007;Ράφτης,ο;0.71;0;0
22028;Ράφτης,ο;0.71;0;0
64010;Ραχώνιον,το;0.71;0;0
35009;Ρεγκίνιον,το;0.71;0;0
41500;Ρεύμα,το;0.71;0;0
42150;Ρίζωμα,το;0.71;0;0
25200;Σαντομέριον,το;0.71;0;0
22200;Σαρακίνιον,το;0.71;0;0
22022;Σαρακίνιον,το;0.71;0;0
49081;Σγουράδες,οι;0.71;0;0
23200;Σελεγούδιον,το;0.71;0;0
23061;Σελεγούδιον,το;0.71;0;0
47044;Σέλινα,τα;0.71;0;0
40300;Σερίφης,ο;0.71;0;0
30300;Σίμος,ο;0.71;0;0
30026;Σίμος,ο;0.71;0;0
27061;Συκέαι,αι;0.71;0;0
62041;Συκιά,η;0.71;0;0
62052;Συκιά,η;0.71;0;0
63078;Σχοινιά,τα;0.71;0;0
22200;Τρίλοφον,το;0.71;0;0
35003;Τριφύλλια,τα;0.71;0;0
36072;Τσούκκα,η;0.71;0;0
30017;Υπαπαντή,η;0.71;0;0
30018;Υπαπαντή,η;0.71;0;0
22010;Φούσκαρη,η;0.71;0;0
22003;Φούσκαρη,η;0.71;0;0
21250;Φρέγκαινα,η;0.71;0;0
63077;Φυλακαί Καρακάλλου,αι;0.71;0;0
30009;Φυτείαι,αι;0.71;0;0
42150;Φωτάδα,η;0.71;0;0
41500;Χάλκη,η;0.71;0;0
47045;Αγγελαίικα,τα;0.70;0;0
35015;Αγία Παρασκευή,η;0.70;0;0
19014;Άγιοι Ανάργυροι,οι;0.70;0;0
41500;Άγιοι Ανάργυροι,οι;0.70;0;0
22001;Άγιοι Ασώματοι,οι;0.70;0;0
37100;Άγιοι Θεόδωροι,οι;0.70;0;0
37008;Άγιοι Θεόδωροι,οι;0.70;0;0
30021;Άγιος Βασίλειος,ο;0.70;0;0
37500;Άγιος Γεώργιος Φερών,ο;0.70;0;0
25015;Άγιος Δημήτριος,ο;0.70;0;0
23150;Άγιος Ιωάννης Θεολόγος,ο;0.70;0;0
23064;Άγιος Ιωάννης Θεολόγος,ο;0.70;0;0
19014;Άγιος Ιωάννης,ο;0.70;0;0
47044;Άγιος Ιωάννης,ο;0.70;0;0
35010;Αγραπιδιά,η;0.70;0;0
21052;Αδάμιον,το;0.70;0;0
60300;Αλυκή,η;0.70;0;0
60066;Αλυκή,η;0.70;0;0
35003;Αμαλώτα,η;0.70;0;0
35016;Αμαλώτα,η;0.70;0;0
48200;Αμμότοπος,ο;0.70;0;0
42150;Αμμουδιά,η;0.70;0;0
30150;Αμπέλια,τα;0.70;0;0
41500;Αμφιθέα,η;0.70;0;0
47150;Ανδρεάς,ο;0.70;0;0
21250;Ανδρίτσα,η;0.70;0;0
30014;Άνω Κουδούνιον,το;0.70;0;0
37100;Άνω Μαυρόλοφος,ο;0.70;0;0
30200;Άνω Μούσουρα,τα;0.70;0;0
70004;Άνω Σύμη,η;0.70;0;0
42150;Απόστολοι,οι;0.70;0;0
25100;Αρραβωνίτσα,η;0.70;0;0
43063;Ασημοχώριον,το;0.70;0;0
37300;Αφέται,οι;0.70;0;0
37010;Αφέται,οι;0.70;0;0
46300;Αχλαδέα,η;0.70;0;0
42150;Βαλαμάνδριον,το;0.70;0;0
19014;Βαρνάβας,ο;0.70;0;0
23051;Βασιλάκιον,το;0.70;0;0
23057;Βασιλάκιον,το;0.70;0;0
63078;Βουρβουρού,η;0.70;0;0
41500;Γλαύκη,η;0.70;0;0
42150;Γόμφοι,οι;0.70;0;0
36071;Γουλαίικα,τα;0.70;0;0
30017;Γραμματσούλι,το;0.70;0;0
40300;Δασόλοφος,ο;0.70;0;0
46300;Δάφνη,η;0.70;0;0
44003;Δαφνόφυτον,το;0.70;0;0
40003;Δήμητρα,η;0.70;0;0
31100;Εξάνθεια,η;0.70;0;0
31080;Εξάνθεια,η;0.70;0;0
19008;Ερυθραί,αι;0.70;0;0
72400;Ζένια,τα;0.70;0;0
63078;Ζωγράφου,ο;0.70;0;0
30008;Θέρμον,το;0.70;0;0
30017;Θύαμος,ο;0.70;0;0
73011;Ίμπρος,η;0.70;0;0
47150;Καθαροβούνιον,το;0.70;0;0
47046;Καθαροβούνιον,το;0.70;0;0
43150;Καλλίθηρον,το;0.70;0;0
40006;Καλοχώριον,το;0.70;0;0
60063;Καλύβια Βαρικού,τα;0.70;0;0
27066;Κάμπος,ο (Τ.Κ.Νεμούτας);0.70;0;0
64008;Καριανή,η;0.70;0;0
24008;Καρνάσιον,το;0.70;0;0
63077;Κασσάνδρεια,η;0.70;0;0
40003;Κάτω Αμυγδαλή,η;0.70;0;0
48061;Κάτω Ρευματιά,η;0.70;0;0
40003;Κάτω Σωτηρίτσα,η;0.70;0;0
42031;Κεραμίδιον,το;0.70;0;0
48300;Κεράσοβον,το;0.70;0;0
30500;Κεχρινιά,η;0.70;0;0
27061;Κλήμα,το;0.70;0;0
34600;Κλιμάκι,το;0.70;0;0
40003;Κόκκινο Νερό Μελιβοίας,το;0.70;0;0
40007;Κόκκινο Νερό Μελιβοίας,το;0.70;0;0
24005;Κόκκινον,το;0.70;0;0
34001;Κόμιτον,το;0.70;0;0
23150;Κοπελιά,η;0.70;0;0
23064;Κοπελιά,η;0.70;0;0
20500;Κουτσομόδιον,το;0.70;0;0
41500;Κραννών,ο;0.70;0;0
24002;Κροντηρές,ο;0.70;0;0
27066;Κρυονέριον,το;0.70;0;0
34200;Κυπαρίσσιον,το;0.70;0;0
35150;Κωσταλέξης,ο;0.70;0;0
83301;Λαγκάδα,η;0.70;0;0
57500;Λιβαδάκιον,το;0.70;0;0
36072;Λογγίτσιον,το;0.70;0;0
43150;Λοξάδα,η;0.70;0;0
43064;Λοξάδα,η;0.70;0;0
43150;Λυγαριές,οι;0.70;0;0
24005;Λύκισσα,η;0.70;0;0
42150;Μέγα Κεφαλόβρυσον,το;0.70;0;0
41500;Μελία,η;0.70;0;0
22001;Μελίσσιον,το;0.70;0;0
72052;Μέσα Λασιθάκιον,το;0.70;0;0
83104;Μεσόγειον,το;0.70;0;0
81200;Μέσουνα,η;0.70;0;0
19014;Μικροχώριον,το;0.70;0;0
41500;Μόδεστος,ο;0.70;0;0
34009;Μονή Αγίου Χαραλάμπους Λευκών,η;0.70;0;0
19007;Μονή Παναγίας,η;0.70;0;0
40003;Νεοχώριον,το;0.70;0;0
40006;Νέσσων,ο;0.70;0;0
63088;Νικήτη,η;0.70;0;0
37001;Νταμούχαρη,η;0.70;0;0
37012;Νταμούχαρη,η;0.70;0;0
47043;Ντάρα,η;0.70;0;0
34009;Οκτωνιά,η;0.70;0;0
41500;Ομορφοχώριον,το;0.70;0;0
37300;Παλαιόκαστρον,το;0.70;0;0
47150;Παλαιοχωράκιον,το;0.70;0;0
47048;Παλαιοχωράκιον,το;0.70;0;0
19600;Παλαιοχώριον,το;0.70;0;0
44003;Παλιουρή,η;0.70;0;0
63085;Πανόραμα,το;0.70;0;0
30009;Παππαδάτος,ο;0.70;0;0
42150;Παραπόταμος,ο;0.70;0;0
57019;Περαία,η;0.70;0;0
73011;Πετρές,ο;0.70;0;0
73013;Πετρές,ο;0.70;0;0
20500;Πετρίον,το;0.70;0;0
42150;Πηγή,η;0.70;0;0
37001;Πλάκα,η;0.70;0;0
45500;Πλάκα,η;0.70;0;0
47044;Πλακουτσαίικα,τα;0.70;0;0
24200;Πλατανόβρυση,η;0.70;0;0
24015;Πλατανόβρυση,η;0.70;0;0
40006;Πλατειά 'Αμμος,η;0.70;0;0
35011;Πλατύστομον,το;0.70;0;0
44003;Πολύδωρον,το;0.70;0;0
44017;Πολύδωρον,το;0.70;0;0
24011;Πολυθέα,η;0.70;0;0
24003;Πολυθέα,η;0.70;0;0
64002;Ποτός,ο;0.70;0;0
35010;Πουρνάριον,το;0.70;0;0
25015;Πτέρη,η;0.70;0;0
81103;Πτερούντα,η;0.70;0;0
81110;Πτερούντα,η;0.70;0;0
42150;Ράξα,η;0.70;0;0
23052;Ρειχέα,η;0.70;0;0
23068;Ρειχέα,η;0.70;0;0
42150;Ρόγκια,τα;0.70;0;0
14574;Ροδόπολις,η;0.70;0;0
22200;Ρούτσιον,το;0.70;0;0
22021;Ρούτσιον,το;0.70;0;0
68002;Σαμοθράκη,η;0.70;0;0
30150;Σαργιάδα,η;0.70;0;0
81400;Σαρδαί,αι;0.70;0;0
30017;Σκατζόκαμπος,ο;0.70;0;0
63087;Σκήτη Αγίας Άννης,η;0.70;0;0
64004;Σκίδια,τα;0.70;0;0
22200;Σκορτσινός,ο;0.70;0;0
22021;Σκορτσινός,ο;0.70;0;0
35008;Σκούφη,ο;0.70;0;0
20004;Σοφικόν,το;0.70;0;0
82300;Σπαρτούντα,η;0.70;0;0
49083;Σπαρτύλας,ο;0.70;0;0
35003;Σπερχειάς,η;0.70;0;0
30017;Συκέα,η;0.70;0;0
30300;Συκέα,η;0.70;0;0
30026;Συκέα,η;0.70;0;0
24200;Τρίκορφον,το;0.70;0;0
24013;Τρίκορφον,το;0.70;0;0
42031;Φαρκαδών,η;0.70;0;0
63077;Φούρκα,η;0.70;0;0
47045;Φωταίικα,τα;0.70;0;0
42150;Χαϊδεμένη,η;0.70;0;0
30021;Χάραμα,το;0.70;0;0
40006;Χειμάδιον,το;0.70;0;0
23150;Χρύσαφα,τα;0.70;0;0
72052;Αβρακόντες,ο;0.69;0;0
27064;Αγία Άννα,η;0.69;0;0
23150;Αγία Ειρήνη,η;0.69;0;0
30015;Αγία Τριάς,η;0.69;0;0
37300;Αγία Τριάς,η;0.69;0;0
24005;Άγιοι Απόστολοι,οι;0.69;0;0
24014;Άγιοι Απόστολοι,οι;0.69;0;0
33100;Άγιος Γεώργιος,ο;0.69;0;0
19012;Αγιος Κωνσταντίνος,ο;0.69;0;0
63200;Άγιος Μάμας,ο;0.69;0;0
22001;Άγιος Παντελεήμων,ο;0.69;0;0
22006;Άγιος Παντελεήμων,ο;0.69;0;0
30004;Αετός,ο;0.69;0;0
47044;Ακροποταμιά,η;0.69;0;0
47048;Ακροποταμιά,η;0.69;0;0
64004;Αλυκή,η;0.69;0;0
41500;Αναγέννησις,η;0.69;0;0
38500;Άνω Βόλος,ο;0.69;0;0
81200;Άνω Χωριό,το;0.69;0;0
40006;Απόστολος Παύλος,ο;0.69;0;0
40007;Απόστολος Παύλος,ο;0.69;0;0
37006;Αργαλαστή,η;0.69;0;0
30500;Αριάδα,η;0.69;0;0
84501;Άρνη,η;0.69;0;0
81101;Ασώματος,ο;0.69;0;0
43063;Αχλαδέα,η;0.69;0;0
30017;Βαρκό Κυπριό,το;0.69;0;0
30018;Βαρκό Κυπριό,το;0.69;0;0
63088;Βατοπέδιον,το;0.69;0;0
63071;Βατοπέδιον,το;0.69;0;0
81103;Βατούσσα,η;0.69;0;0
81110;Βατούσσα,η;0.69;0;0
81108;Βαφειός,ο;0.69;0;0
40003;Βελίκα,η;0.69;0;0
24001;Βλαχόπουλον,το;0.69;0;0
24014;Βλαχόπουλον,το;0.69;0;0
43200;Βλοχός,ο;0.69;0;0
23150;Βουτιάνοι,οι;0.69;0;0
23064;Βουτιάνοι,οι;0.69;0;0
22200;Γαβριά,η;0.69;0;0
22021;Γαβριά,η;0.69;0;0
43060;Γελάνθη,η;0.69;0;0
42031;Γεωργανάδες,οι;0.69;0;0
42300;Γεωργανάδες,οι;0.69;0;0
63075;Δεβελίκι,το;0.69;0;0
34003;Δένδρα,τα;0.69;0;0
34019;Δένδρα,τα;0.69;0;0
22200;Δερβένιον,το;0.69;0;0
28080;Διγαλέτον,το;0.69;0;0
47044;Διχομοίριον,το;0.69;0;0
33056;Δροσάτον,το;0.69;0;0
35010;Εκκάρα,η;0.69;0;0
44003;Εκκλησοχώριον,το;0.69;0;0
40003;Ελευθέριον,το;0.69;0;0
30017;Εμπεσός,ο;0.69;0;0
49083;Ζυγός,ο;0.69;0;0
22200;Ζώνη,η;0.69;0;0
22022;Ζώνη,η;0.69;0;0
40300;Ζωοδόχος Πηγή,η;0.69;0;0
63075;Ιερισσός,η;0.69;0;0
40003;Ισιώματα,τα;0.69;0;0
40003;Καλαμάκιον,το;0.69;0;0
22200;Καλύβια,τα;0.69;0;0
22021;Καλύβια,τα;0.69;0;0
72052;Καμινάκιον,το;0.69;0;0
30017;Κάμινος,η;0.69;0;0
41500;Κάμπος,ο;0.69;0;0
22200;Καμποχώριον,το;0.69;0;0
22021;Καμποχώριον,το;0.69;0;0
36071;Καρακάσιον,το;0.69;0;0
40003;Καστρίον,το;0.69;0;0
40300;Κάτω Δασόλοφος,ο;0.69;0;0
22200;Κάτω Καρυές,οι;0.69;0;0
24022;Κάτω Χώρα,η;0.69;0;0
24023;Κάτω Χώρα,η;0.69;0;0
63074;Καυκανάς,ο (νησίς);0.69;0;0
27061;Κεραμίδιον,το;0.69;0;0
27062;Κεραμίδιον,το;0.69;0;0
41500;Κιλελέρ,το;0.69;0;0
47150;Κλειστόν,το;0.69;0;0
81104;Κλειώ,η;0.69;0;0
42031;Κλοκοτός,ο;0.69;0;0
40003;Κόκκινο Νερό,το;0.69;0;0
40007;Κόκκινο Νερό,το;0.69;0;0
42150;Κοκκόνα,η;0.69;0;0
30004;Κονοπίνα,η;0.69;0;0
34400;Κοντοδεσπότιον,το;0.69;0;0
34003;Κρεμαστός,ο;0.69;0;0
34016;Κρεμαστός,ο;0.69;0;0
40300;Κρήνη,η;0.69;0;0
62041;Λιμάνι,το;0.69;0;0
63075;Λιμάνι,το;0.69;0;0
64002;Λιμενάρια,τα;0.69;0;0
22300;Λογγάριον,το;0.69;0;0
24005;Μαθία,η;0.69;0;0
41500;Μαυροβούνιον,το;0.69;0;0
41500;Μέλισσα,η;0.69;0;0
72052;Μέσα Λασίθιον,το;0.69;0;0
63086;Μετόχιον Χουρμίτσης,το;0.69;0;0
43150;Μητρόπολις,η;0.69;0;0
41500;Μικρόν Βουνόν,το;0.69;0;0
25015;Μονή Αγίων Πάντων,η;0.69;0;0
24002;Μονή Βουλκάνου,η;0.69;0;0
35150;Μονή Γοργοεπηκόου,η;0.69;0;0
19014;Μονή Μεταμορφώσεως Σωτήρος,η;0.69;0;0
25004;Μουριά,η;0.69;0;0
37006;Μυριοβρύτη,η;0.69;0;0
34005;Μυρτιάς,ο;0.69;0;0
41500;Νάματα,τα;0.69;0;0
63080;Νέα Ηράκλεια,η;0.69;0;0
63200;Νέα Πλάγια,τα;0.69;0;0
63088;Νέα Σερμύλη,η;0.69;0;0
63071;Νέα Σερμύλη,η;0.69;0;0
30017;Νέον Αγρίδιον,το;0.69;0;0
25008;Νεοχώριον,το;0.69;0;0
30010;Νερομάννα,η;0.69;0;0
72052;Νικηφόρηδων,το;0.69;0;0
43150;Ξινονέριον,το;0.69;0;0
49081;Ομαλή,η;0.69;0;0
63088;Όσιος Αρσένιος,ο;0.69;0;0
47040;Παλαιόκαστρον,το;0.69;0;0
40006;Παλαιόπυργος,ο;0.69;0;0
40007;Παλαιόπυργος,ο;0.69;0;0
60150;Παραλία Κορινού,η;0.69;0;0
35300;Πελασγία,η;0.69;0;0
35013;Πελασγία,η;0.69;0;0
15204;Πεντέλη,η;0.69;0;0
15236;Πεντέλη,η;0.69;0;0
42150;Περδικορράχη,η;0.69;0;0
23052;Πιστάματα,τα;0.69;0;0
23068;Πιστάματα,τα;0.69;0;0
30300;Πιτσιναίικα,τα;0.69;0;0
32200;Πλαταιαί,αι;0.69;0;0
48200;Ποταμιά,η;0.69;0;0
41500;Πρόδρομος,ο;0.69;0;0
37006;Προμύριον,το;0.69;0;0
63075;Πύργος Χιλιαδούς,ο;0.69;0;0
22008;Ράχαι,αι;0.69;0;0
81200;Ραχίδι,το;0.69;0;0
81103;Ρεύμα,το;0.69;0;0
81110;Ρεύμα,το;0.69;0;0
25100;Ροδινή,η;0.69;0;0
49083;Ρού,το;0.69;0;0
63086;Σκήτη Αγίου Δημητρίου,η;0.69;0;0
22200;Σούλιον,το;0.69;0;0
14575;Σταμάτα,η;0.69;0;0
35003;Συκά,η;0.69;0;0
35016;Συκά,η;0.69;0;0
35200;Σφάκα,η;0.69;0;0
35004;Σφάκα,η;0.69;0;0
32150;Σωληνάριον,το;0.69;0;0
42150;Ταξιάρχαι,οι;0.69;0;0
47150;Τζαπάδα,η;0.69;0;0
49081;Τριμόδιον,το;0.69;0;0
46300;Τσατσουλαίικα,τα;0.69;0;0
32150;Τσουκαλάδες,οι;0.69;0;0
63200;Φλογητά,τα;0.69;0;0
63077;Φυλακαί Ξενοφώντος,αι;0.69;0;0
37500;Χλόη,η;0.69;0;0
22200;Χράνοι,οι;0.69;0;0
27054;Χρυσοχώρι,το;0.69;0;0
24022;Χώρα Γαϊτσών,η;0.69;0;0
44003;Αγία Βαρβάρα,η;0.68;0;0
44017;Αγία Βαρβάρα,η;0.68;0;0
34600;Αγία Ειρήνη,η;0.68;0;0
34014;Αγία Ειρήνη,η;0.68;0;0
64010;Άγιος Ανδρέας Πρίνου,ο;0.68;0;0
72052;Άγιος Κωνσταντίνος,ο;0.68;0;0
24002;Αγριλιές,οι;0.68;0;0
22007;Αετορράχη,η;0.68;0;0
22028;Αετορράχη,η;0.68;0;0
24011;Αετός,ο;0.68;0;0
24017;Αετός,ο;0.68;0;0
33100;Άμφισσα,η;0.68;0;0
34003;Ανδρωνιάνοι,οι;0.68;0;0
34019;Ανδρωνιάνοι,οι;0.68;0;0
81103;Άντισσα,η;0.68;0;0
35150;Άνω Βαρδάται,αι;0.68;0;0
23150;Ανώγεια,τα;0.68;0;0
23054;Ανώγεια,τα;0.68;0;0
31100;Ασπρογερακάτα,τα;0.68;0;0
31080;Ασπρογερακάτα,τα;0.68;0;0
35200;Αταλάντη,η;0.68;0;0
30150;Αυλακιαί,αι;0.68;0;0
19014;Αφίδναι,αι;0.68;0;0
63077;Άφυτος,η;0.68;0;0
30150;Βαρκούλια,τα;0.68;0;0
44003;Βουτσαράς,ο;0.68;0;0
43150;Γεωργικόν,το;0.68;0;0
29092;Γύριον,το;0.68;0;0
73011;Γωνίον,το;0.68;0;0
73013;Γωνίον,το;0.68;0;0
30200;Δάφνη,η;0.68;0;0
34004;Δαφνούσσα,η;0.68;0;0
25100;Δουκαναίικα,τα;0.68;0;0
42150;Δροσερόν,το;0.68;0;0
14504;Δροσιά,η;0.68;0;0
14572;Δροσιά,η;0.68;0;0
31100;Δρυμών,ο;0.68;0;0
31080;Δρυμών,ο;0.68;0;0
48062;Εκκλησιές,οι;0.68;0;0
63077;Ελάνη,η;0.68;0;0
34001;Επανωχώριον,το;0.68;0;0
63077;Εύδος,ο;0.68;0;0
24002;Ζερμπίσια,τα;0.68;0;0
32001;Θεσπιαί,αι;0.68;0;0
32002;Θεσπιαί,αι;0.68;0;0
38500;Κάκκαβος,ο;0.68;0;0
55100;Καλαμαριά,η;0.68;0;0
55101;Καλαμαριά,η;0.68;0;0
55102;Καλαμαριά,η;0.68;0;0
55104;Καλαμαριά,η;0.68;0;0
55110;Καλαμαριά,η;0.68;0;0
55131;Καλαμαριά,η;0.68;0;0
55132;Καλαμαριά,η;0.68;0;0
55133;Καλαμαριά,η;0.68;0;0
55134;Καλαμαριά,η;0.68;0;0
55135;Καλαμαριά,η;0.68;0;0
63077;Καλλιθέα,η;0.68;0;0
30008;Καλούδιον,το;0.68;0;0
23150;Κάμπος,ο;0.68;0;0
23059;Κάμπος,ο;0.68;0;0
73011;Καρές,αι;0.68;0;0
73013;Καρές,αι;0.68;0;0
37100;Καστράκι,το;0.68;0;0
40006;Καστρί Λουτρό,το;0.68;0;0
34600;Κάτω Καμπιά,τα;0.68;0;0
34014;Κάτω Καμπιά,τα;0.68;0;0
35015;Κάτω Τιθορέα,η;0.68;0;0
24022;Κέντρον,το;0.68;0;0
24016;Κέντρον,το;0.68;0;0
34005;Κεράμεια,η;0.68;0;0
34010;Κεράμεια,η;0.68;0;0
25100;Κερύνεια,η;0.68;0;0
41500;Κοκκίναι,αι;0.68;0;0
19014;Κοκκινόβραχος,ο;0.68;0;0
32001;Κόκκινον,το;0.68;0;0
31100;Κολλυβάτα,τα;0.68;0;0
31080;Κολλυβάτα,τα;0.68;0;0
28081;Κομιτάτα,τα;0.68;0;0
37100;Κονταρόλακκα,η;0.68;0;0
40006;Κουλούρα,η;0.68;0;0
40007;Κουλούρα,η;0.68;0;0
23150;Κουρεμένος,ο;0.68;0;0
23064;Κουρεμένος,ο;0.68;0;0
34600;Κούτουρλα,τα;0.68;0;0
34014;Κούτουρλα,τα;0.68;0;0
30150;Κράψη,η;0.68;0;0
43150;Κρύα Βρύση,η;0.68;0;0
22200;Κρυόνερον,το;0.68;0;0
22022;Κρυόνερον,το;0.68;0;0
24022;Κυβέλεια,τα;0.68;0;0
24023;Κυβέλεια,τα;0.68;0;0
20200;Λαλιώτης,ο;0.68;0;0
37006;Λαύκος,ο;0.68;0;0
63085;Λεύκες,οι;0.68;0;0
63077;Λευκή Περιστέρα,η;0.68;0;0
32300;Λούτσιον,το;0.68;0;0
41500;Λοφίσκος,ο;0.68;0;0
72052;Μαγουλάς,ο;0.68;0;0
31082;Μανάση,η;0.68;0;0
30008;Μάραθος,ο;0.68;0;0
22200;Μαυριά,τα;0.68;0;0
22022;Μαυριά,τα;0.68;0;0
37100;Μαυρόλοφος,ο;0.68;0;0
32001;Μαυρομμάτιον,το;0.68;0;0
32002;Μαυρομμάτιον,το;0.68;0;0
46300;Μαυρονέριον,το;0.68;0;0
20008;Μαψός,ο;0.68;0;0
84500;Μέσα Βουνίον,το;0.68;0;0
84502;Μέσα Βουνίον,το;0.68;0;0
63200;Μετόχι,το;0.68;0;0
81200;Μηλέαι,αι;0.68;0;0
24008;Μοναστηράκιον,το;0.68;0;0
25200;Μονή Αγίας Μαρίνης Μαρίτσης,η;0.68;0;0
82150;Μονή Αγίου Μάρκου,η;0.68;0;0
81150;Μονή Αγίου Ραφαήλ,η;0.68;0;0
64004;Μονή Αρχαγγέλου,η;0.68;0;0
63087;Μονή Ζωγράφου,η;0.68;0;0
42150;Μουριά,η;0.68;0;0
63200;Μουριές,οι;0.68;0;0
63080;Νέα Καλλικράτεια,η;0.68;0;0
63200;Νέα Μουδανιά,τα;0.68;0;0
15239;Νέα Πεντέλη,η;0.68;0;0
57019;Νέοι Επιβάται,οι;0.68;0;0
81200;Νεοχώριον,το;0.68;0;0
22200;Νεοχώριον,το (Τοπική Κοινότητα Νεοχωρίου Λυκοσούρας);0.68;0;0
64010;Όρμος Πρίνου,ο;0.68;0;0
42150;Παλαιόπυργος,ο;0.68;0;0
63085;Παλιούριον,το;0.68;0;0
22007;Παναγία,η;0.68;0;0
63200;Παπά Αλώνι,το;0.68;0;0
63200;Παραλία Διονυσίου,η;0.68;0;0
63200;Παραλία Νέας Τριγλίας,η;0.68;0;0
63200;Παραλία Πορταριάς,η;0.68;0;0
60150;Παραλία,η;0.68;0;0
28084;Πατρικάτα,τα;0.68;0;0
28085;Πατρικάτα,τα;0.68;0;0
43200;Πέτρινον,το;0.68;0;0
43062;Πέτρινον,το;0.68;0;0
42150;Πετρόπορος,ο;0.68;0;0
81150;Πηγή,η;0.68;0;0
72052;Πλάτη,η;0.68;0;0
31100;Πλατύστομα,τα;0.68;0;0
31080;Πλατύστομα,τα;0.68;0;0
22200;Ποταμιά,η;0.68;0;0
22021;Ποταμιά,η;0.68;0;0
30017;Πραντικόν,το;0.68;0;0
30018;Πραντικόν,το;0.68;0;0
27069;Πρινάριον,το;0.68;0;0
36071;Πύρνος,ο;0.68;0;0
24500;Ροδιά,η;0.68;0;0
49081;Σάντα,η;0.68;0;0
63072;Σάρτη,η;0.68;0;0
46100;Σεμερίζα,η;0.68;0;0
40300;Σιτόχωρον,το;0.68;0;0
64010;Σκάλα Καλλιράχης,η;0.68;0;0
30150;Σκουτεσιάδα,η;0.68;0;0
72052;Σμαλιανό,το;0.68;0;0
21250;Σταθαίικα,τα;0.68;0;0
35150;Στίρφακα,η;0.68;0;0
43200;Συκέαι,αι;0.68;0;0
43062;Συκέαι,αι;0.68;0;0
63080;Σωζόπολις,η;0.68;0;0
72150;Τάπαι,αι;0.68;0;0
24001;Τουλούπα Χάνι,το;0.68;0;0
24600;Τουλούπα Χάνι,το;0.68;0;0
34004;Τρούπιον,το;0.68;0;0
32001;Υψηλάντης,ο;0.68;0;0
40300;Φάρσαλα,τα;0.68;0;0
43150;Φράγκον,το;0.68;0;0
35150;Φραντζής,ο;0.68;0;0
47150;Φωτεινόν,το;0.68;0;0
82103;Χάλανδρα,τα;0.68;0;0
22001;Χαντάκια,τα;0.68;0;0
25200;Χαραυγή,η;0.68;0;0
37001;Χορευτόν,το;0.68;0;0
24200;Χορεύτρα,η;0.68;0;0
24015;Χορεύτρα,η;0.68;0;0
72052;Ψυχρόν,το;0.68;0;0
23200;Αγία Μαρίνα,η;0.67;0;0
48300;Αγία Τριάδα,η;0.67;0;0
30015;Άγιοι Απόστολοι,οι;0.67;0;0
37001;Άγιοι Σαράντα,οι;0.67;0;0
40003;Αγιόκαμπος,ο;0.67;0;0
37300;Άγιος Αθανάσιος,ο;0.67;0;0
37010;Άγιος Αθανάσιος,ο;0.67;0;0
49081;Άγιος Γεώργιος,ο;0.67;0;0
72052;Άγιος Γεώργιος,ο;0.67;0;0
47045;Άγιος Γεώργιος,ο (Τ.Κ.Κάτω Αθαμανίου);0.67;0;0
37001;Άγιος Ιωάννης,ο (Τ.Κ.Αγίου Δημητρίου Πηλίου);0.67;0;0
37012;Άγιος Ιωάννης,ο (Τ.Κ.Αγίου Δημητρίου Πηλίου);0.67;0;0
37001;Άγιος Ιωάννης,ο (Τ.Κ.Μουρεσίου);0.67;0;0
37012;Άγιος Ιωάννης,ο (Τ.Κ.Μουρεσίου);0.67;0;0
47150;Άγιος Κωνσταντίνος,ο;0.67;0;0
14502;Άγιος Στέφανος,ο;0.67;0;0
14550;Άγιος Στέφανος,ο;0.67;0;0
14565;Άγιος Στέφανος,ο;0.67;0;0
14567;Άγιος Στέφανος,ο;0.67;0;0
35150;Αγριλιά,η;0.67;0;0
30015;Άκραι,αι;0.67;0;0
31100;Αλέξανδρος,ο;0.67;0;0
31080;Αλέξανδρος,ο;0.67;0;0
48061;Αλώνι,το;0.67;0;0
36072;Αμπάρες,οι;0.67;0;0
14569;Άνοιξις,η;0.67;0;0
84302;Απέραθος,ο;0.67;0;0
41500;Αρμένιον,το;0.67;0;0
20500;Αρχαία Νεμέα,η;0.67;0;0
35011;Αρχάνιον,το;0.67;0;0
73011;Άσφενδος,ο;0.67;0;0
40300;Αύρα,η;0.67;0;0
30010;Αφράτον,το;0.67;0;0
41500;Αχίλλειον,το;0.67;0;0
30150;Βαϊνάριον,το;0.67;0;0
40300;Βαμβακού,η;0.67;0;0
46100;Βασιλικός,ο;0.67;0;0
44003;Βροσίνα,η;0.67;0;0
44017;Βροσίνα,η;0.67;0;0
64008;Βρύση,η;0.67;0;0
46200;Βρυσοπούλα,η;0.67;0;0
27064;Γούμερον,το;0.67;0;0
48200;Γωνία,η;0.67;0;0
24500;Δάρας,ο;0.67;0;0
48062;Δεσποτικό,το;0.67;0;0
21052;Δημοσιά,η;0.67;0;0
47150;Διασέλλα,η;0.67;0;0
14578;Εκάλη,η;0.67;0;0
14678;Εκάλη,η;0.67;0;0
35015;Ελάτεια,η;0.67;0;0
35004;Ελάτεια,η;0.67;0;0
48300;Ζερβόν,το;0.67;0;0
42150;Ζηλευτή,η;0.67;0;0
43060;Ζωγραφία,η;0.67;0;0
63081;Ήμερη Ελιά,η;0.67;0;0
34003;Καζάρμα,η;0.67;0;0
63077;Καλάνδρα,η;0.67;0;0
73011;Καλλικράτης,ο;0.67;0;0
43150;Καλλιφώνιον,το;0.67;0;0
47150;Κάμπος,ο;0.67;0;0
47046;Κάμπος,ο;0.67;0;0
34003;Κάμπος,ο (Τ.Κ.Βιτάλων);0.67;0;0
38500;Κανάλια,τα;0.67;0;0
22200;Καρίταινα,η;0.67;0;0
22022;Καρίταινα,η;0.67;0;0
63077;Κασσάνδρα Παλλάς,το;0.67;0;0
84500;Κατακαλαίοι,οι;0.67;0;0
81400;Κατάλακκον,το;0.67;0;0
30004;Κατούνα,η;0.67;0;0
40003;Κάτω Καλαμάκιον,το;0.67;0;0
30021;Κάτω Κάμπος,ο;0.67;0;0
34600;Κάτω Στενή,η;0.67;0;0
34014;Κάτω Στενή,η;0.67;0;0
70004;Κάτω Σύμη,η;0.67;0;0
47044;Κέδρος,ο;0.67;0;0
47048;Κέδρος,ο;0.67;0;0
43150;Κόμπελος,ο;0.67;0;0
30500;Κομποθέκλα,η;0.67;0;0
43200;Κόρδα,η;0.67;0;0
46100;Κορίτιανη,η;0.67;0;0
81200;Κουρνέλα,η;0.67;0;0
42150;Κρηνίτσα,η;0.67;0;0
14568;Κρυονέριον,το;0.67;0;0
43060;Λαζαρίνα,η;0.67;0;0
45500;Λάλιζα,η;0.67;0;0
34600;Λάμαρη,η;0.67;0;0
34014;Λάμαρη,η;0.67;0;0
81109;Λαφιώνας,ο;0.67;0;0
32001;Λεοντάριον,το;0.67;0;0
32002;Λεοντάριον,το;0.67;0;0
64004;Λιβάδι,το;0.67;0;0
21250;Λίμναι,αι;0.67;0;0
23052;Λογγάριον,το;0.67;0;0
23068;Λογγάριον,το;0.67;0;0
43200;Μαγουλίτσα,η;0.67;0;0
43062;Μαγουλίτσα,η;0.67;0;0
32001;Μάζιον,το;0.67;0;0
47150;Μαρκινιάδα,η;0.67;0;0
24002;Μαυρομμάτιον,το;0.67;0;0
34600;Μαυρόπουλον,το;0.67;0;0
34014;Μαυρόπουλον,το;0.67;0;0
42150;Μεγαλοχώριον,το;0.67;0;0
64008;Μέγας Αλέξανδρος,ο;0.67;0;0
63088;Μεταμόρφωσις,η;0.67;0;0
34600;Μετόχιον,το;0.67;0;0
34014;Μετόχιον,το;0.67;0;0
24005;Μηλιώτιον,το;0.67;0;0
24014;Μηλιώτιον,το;0.67;0;0
72052;Μονή Κρυσταλλένιας,η;0.67;0;0
63086;Μονή Μεγίστης Λαύρας,η;0.67;0;0
63087;Μονή Σίμωνος Πέτρας,η;0.67;0;0
49100;Μπανάδο,το;0.67;0;0
72055;Μπέμπονας,ο;0.67;0;0
21250;Μποζιονελαίικα,τα;0.67;0;0
57004;Νέα Κερασιά,η;0.67;0;0
63075;Νηρέας,ο;0.67;0;0
41500;Νίκη,η;0.67;0;0
19012;Οινόη,η;0.67;0;0
60150;Ολυμπιακή Ακτή,η;0.67;0;0
23200;Παλαιόβρυση,η;0.67;0;0
48200;Παναγία,η;0.67;0;0
22007;Παππαδάς,ο;0.67;0;0
22028;Παππαδάς,ο;0.67;0;0
64002;Παραλία Αστρίδος,η;0.67;0;0
64008;Παραλία Οφρυνίου,η;0.67;0;0
24009;Πελεκητή,η;0.67;0;0
24007;Πελεκητή,η;0.67;0;0
45500;Πετσάλη,η;0.67;0;0
63072;Πηγαδάκι,το;0.67;0;0
21250;Πλάκα,η;0.67;0;0
63085;Πολύχρονον,το;0.67;0;0
30017;Προσήλια,τα;0.67;0;0
44003;Ράικον,το;0.67;0;0
40300;Ρευματιά,η;0.67;0;0
25008;Ροδιά,η;0.67;0;0
43150;Ρούσσον,το;0.67;0;0
64002;Ρωσογκρεμός,ο;0.67;0;0
63077;Σίβηρη,η;0.67;0;0
46300;Σίδερη,η;0.67;0;0
34400;Σταυρός,ο;0.67;0;0
21250;Στραβή Ράχη,η;0.67;0;0
40006;Στρίντζιος,ο;0.67;0;0
24001;Στυλιανός,ο;0.67;0;0
24600;Στυλιανός,ο;0.67;0;0
63077;Σωλήνα,η;0.67;0;0
41500;Σωτήριον,το;0.67;0;0
47045;Ταύλα,η;0.67;0;0
32150;Τζιμαίικα,τα;0.67;0;0
42100;Τρίκαλα,τα;0.67;0;0
42101;Τρίκαλα,τα;0.67;0;0
42110;Τρίκαλα,τα;0.67;0;0
42131;Τρίκαλα,τα;0.67;0;0
42132;Τρίκαλα,τα;0.67;0;0
47043;Φράστα,τα;0.67;0;0
40300;Χαϊδάρια,τα;0.67;0;0
43060;Χάρμα,το;0.67;0;0
42150;Χρυσαυγή,η;0.67;0;0
47040;Χρυσορράχη,η;0.67;0;0
18020;Χώρα,η;0.67;0;0
63088;Ψακούδια,τα;0.67;0;0
63071;Ψακούδια,τα;0.67;0;0
64002;Ψιλή Άμμος,η;0.67;0;0
70013;Αγία Ειρήνη,η;0.66;0;0
42150;Αγία Κυριακή,η;0.66;0;0
57019;Αγία Τριάς,η;0.66;0;0
43150;Αγιοπηγή,η;0.66;0;0
34003;Άγιος Βλάσιος,ο;0.66;0;0
34016;Άγιος Βλάσιος,ο;0.66;0;0
19014;Άγιος Γεώργιος,ο;0.66;0;0
34001;Άγιος Δημήτριος,ο;0.66;0;0
23200;Άγιος Νικόλαος,ο;0.66;0;0
46300;Άγιος Νικόλαος,ο;0.66;0;0
23061;Άγιος Νικόλαος,ο;0.66;0;0
46032;Άγιος Νικόλαος,ο;0.66;0;0
38500;Άγιος Ονούφριος,ο;0.66;0;0
30020;Αγραπιδόκαμπος,ο;0.66;0;0
21250;Αγριλίτσα,η;0.66;0;0
72400;Αδριανός,ο;0.66;0;0
40006;Αλεξανδρινή,η;0.66;0;0
38500;Άλλη Μεριά,η;0.66;0;0
27069;Αμπελάκια,τα;0.66;0;0
38500;Ανακασιά,η;0.66;0;0
37001;Ανάληψη,η;0.66;0;0
72400;Άνω Αμυγδάλοι,οι;0.66;0;0
28300;Ανωγή,η;0.66;0;0
22200;Απιδίτσα,η;0.66;0;0
23051;Ασήμιον,το;0.66;0;0
23057;Ασήμιον,το;0.66;0;0
34400;Άτταλη,η;0.66;0;0
82103;Αφροδίσια,τα;0.66;0;0
63072;Βαλτί,το;0.66;0;0
35010;Βαρδαλή,η;0.66;0;0
47044;Βαρκά,τα;0.66;0;0
40300;Βασιλής,ο;0.66;0;0
22200;Βελιγοστή,η;0.66;0;0
22021;Βελιγοστή,η;0.66;0;0
23051;Βελωτά,τα;0.66;0;0
23058;Βελωτά,τα;0.66;0;0
34003;Βίταλα,τα;0.66;0;0
34019;Βίταλα,τα;0.66;0;0
24005;Βλάσης,ο;0.66;0;0
24014;Βλάσης,ο;0.66;0;0
24022;Βόρειον,το;0.66;0;0
24016;Βόρειον,το;0.66;0;0
34200;Βουτάς,ο;0.66;0;0
34200;Γαλατσώνα,η;0.66;0;0
34200;Γερακιού,η;0.66;0;0
23150;Γιακουμαίϊκα,τα;0.66;0;0
23065;Γιακουμαίϊκα,τα;0.66;0;0
46300;Γιρομέριον,το;0.66;0;0
46200;Γκρίκα,η;0.66;0;0
43061;Γλίνος,ο;0.66;0;0
64004;Γλυφάδα,η;0.66;0;0
46300;Γολά,η;0.66;0;0
35150;Γοργοπόταμος,ο;0.66;0;0
81400;Δάφνη,η;0.66;0;0
40300;Δενδράκιον,το;0.66;0;0
30150;Δροσινιάτικα,τα;0.66;0;0
48200;Δρυόφυτον,το;0.66;0;0
25100;Επταπίττα,η;0.66;0;0
37100;Ευξεινούπολις,η;0.66;0;0
43150;Ζαΐμιον,το;0.66;0;0
72150;Θεολόγος,ο;0.66;0;0
13603;Θρακομακεδόνες,οι;0.66;0;0
13640;Θρακομακεδόνες,οι;0.66;0;0
13676;Θρακομακεδόνες,οι;0.66;0;0
24011;Καλίτσαινα,η;0.66;0;0
24021;Καλίτσαινα,η;0.66;0;0
63085;Καλούτσικος,ο;0.66;0;0
22200;Καλυβάκια,τα;0.66;0;0
22022;Καλυβάκια,τα;0.66;0;0
47150;Κάρδαμος,ο;0.66;0;0
47046;Κάρδαμος,ο;0.66;0;0
28084;Καρυά,η;0.66;0;0
28085;Καρυά,η;0.66;0;0
25006;Κασάνεβα,η;0.66;0;0
25010;Κασάνεβα,η;0.66;0;0
27061;Κάτω Αμυγδαλιές,οι;0.66;0;0
22200;Κάτω Μακρύσι,το;0.66;0;0
72052;Κάτω Μετόχιον,το;0.66;0;0
20008;Κλένια,η;0.66;0;0
31082;Κομήλιον,το;0.66;0;0
19014;Κοσμοθέα,η;0.66;0;0
48062;Κουκκούλιο,το;0.66;0;0
24001;Κούμαρον,το;0.66;0;0
24014;Κούμαρον,το;0.66;0;0
63075;Κουμίτσα,η;0.66;0;0
30150;Λαγκάδι,το;0.66;0;0
25100;Λάκκα,η (Τοπική Κοινότητα Μελισσίων);0.66;0;0
32100;Λεβάδεια,η;0.66;0;0
32110;Λεβάδεια,η;0.66;0;0
32131;Λεβάδεια,η;0.66;0;0
32009;Λεύκα,η;0.66;0;0
43200;Λεύκη,η;0.66;0;0
43062;Λεύκη,η;0.66;0;0
81400;Λιβαδοχώριον,το;0.66;0;0
42150;Λόγγος,ο;0.66;0;0
35009;Λουτρά Θερμοπυλών,τα;0.66;0;0
30021;Λουτρά,τα;0.66;0;0
35150;Λυγαριά,η;0.66;0;0
43060;Μαγουλίτσα,η;0.66;0;0
35011;Μακρακώμη,η;0.66;0;0
64004;Μακρυάμμος,η;0.66;0;0
24011;Μάλθη,η;0.66;0;0
43200;Μαραθέα,η;0.66;0;0
72052;Μαρμακέτον,το;0.66;0;0
42150;Μεγάλα Καλύβια,τα;0.66;0;0
42030;Μεγάλα Καλύβια,τα;0.66;0;0
22200;Μεγαλόπολις,η;0.66;0;0
47150;Μέγκλα,η;0.66;0;0
25100;Μελίσσια,τα;0.66;0;0
43300;Μελισσοχώριον,το;0.66;0;0
43200;Μεταμόρφωσις,η;0.66;0;0
37100;Μικροθήβαι,αι;0.66;0;0
44003;Μικρόν Σουλόπουλον,το;0.66;0;0
63085;Μόλαι Καλύβαι,αι;0.66;0;0
81103;Μονή Αγίου Ιωάννου Θεολόγου,η;0.66;0;0
83100;Μονή Βροντά,η;0.66;0;0
84500;Μονή Παναχράντου,η;0.66;0;0
30009;Μπαμπίνη,η;0.66;0;0
22200;Νέα Εκκλησούλα,η;0.66;0;0
57004;Νέα Μηχανιώνα,η;0.66;0;0
63075;Νέα Ρόδα,τα;0.66;0;0
20500;Νεμέα,η;0.66;0;0
64004;Νιστέρι,το;0.66;0;0
43200;Νομή,η;0.66;0;0
63075;Ξηροπόταμον,το;0.66;0;0
30150;Παλαιοκαρυά,η;0.66;0;0
43150;Παλαιοκκλήσιον,το;0.66;0;0
23150;Παλαιοπαναγία,η;0.66;0;0
23054;Παλαιοπαναγία,η;0.66;0;0
30021;Παλαιοχώρια,τα;0.66;0;0
63072;Παραλία Συκιάς,η;0.66;0;0
34500;Παραμερίται,οι;0.66;0;0
42150;Πατουλιά,η;0.66;0;0
43200;Πεδινόν,το;0.66;0;0
14565;Πευκόφυτον,το;0.66;0;0
31100;Πηγαδησάνοι,οι;0.66;0;0
31080;Πηγαδησάνοι,οι;0.66;0;0
24011;Πλατάνια,τα;0.66;0;0
24021;Πλατάνια,τα;0.66;0;0
27066;Πόθος,ο;0.66;0;0
81400;Πολιόχνη,η;0.66;0;0
30017;Ποταμιά,η;0.66;0;0
19600;Πουρνάρι,το;0.66;0;0
23062;Πύρριχος,ο;0.66;0;0
37500;Ριζόμυλος,ο;0.66;0;0
37006;Ροδιά,η;0.66;0;0
63077;Σανή,η;0.66;0;0
37300;Σερβανάτες,οι;0.66;0;0
43200;Σερβωτά,τα;0.66;0;0
64002;Σκάλα Μαριών,η;0.66;0;0
64010;Σκάλα Ραχωνίου,η;0.66;0;0
64010;Σκάλα Σωτήρος,η;0.66;0;0
63077;Σκάλα Φούρκας,η;0.66;0;0
23062;Σκάλα,η;0.66;0;0
63075;Σκάλα,η;0.66;0;0
63087;Σκήτη Ευαγγελισμός της Θεοτόκου,η;0.66;0;0
44003;Σουλόπουλον,το;0.66;0;0
21250;Σπαναίικα,τα;0.66;0;0
30150;Σταματογιανναίικα,τα;0.66;0;0
48061;Συκέαι,αι;0.66;0;0
30300;Συκιά,η;0.66;0;0
25100;Συνανιά,τα;0.66;0;0
72052;Τζερμιάδον,το;0.66;0;0
34200;Τσαπουρνιά,η;0.66;0;0
40300;Υπέρεια,η;0.66;0;0
42150;Φανερωμένη,η;0.66;0;0
72052;Φαρσάρον,το;0.66;0;0
27061;Φιγαλεία,η;0.66;0;0
63078;Φτερωτή,η;0.66;0;0
63077;Φυλακαί Κασσάνδρας,αι;0.66;0;0
13351;Φυλή,η;0.66;0;0
82300;Φυτά,τα;0.66;0;0
38500;Φυτόκον,το;0.66;0;0
22008;Χώρα,η;0.66;0;0
46200;Ψάκα,η;0.66;0;0
43300;Αγία Παρασκευή,η;0.65;0;0
30008;Αγία Σοφία,η;0.65;0;0
43300;Άγιος Βησσάριος,ο;0.65;0;0
32150;Άγιος Βλάσιος,ο;0.65;0;0
20004;Άγιος Βλάσσης,ο;0.65;0;0
33100;Άγιος Κωνσταντίνος,ο;0.65;0;0
30017;Άγιος Μηνάς,ο;0.65;0;0
25200;Άγιος Νικόλαος,ο (Τοπική Κοινότητα Αγίου Νικολάου Σπάτων);0.65;0;0
46200;Άγιος Παντελεήμων,ο;0.65;0;0
19600;Άγιος Χαράλαμπος,ο;0.65;0;0
43061;Αγναντερόν,το;0.65;0;0
81401;Αερολιμήν,ο;0.65;0;0
37100;Αϊδίνιον,το;0.65;0;0
82150;Αίπος,ο;0.65;0;0
81200;Ακράσιον,το;0.65;0;0
24004;Αμπελόκηποι,οι;0.65;0;0
24010;Αμπελόκηποι,οι;0.65;0;0
43300;Άμπελος,η;0.65;0;0
49081;Αναπαυτήρια,τα;0.65;0;0
43300;Ανώγειον,το;0.65;0;0
28086;Αργίνια,τα;0.65;0;0
28082;Αργίνια,τα;0.65;0;0
24200;Αριστομένης,ο;0.65;0;0
24015;Αριστομένης,ο;0.65;0;0
32200;Ασωπία,η;0.65;0;0
81401;Ατσική,η;0.65;0;0
30015;Βαρκά,τα;0.65;0;0
81401;Βάρος,το;0.65;0;0
24009;Βελανιδιά,η;0.65;0;0
24007;Βελανιδιά,η;0.65;0;0
30300;Βλαχομάνδρα,η;0.65;0;0
25006;Βούτσιμος,ο;0.65;0;0
25014;Βούτσιμος,ο;0.65;0;0
63078;Γαλήνη,η (Δ.Κ.Αγίου Νικολάου);0.65;0;0
21052;Γκάτζια,η;0.65;0;0
35011;Γραμμένη,η;0.65;0;0
47045;Γωνιά,η;0.65;0;0
43300;Δασοχώριον,το;0.65;0;0
47044;Διάσελλον,το;0.65;0;0
47048;Διάσελλον,το;0.65;0;0
30008;Δουναίικα,τα;0.65;0;0
37300;Δύο Ρεύματα,τα;0.65;0;0
48300;Ελαία,η;0.65;0;0
23070;Ελληνικόν,το;0.65;0;0
40300;Ελληνικόν,το;0.65;0;0
20006;Ελληνοχώριον,το;0.65;0;0
20002;Ελληνοχώριον,το;0.65;0;0
49081;Επίσκεψις,η;0.65;0;0
37300;Ζερβόχια,η;0.65;0;0
37010;Ζερβόχια,η;0.65;0;0
30150;Ζευγαράκι,το;0.65;0;0
43200;Ηλίας,ο;0.65;0;0
43062;Ηλίας,ο;0.65;0;0
72200;Θρυπτή,η;0.65;0;0
81107;Ιερά Μονή Λειμώνος,η;0.65;0;0
43200;Ιτέα,η;0.65;0;0
43062;Ιτέα,η;0.65;0;0
34003;Κάδιον,το;0.65;0;0
34016;Κάδιον,το;0.65;0;0
30008;Καημένα Αμπέλια,τα;0.65;0;0
32200;Καλλιθέα,η;0.65;0;0
81400;Καλλιθέα,η;0.65;0;0
22200;Καμαρίτσα,η;0.65;0;0
22021;Καμαρίτσα,η;0.65;0;0
23150;Καμίνια,τα;0.65;0;0
43300;Καππαδοκικόν,το;0.65;0;0
43100;Καρδίτσα,η;0.65;0;0
43101;Καρδίτσα,η;0.65;0;0
43110;Καρδίτσα,η;0.65;0;0
43131;Καρδίτσα,η;0.65;0;0
43132;Καρδίτσα,η;0.65;0;0
43150;Καρδιτσομαγούλα,η;0.65;0;0
83301;Καρές,οι;0.65;0;0
81401;Καρπάσιον,το;0.65;0;0
48200;Κλεισούρα,η;0.65;0;0
24002;Κογχύλιον,το;0.65;0;0
29092;Κοιλιωμένος,ο;0.65;0;0
23200;Κόκκινα Λουριά,τα;0.65;0;0
23061;Κόκκινα Λουριά,τα;0.65;0;0
21250;Κόκλα,η;0.65;0;0
35150;Κομποτάδες,οι;0.65;0;0
84302;Κόρωνος,η;0.65;0;0
84301;Κόρωνος,η;0.65;0;0
43200;Κοσκινάς,ο;0.65;0;0
83200;Κοσμαδαίοι,οι;0.65;0;0
22200;Κοτσιρίδιον,το;0.65;0;0
22021;Κοτσιρίδιον,το;0.65;0;0
30015;Κουρτελαίικα,τα;0.65;0;0
37100;Κρόκιον,το;0.65;0;0
22200;Κυπαρίσσια,τα;0.65;0;0
22022;Κυπαρίσσια,τα;0.65;0;0
43300;Κυψέλη,η;0.65;0;0
47150;Λαγκάδια,τα;0.65;0;0
63078;Λαγονήσι,το;0.65;0;0
30150;Λάσπαι,αι;0.65;0;0
19600;Λεύκα,η;0.65;0;0
32200;Λεύκτρα,τα;0.65;0;0
30150;Λιαγκαίικα,τα;0.65;0;0
48060;Λιβαδάριον,το;0.65;0;0
32200;Λουτούφιον,το;0.65;0;0
40300;Λόφος,ο;0.65;0;0
21250;Λύρκεια,η;0.65;0;0
21058;Λύρκεια,η;0.65;0;0
21250;Μαλαντρένιον,το;0.65;0;0
25015;Μαστραντώνης,ο;0.65;0;0
43300;Ματαράγκα,η;0.65;0;0
43300;Μαυραχάδες,οι;0.65;0;0
43150;Μαύρικα,τα;0.65;0;0
24200;Μαύρος Λόγγος,ο;0.65;0;0
40300;Μέγα Ευύδριον,το;0.65;0;0
43150;Μέλισσα,η;0.65;0;0
38500;Μελισσάτικα,τα;0.65;0;0
23200;Μελιτίνη,η;0.65;0;0
81106;Μεσαγρός,ο;0.65;0;0
27054;Μηλέα,η;0.65;0;0
40300;Μικρό Ευύδριο,το;0.65;0;0
63086;Μονή Χιλιανδαρίου,η;0.65;0;0
24400;Μουζάκιον,το;0.65;0;0
63085;Μπουλαμάτσια,η;0.65;0;0
46100;Μύλοι,οι;0.65;0;0
40006;Νέα Μεσάγκαλα,τα;0.65;0;0
40007;Νέα Μεσάγκαλα,τα;0.65;0;0
63200;Νέα Ποτείδαια,η;0.65;0;0
63077;Νέα Φώκαια,η;0.65;0;0
63088;Νησί,το;0.65;0;0
63071;Νησί,το;0.65;0;0
22200;Ορέστειον,το;0.65;0;0
63078;Όρμος Παναγίας,ο;0.65;0;0
43200;Ορφανά,τα;0.65;0;0
43062;Ορφανά,τα;0.65;0;0
63075;Ουρανόπολις,η;0.65;0;0
22007;Όχθια,τα;0.65;0;0
22028;Όχθια,τα;0.65;0;0
48300;Παππαδάται,αι;0.65;0;0
63088;Παραλία Βατοπεδίου,η;0.65;0;0
40006;Παραλία Κουλούρας,η;0.65;0;0
23150;Πελλάνα,η;0.65;0;0
23059;Πελλάνα,η;0.65;0;0
47044;Πέρα Καλεντίνη,η;0.65;0;0
32150;Περαχώριον,το;0.65;0;0
22200;Περιβόλια,τα;0.65;0;0
63085;Πευκοχώριον,το;0.65;0;0
49081;Πηγή,η;0.65;0;0
32200;Πλατανάκια,τα;0.65;0;0
19014;Πολυδένδριον,το;0.65;0;0
49081;Πόρτα,η;0.65;0;0
63200;Πόρτες,οι;0.65;0;0
19014;Πουρίθι,το;0.65;0;0
43061;Προάστιον,το;0.65;0;0
43070;Προάστιον,το;0.65;0;0
34150;Προφήτης Ηλίας,ο;0.65;0;0
27061;Πτελέα,η;0.65;0;0
27062;Πτελέα,η;0.65;0;0
43150;Πτελοπούλα,η;0.65;0;0
40300;Πυργάκια,τα;0.65;0;0
43300;Πύργος Κιερίου,ο;0.65;0;0
63077;Πύργος Σανή,ο;0.65;0;0
44003;Ραβενή,η;0.65;0;0
44017;Ραβενή,η;0.65;0;0
21300;Ράδον,το;0.65;0;0
44003;Σέλτσανα,τα;0.65;0;0
44017;Σέλτσανα,τα;0.65;0;0
84302;Σίφωνες,οι;0.65;0;0
25015;Σκιαδάς,ο;0.65;0;0
81106;Σκόπελος,ο;0.65;0;0
30500;Σκρέικο,το;0.65;0;0
22200;Σούλος,ο;0.65;0;0
43300;Σοφάδες,οι;0.65;0;0
83104;Σπαθαραίοι,οι;0.65;0;0
40300;Σταθμός,ο;0.65;0;0
21052;Σταματαίικα,τα;0.65;0;0
37300;Σταυροδρόμι,το;0.65;0;0
37010;Σταυροδρόμι,το;0.65;0;0
37500;Στεφανοβίκειον,το;0.65;0;0
27056;Ταξιάρχαι,οι;0.65;0;0
46300;Τρικόρυφον,το;0.65;0;0
22200;Τριπόταμον,το;0.65;0;0
63075;Τρυπητή,η;0.65;0;0
43300;Φιλία,η;0.65;0;0
49081;Φουρνί,το;0.65;0;0
63085;Φράμα,το;0.65;0;0
43200;Φύλλον,το;0.65;0;0
43062;Φύλλον,το;0.65;0;0
63085;Χανιώτης,ο;0.65;0;0
63075;Χρυσή Ακτή,η;0.65;0;0
22200;Χωρέμης,ο;0.65;0;0
30008;Αβαρίκος,ο;0.64;0;0
57004;Αγγελοχώριον,το;0.64;0;0
43061;Αγία Τριάς,η;0.64;0;0
48060;Αγιά,η;0.64;0;0
43061;Άγιοι Ανάργυροι,οι;0.64;0;0
32150;Άγιος Γεώργιος,ο;0.64;0;0
32007;Άγιος Γεώργιος,ο;0.64;0;0
37300;Άγιος Δημήτριος,ο;0.64;0;0
81400;Άγιος Δημήτριος,ο;0.64;0;0
37010;Άγιος Δημήτριος,ο;0.64;0;0
43150;Άγιος Θεόδωρος,ο;0.64;0;0
23150;Άγιος Ιωάννης,ο;0.64;0;0
70016;Άγιος Νικόλαος,ο;0.64;0;0
35003;Άγιος Σώστης,ο;0.64;0;0
72052;Άγιος Χαράλαμπος,ο;0.64;0;0
81400;Αγκαρυώνες,οι;0.64;0;0
27069;Άγναντα,τα;0.64;0;0
24005;Αγνάντιον,το;0.64;0;0
27061;Αλίφειρα,η;0.64;0;0
27062;Αλίφειρα,η;0.64;0;0
37100;Αλμυρός,ο;0.64;0;0
63075;Αμμουλιανή,η (νησίς);0.64;0;0
27065;Αμπάριον,το;0.64;0;0
32200;Αμπελοχώριον,το;0.64;0;0
43200;Αμπελών,ο;0.64;0;0
43062;Αμπελών,ο;0.64;0;0
81401;Ανεμόεσσα,η;0.64;0;0
22200;Ανθοχώριον,το;0.64;0;0
40300;Ανωχώριον,το;0.64;0;0
43150;Αρτεσιανόν,το;0.64;0;0
64002;Αστρίς,η;0.64;0;0
43200;Αστρίτσα,η;0.64;0;0
43062;Αστρίτσα,η;0.64;0;0
82150;Αυγώνυμα,τα;0.64;0;0
32200;Βάγια,τα;0.64;0;0
32002;Βάγια,τα;0.64;0;0
35015;Βασιλικά,τα;0.64;0;0
82300;Βίκιον,το;0.64;0;0
81400;Βουνάρια,τα;0.64;0;0
44003;Βρυσούλα,η;0.64;0;0
44017;Βρυσούλα,η;0.64;0;0
22200;Βρυσούλαι,αι;0.64;0;0
34003;Γάια,τα;0.64;0;0
34016;Γάια,τα;0.64;0;0
22200;Γέφυρα,η;0.64;0;0
43300;Γεφύρια,τα;0.64;0;0
34003;Γιάννηδες,οι;0.64;0;0
34016;Γιάννηδες,οι;0.64;0;0
43200;Γοργοβίται,οι;0.64;0;0
63072;Δεστενίκα,η;0.64;0;0
63078;Διάπορος,η;0.64;0;0
72200;Δρακαλεύριον,το;0.64;0;0
46100;Δράμεση,η;0.64;0;0
63075;Δρένια,τα (νησίς);0.64;0;0
63078;Ελιά,η (Δ.Κ.Αγίου Νικολάου);0.64;0;0
30150;Ελληνικόν,το;0.64;0;0
32001;Ελλοπία,η;0.64;0;0
32010;Ελλοπία,η;0.64;0;0
28100;Επανωχώριον,το;0.64;0;0
36071;Επισκοπή,η;0.64;0;0
43200;Ερμήτσιον,το;0.64;0;0
35150;Ζακαίικα,τα;0.64;0;0
31100;Κάβαλλος,ο;0.64;0;0
31080;Κάβαλλος,ο;0.64;0;0
20006;Καλέντζιον,το;0.64;0;0
20001;Καλέντζιον,το;0.64;0;0
22008;Καλλιάνιον,το;0.64;0;0
43061;Καλογριανά,τα;0.64;0;0
24005;Καλοχώριον,το;0.64;0;0
24014;Καλοχώριον,το;0.64;0;0
43200;Καλυβάκια,τα;0.64;0;0
34400;Καμαρίτσα,η;0.64;0;0
19014;Καπανδρίτιον,το;0.64;0;0
28086;Καπανδρίτιον,το;0.64;0;0
28082;Καπανδρίτιον,το;0.64;0;0
43150;Καρποχώριον,το;0.64;0;0
22200;Κατσίμπαλης,ο;0.64;0;0
22022;Κατσίμπαλης,ο;0.64;0;0
35003;Κάτω Καλλιθέα,η;0.64;0;0
34003;Κάτω Κουρούνιον,το;0.64;0;0
34016;Κάτω Κουρούνιον,το;0.64;0;0
25100;Κάτω Πτέρη,η;0.64;0;0
34005;Κεχριαί,αι;0.64;0;0
24200;Κλήμα,το;0.64;0;0
38500;Κλήμα,το;0.64;0;0
24013;Κλήμα,το;0.64;0;0
35009;Κόμνινα,η;0.64;0;0
43061;Κρανέα,η;0.64;0;0
47150;Κρυονέριον,το;0.64;0;0
72052;Λαγού,το;0.64;0;0
30021;Λάκκαι,αι;0.64;0;0
35015;Λευκοχώριον,το;0.64;0;0
35004;Λευκοχώριον,το;0.64;0;0
34003;Λόκας,ο;0.64;0;0
34016;Λόκας,ο;0.64;0;0
27069;Λουκάς,ο;0.64;0;0
29092;Λούχα,η;0.64;0;0
23200;Λυγερέας,ο;0.64;0;0
81401;Λύχνα,τα;0.64;0;0
43150;Μαγούλα,η;0.64;0;0
43150;Μακρυχώριον,το;0.64;0;0
34003;Μαλετιάνοι,οι;0.64;0;0
34019;Μαλετιάνοι,οι;0.64;0;0
81104;Μανταμάδος,ο;0.64;0;0
30017;Μαρανέλι,το;0.64;0;0
30018;Μαρανέλι,το;0.64;0;0
43200;Μάρκος,ο;0.64;0;0
35005;Μαρτίνον,το;0.64;0;0
43300;Μασχολούριον,το;0.64;0;0
27061;Ματέσιον,το;0.64;0;0
32150;Μαυρονέριον,το;0.64;0;0
25100;Μερτίδιον,το;0.64;0;0
24001;Μεταμόρφωσις,η;0.64;0;0
24600;Μεταμόρφωσις,η;0.64;0;0
30015;Μεταξάς,ο;0.64;0;0
63075;Μετόχι Αγίου Παύλου,το;0.64;0;0
34006;Μονή Αγίου Νικολάου,η;0.64;0;0
63087;Μονή Αγίου Παύλου,η;0.64;0;0
23150;Μονή Αγίων Τεσσαράκοντα,η;0.64;0;0
63086;Μονή Βατοπεδίου,η;0.64;0;0
72052;Μονή Βιδιανής,η;0.64;0;0
63086;Μονή Εσφιγμένου,η;0.64;0;0
63086;Μονή Ιβήρων,η;0.64;0;0
63087;Μονή Ξηροποτάμου,η;0.64;0;0
63086;Μονή Παντοκράτορος,η;0.64;0;0
34200;Μονοκαρυά,η;0.64;0;0
43150;Μύρινα,η;0.64;0;0
81106;Μυχός,η;0.64;0;0
81102;Νάπη,η;0.64;0;0
43300;Νέα Ζωή,η;0.64;0;0
81400;Νέα Κούταλη,η;0.64;0;0
63085;Νέα Σκιώνη,η;0.64;0;0
35300;Νέα Σπαρτιά,η;0.64;0;0
35013;Νέα Σπαρτιά,η;0.64;0;0
81400;Νέο Πεδινό,το;0.64;0;0
30017;Νέο Χαλκιόπουλο,το;0.64;0;0
63081;Νέος Μαρμαράς,ο;0.64;0;0
37100;Νέος Πλάτανος,ο;0.64;0;0
46200;Νεοχώριον,το;0.64;0;0
43061;Παλαιοχώριον,το;0.64;0;0
43200;Παλαμάς,ο;0.64;0;0
43150;Παραγωγικόν,το;0.64;0;0
43300;Πασχαλίτσα,η;0.64;0;0
32300;Παύλος,ο;0.64;0;0
46200;Πέντε Εκκλησίαι,αι;0.64;0;0
63078;Περιστέρι,το;0.64;0;0
72052;Πινακιανόν,το;0.64;0;0
22200;Πλάκα,η;0.64;0;0
48300;Πλατάνια,τα;0.64;0;0
25008;Πλατανόβρυση,η;0.64;0;0
49081;Ποδολάκκος,ο;0.64;0;0
40300;Πολυνέριον,το;0.64;0;0
23150;Ποταμιά,η;0.64;0;0
23054;Ποταμιά,η;0.64;0;0
70003;Πρινιάς,ο;0.64;0;0
64010;Πρίνος,ο;0.64;0;0
43150;Πρόδρομος,ο;0.64;0;0
24005;Πυργάκι,το;0.64;0;0
43061;Ριζοβούνιον,το;0.64;0;0
46300;Ροδοστίβα,η;0.64;0;0
33100;Σερνικάκιον,το;0.64;0;0
63086;Σκήτη Αγίου Δημητρίου Βατοπεδίου,η;0.64;0;0
63086;Σκήτη Τιμίου Προδρόμου Μεγίστης Λαύρας,η;0.64;0;0
81109;Σκουτάρος,ο;0.64;0;0
31100;Σπανοχώριον,το;0.64;0;0
31080;Σπανοχώριον,το;0.64;0;0
19014;Σταθμός Αφιδνών,ο;0.64;0;0
43150;Σταυρός,ο;0.64;0;0
43300;Ταυρωπός,ο;0.64;0;0
47150;Τραπεζάκιον,το;0.64;0;0
49081;Τριτσίον,το;0.64;0;0
20006;Χαλκείον,το;0.64;0;0
34003;Χαροκόπος,ο;0.64;0;0
34019;Χαροκόπος,ο;0.64;0;0
24005;Χατζής,ο;0.64;0;0
43200;Ψαθοχώριον,το;0.64;0;0
49083;Αγία Άννα,η;0.63;0;0
44003;Αγία Μαρίνα,η;0.63;0;0
44017;Αγία Μαρίνα,η;0.63;0;0
30021;Αγία Παρασκευή,η (Τ.Κ.Αγίου Βλασίου);0.63;0;0
27069;Αγία Τριάς,η;0.63;0;0
82150;Άγιος Γεώργιος Συκούσης,ο;0.63;0;0
40300;Άγιος Γεώργιος,ο;0.63;0;0
44003;Άγιος Γεώργιος,ο;0.63;0;0
44017;Άγιος Γεώργιος,ο;0.63;0;0
46200;Άγιος Δονάτος,ο;0.63;0;0
26500;Άγιος Κωνσταντίνος,ο;0.63;0;0
63081;Αζάπικο,το;0.63;0;0
63078;Αϊμπελίτσι,το;0.63;0;0
49083;Αλειμματάδες,οι;0.63;0;0
82300;Αμάδες,αι;0.63;0;0
47150;Άμμος,η;0.63;0;0
47046;Άμμος,η;0.63;0;0
25200;Αμπελάκια,τα;0.63;0;0
46200;Αμπελιά,η;0.63;0;0
25006;Άμπελος,η;0.63;0;0
35015;Ανθοχώριον,το;0.63;0;0
30010;Άνω Βλοχός,ο;0.63;0;0
37300;Άνω Γατζέα,η;0.63;0;0
30017;Άνω Κάμπος,ο;0.63;0;0
48061;Άνω Κοτσανόπουλον,το;0.63;0;0
37300;Αργυραίικα,τα;0.63;0;0
37010;Αργυραίικα,τα;0.63;0;0
32200;Άρμα,το;0.63;0;0
24002;Αρσινόη,η;0.63;0;0
20500;Αρχαίαι Κλεωναί,αι;0.63;0;0
25100;Αχλαδέα,η;0.63;0;0
47150;Βαθύκαμπος,ο;0.63;0;0
35300;Βαθύκοιλον,το;0.63;0;0
35013;Βαθύκοιλον,το;0.63;0;0
24011;Βανάδα,η;0.63;0;0
24021;Βανάδα,η;0.63;0;0
35003;Βαρκά,τα;0.63;0;0
35016;Βαρκά,τα;0.63;0;0
37006;Βοδίνι,το;0.63;0;0
40300;Βρυσιά,τα;0.63;0;0
44003;Γκρίμποβον,το;0.63;0;0
44017;Γκρίμποβον,το;0.63;0;0
34003;Γραμματικιάνοι,οι;0.63;0;0
34019;Γραμματικιάνοι,οι;0.63;0;0
43300;Γραμματικόν,το;0.63;0;0
47150;Γρίμποβον,το;0.63;0;0
84302;Δανακός,ο;0.63;0;0
34005;Δάφνη,η;0.63;0;0
63087;Δάφνη,η;0.63;0;0
47150;Δαφνούλα,η;0.63;0;0
63074;Ελευθερόνησος,η (νησίς);0.63;0;0
26500;Ελικίστρα,η;0.63;0;0
84500;Έξω Βουνίον,το;0.63;0;0
84502;Έξω Βουνίον,το;0.63;0;0
46200;Ζερβοχώριον,το;0.63;0;0
22200;Θωκνία,η;0.63;0;0
63072;Καλαμίτσιον,το;0.63;0;0
27066;Κάμπος,ο (Τ.Κ.Νεράιδας);0.63;0;0
22200;Καρβουνάρης,ο;0.63;0;0
22022;Καρβουνάρης,ο;0.63;0;0
30010;Καρραίικα,τα;0.63;0;0
27064;Καρυά,η;0.63;0;0
30014;Κάτω Κουδούνιον,το;0.63;0;0
46300;Κάτω Παλαιοκκλήσιον,το;0.63;0;0
40300;Κατωχώριον,το;0.63;0;0
34001;Καψούριον,το;0.63;0;0
84302;Κεραμωτή,η;0.63;0;0
23150;Κονιδίτσα,η;0.63;0;0
23064;Κονιδίτσα,η;0.63;0;0
81400;Κορνός,ο;0.63;0;0
81401;Κότσινας,ο;0.63;0;0
23200;Κρήνη,η;0.63;0;0
25015;Κυπαρίσσιον,το;0.63;0;0
31100;Λαζαράτα,τα;0.63;0;0
31080;Λαζαράτα,τα;0.63;0;0
35100;Λαμία,η;0.63;0;0
35101;Λαμία,η;0.63;0;0
35102;Λαμία,η;0.63;0;0
35110;Λαμία,η;0.63;0;0
35131;Λαμία,η;0.63;0;0
35132;Λαμία,η;0.63;0;0
35133;Λαμία,η;0.63;0;0
72300;Λαμνώνιον,το;0.63;0;0
72059;Λαμνώνιον,το;0.63;0;0
85700;Λάστος,η;0.63;0;0
44003;Λεπτοκαρυά,η;0.63;0;0
44017;Λεπτοκαρυά,η;0.63;0;0
23150;Λιαπίνα,η;0.63;0;0
27061;Λιβαδάκιον,το;0.63;0;0
27062;Λιβαδάκιον,το;0.63;0;0
63081;Λιμάνι Καρρά,το;0.63;0;0
63075;Λιμάνι,το (επί της νήσου Αμμουλιανής);0.63;0;0
27061;Λογγόν,το;0.63;0;0
22001;Λουλούδια,τα;0.63;0;0
63085;Λουτρά,τα;0.63;0;0
35005;Μάζιον,το;0.63;0;0
35011;Μάκρη,η;0.63;0;0
34400;Μακρυκάπα,η;0.63;0;0
22200;Μαραθούσσα,η;0.63;0;0
30150;Μαυρομύτη,η;0.63;0;0
34013;Μελισσών,ο;0.63;0;0
46030;Μεσοβούνιον,το;0.63;0;0
30008;Μετόχι,το;0.63;0;0
37006;Μετόχιον,το;0.63;0;0
24002;Μίλα,το;0.63;0;0
34150;Μονή Αγίου Γεωργίου Άρμα,η;0.63;0;0
63087;Μονή Δοχειαρίου,η;0.63;0;0
63087;Μονή Ξενοφώντος,η;0.63;0;0
63086;Μονή Σταυρονικήτα,η;0.63;0;0
14600;Νέα Ερυθραία,η;0.63;0;0
14601;Νέα Ερυθραία,η;0.63;0;0
14610;Νέα Ερυθραία,η;0.63;0;0
14671;Νέα Ερυθραία,η;0.63;0;0
43300;Νέον Ικόνιον,το;0.63;0;0
35010;Νέον Μοναστήριον,το;0.63;0;0
32200;Νεοχωράκιον,το;0.63;0;0
32002;Νεοχωράκιον,το;0.63;0;0
27066;Νεράιδα,η;0.63;0;0
23150;Ξηροκάμπιον,το;0.63;0;0
23054;Ξηροκάμπιον,το;0.63;0;0
27065;Ξηρόκαμπος,ο;0.63;0;0
25006;Παλιοκάτωνα,τα;0.63;0;0
24004;Παναίικα,τα;0.63;0;0
24010;Παναίικα,τα;0.63;0;0
22007;Παρνασσός,ο;0.63;0;0
22028;Παρνασσός,ο;0.63;0;0
37006;Πατριχώρι,το;0.63;0;0
81400;Πεδινόν,το;0.63;0;0
32001;Πέτρα,η;0.63;0;0
35010;Πετρίλια,τα;0.63;0;0
24005;Πετρίτσιον,το;0.63;0;0
31100;Πινακοχώριον,το;0.63;0;0
31080;Πινακοχώριον,το;0.63;0;0
27061;Πλατιάνα,η;0.63;0;0
27062;Πλατιάνα,η;0.63;0;0
81400;Πορτιανόν,το;0.63;0;0
35200;Πουρνάρα,η;0.63;0;0
23200;Προφήτης Ηλίας,ο;0.63;0;0
83301;Προφήτης Ηλίας,ο;0.63;0;0
47150;Πτέρη,η;0.63;0;0
46200;Ράπιον,το;0.63;0;0
81401;Ρεπανίδιον,το;0.63;0;0
24022;Σαϊδόνα,η;0.63;0;0
24024;Σαϊδόνα,η;0.63;0;0
24200;Σαρακίνα,η;0.63;0;0
20400;Σιγερίτσα,η;0.63;0;0
30300;Σκάλα,η;0.63;0;0
63087;Σκήτη Αγίας Τριάδος,η;0.63;0;0
35010;Σταθμός Δομοκού,ο;0.63;0;0
40300;Σταυρός,ο;0.63;0;0
63081;Στυλαδάριο,το;0.63;0;0
32009;Τανάγρα,η;0.63;0;0
34003;Ταξιάρχαι,οι;0.63;0;0
34016;Ταξιάρχαι,οι;0.63;0;0
19014;Ταξιάρχες,οι;0.63;0;0
81104;Ταξιάρχες,οι;0.63;0;0
63072;Τορώνη,η;0.63;0;0
30500;Τρία Αλώνια,τα;0.63;0;0
49083;Τρουμπέττας,ο;0.63;0;0
37006;Τρόχαλα,τα;0.63;0;0
46300;Φανερωμένη,η;0.63;0;0
25200;Φλόκας,ο;0.63;0;0
30017;Χαμορίκι,το;0.63;0;0
30018;Χαμορίκι,το;0.63;0;0
21250;Χαντάκια,τα;0.63;0;0
72200;Ψαρή,η;0.63;0;0
81400;Ψύλλοι,οι;0.63;0;0
34200;Αβγαριά,η;0.62;0;0
63081;Αγία Κυριακή,η;0.62;0;0
46100;Αγία Μαρίνα,η;0.62;0;0
48200;Αγία Παρασκευή,η;0.62;0;0
30500;Άγιοι Θεόδωροι,οι;0.62;0;0
34600;Άγιος Αθανάσιος,ο;0.62;0;0
34018;Άγιος Αθανάσιος,ο;0.62;0;0
46200;Άγιος Γεώργιος,ο (Τ.Κ.Νεοχωρίου);0.62;0;0
32001;Ακραίφνιον,το;0.62;0;0
72400;Αμυγδάλοι,οι;0.62;0;0
82150;Ανάβατος,ο;0.62;0;0
15349;Ανθούσα,η;0.62;0;0
20009;Άνω Αιγιαλός,ο;0.62;0;0
35150;Άνω Δαμάστα,η;0.62;0;0
25100;Άνω Δουκαναίικα,τα;0.62;0;0
48200;Άνω Δρυμών,ο;0.62;0;0
34003;Άνω Κουρούνιον,το;0.62;0;0
34016;Άνω Κουρούνιον,το;0.62;0;0
18020;Άνω Φανάριον,το;0.62;0;0
74051;Ανώγεια,τα;0.62;0;0
22012;Αχούρι,το;0.62;0;0
73004;Βαμβακάδες,οι;0.62;0;0
13677;Βαρυμπόμπη,η;0.62;0;0
14566;Βαρυμπόμπη,η;0.62;0;0
19012;Βένιζα,η;0.62;0;0
63086;Βίγλα,η - Άγιος Νείλος,ο (Ιερά Μονή Μεγίστης Λαύρας);0.62;0;0
49083;Βίστωνας,ο;0.62;0;0
27069;Βουλιαγμένη,η;0.62;0;0
31082;Βουρνικάς,ο;0.62;0;0
34001;Βράχος,ο;0.62;0;0
24022;Γιατραίικα,τα;0.62;0;0
68002;Δάφνες,οι;0.62;0;0
20500;Δερβενάκια,τα;0.62;0;0
38500;Διμήνι,το;0.62;0;0
30008;Δοσούλα,η;0.62;0;0
24022;Δρυόπη,η;0.62;0;0
24024;Δρυόπη,η;0.62;0;0
47040;Ελαιόφυτον,το;0.62;0;0
63088;Ελιά,η (Δ.Κ.Νικήτης);0.62;0;0
47044;Επάνω Σέση,η;0.62;0;0
35200;Ευκάλυπτος,ο;0.62;0;0
18020;Ζερβαίικα,τα;0.62;0;0
19014;Ηρακλειδείς,οι;0.62;0;0
34600;Θεολόγος,ο;0.62;0;0
34018;Θεολόγος,ο;0.62;0;0
32150;Θούριον,το;0.62;0;0
24005;Καζάρμα,η;0.62;0;0
24014;Καζάρμα,η;0.62;0;0
30150;Κακαβάς,ο (Δημοτική Κοινότητα Καινουργίου);0.62;0;0
30150;Κακαβάς,ο (Τοπική Κοινότητα Σκουτεράς);0.62;0;0
68002;Καμαριώτισσα,η;0.62;0;0
22001;Καμινάριον,το;0.62;0;0
46200;Καμίνιον,το;0.62;0;0
32200;Καπαρέλλιον,το;0.62;0;0
23150;Κάστωρ,ο;0.62;0;0
35200;Κατάλυμα,το;0.62;0;0
68002;Κατσαμπάς,ο;0.62;0;0
23150;Κατσαρός,ο;0.62;0;0
48062;Κάτω Δεσποτικό,το;0.62;0;0
23062;Κάτω Καρέα,η;0.62;0;0
68002;Κάτω Καρυώται,οι;0.62;0;0
25100;Κάτω Μαυρίκιον,το;0.62;0;0
24011;Κάτω Μέρη,τα;0.62;0;0
24018;Κάτω Μέρη,τα;0.62;0;0
34200;Κάτω Μονοκαρυά,η;0.62;0;0
30150;Κελανίτης,ο;0.62;0;0
48200;Κερασώνα,η;0.62;0;0
81401;Κοντοπούλιον,το;0.62;0;0
84302;Κορωνίς,η;0.62;0;0
84301;Κορωνίς,η;0.62;0;0
34005;Κοτσικιά,η;0.62;0;0
34010;Κοτσικιά,η;0.62;0;0
81401;Κουκονήσιο,το (νησίς);0.62;0;0
23051;Κουμάνοι,οι;0.62;0;0
23057;Κουμάνοι,οι;0.62;0;0
25100;Κούμαρης,ο;0.62;0;0
82103;Κουρούνια,τα;0.62;0;0
81106;Κουφό Βουνό,το;0.62;0;0
63072;Κουφός,ο;0.62;0;0
30008;Κόφτρα,η;0.62;0;0
34003;Κύμη,η;0.62;0;0
81106;Λαγκάδα,η;0.62;0;0
68002;Λάκκωμα,το;0.62;0;0
23200;Λεμονέα,η;0.62;0;0
19014;Λίμνη Μαραθώνος,η;0.62;0;0
30150;Λίμνη,η;0.62;0;0
34600;Λούτσα,η;0.62;0;0
34018;Λούτσα,η;0.62;0;0
49081;Λούτσαι,αι;0.62;0;0
68002;Μακρυλιές,οι;0.62;0;0
35001;Μαλεσίνα,η;0.62;0;0
25015;Μανέσιον,το;0.62;0;0
21052;Ματαράγκα,η;0.62;0;0
23200;Μέλισσα,η;0.62;0;0
23061;Μέλισσα,η;0.62;0;0
32200;Μελισσοχώριον,το;0.62;0;0
28100;Μιχάτα,τα;0.62;0;0
30002;Μοναστηράκιον,το;0.62;0;0
30013;Μοναστηράκιον,το;0.62;0;0
20004;Μονή Αγίας Μαρίνης,η;0.62;0;0
63087;Μονή Αγίου Παντελεήμονος,η;0.62;0;0
34400;Μονή Μακρυμάλλης,η;0.62;0;0
28086;Μονή Υπεραγίας Θεοτόκου Άτρου,η;0.62;0;0
81401;Μούδρος,ο;0.62;0;0
30017;Νέα Μαλεσιάδα,η;0.62;0;0
30018;Νέα Μαλεσιάδα,η;0.62;0;0
27056;Νέα Φιγαλεία,η;0.62;0;0
68002;Ξηροπόταμος,ο;0.62;0;0
34005;Παλαιοχώριον,το;0.62;0;0
37006;Πάλτση,η;0.62;0;0
46200;Παραμυθιά,η;0.62;0;0
46100;Πεστανιώτικα,τα;0.62;0;0
81109;Πετρίον,το;0.62;0;0
30500;Πλατός,ο;0.62;0;0
68002;Ποταμιά,η;0.62;0;0
32001;Πρόδρομος,ο;0.62;0;0
32010;Πρόδρομος,ο;0.62;0;0
81401;Προπούλιον,το;0.62;0;0
35015;Προφήτης Ηλίας,ο;0.62;0;0
35004;Προφήτης Ηλίας,ο;0.62;0;0
83104;Πύργος,ο;0.62;0;0
27061;Ράπτης,ο;0.62;0;0
27062;Ράπτης,ο;0.62;0;0
22001;Ρουναίικα,τα;0.62;0;0
81401;Ρωμανόν,το;0.62;0;0
47044;Σέση,η;0.62;0;0
24011;Σιδηρόκαστρον,το;0.62;0;0
24021;Σιδηρόκαστρον,το;0.62;0;0
24011;Σιτοχώριον,το;0.62;0;0
24003;Σιτοχώριον,το;0.62;0;0
84302;Σκαδόν,το;0.62;0;0
84301;Σκαδόν,το;0.62;0;0
30009;Σκουρτού,η;0.62;0;0
30150;Σκουτερά,η;0.62;0;0
35010;Σοφιάδα,η;0.62;0;0
19100;Σπάρτα,η;0.62;0;0
21052;Σπηλεία,τα;0.62;0;0
35150;Σταυρός,ο;0.62;0;0
34005;Στροφυλιά,η;0.62;0;0
34010;Στροφυλιά,η;0.62;0;0
81101;Συκούντα,η;0.62;0;0
19011;Σφενδάλη,η;0.62;0;0
30200;Τρύπες,οι;0.62;0;0
72200;Τσαμάντης,ο;0.62;0;0
24022;Τσέρια,τα;0.62;0;0
81400;Τσιμάνδρια,τα;0.62;0;0
46300;Φιλιάτες,οι;0.62;0;0
32150;Χαιρώνεια,η;0.62;0;0
24200;Χίλια Σπίτια,τα;0.62;0;0
25008;Χρυσαυγή,η;0.62;0;0
22007;Αγάλω,η;0.61;0;0
22028;Αγάλω,η;0.61;0;0
28100;Άγιοι Απόστολοι Βαλσαμάτων,οι;0.61;0;0
20008;Άγιος Βασίλειος,ο;0.61;0;0
48200;Άγιος Γεώργιος,ο;0.61;0;0
81401;Άγιος Θεόδωρος,ο;0.61;0;0
63085;Άγιος Νικόλαος,ο;0.61;0;0
81400;Αλογονήσιο,το (νησίς);0.61;0;0
68002;Αλώνια,τα;0.61;0;0
23150;Ανθοχώριον,το;0.61;0;0
23054;Ανθοχώριον,το;0.61;0;0
49083;Άνω Κορακιάνα,η;0.61;0;0
46300;Άνω Παλαιοκκλήσιον,το;0.61;0;0
21052;Ασκληπιείο Επιδαύρου,το;0.61;0;0
84302;Ατσιπάπη,η;0.61;0;0
84301;Ατσιπάπη,η;0.61;0;0
70010;Αχεντριάς,ο;0.61;0;0
48200;Βαθύ,το;0.61;0;0
35003;Βασιλικά,τα;0.61;0;0
81300;Βασιλικά,τα;0.61;0;0
35016;Βασιλικά,τα;0.61;0;0
19007;Βόθων,ο;0.61;0;0
48300;Γαλατάς,ο;0.61;0;0
25015;Γολέμιον,το;0.61;0;0
27055;Γραίκας,ο;0.61;0;0
23051;Δάφνιον,το;0.61;0;0
23057;Δάφνιον,το;0.61;0;0
23200;Δροσοπηγή,η;0.61;0;0
34001;Δρυμονάριον,το;0.61;0;0
47150;Δρυών,ο;0.61;0;0
33058;Ελαία,η;0.61;0;0
24150;Ελαιοχώριον,το;0.61;0;0
46030;Ελευθέριον,το;0.61;0;0
34200;Ελληνικά,τα;0.61;0;0
21250;Ελληνικόν,το;0.61;0;0
34003;Επισκοπή,η;0.61;0;0
34016;Επισκοπή,η;0.61;0;0
48300;Θεσπρωτικόν,το;0.61;0;0
81401;Καλλιόπη,η;0.61;0;0
48100;Καμαρίνα,η;0.61;0;0
24500;Καρβούνιον,το;0.61;0;0
26500;Καρυά,η;0.61;0;0
49083;Καστελλάνοι,οι;0.61;0;0
35011;Καστρίον,το;0.61;0;0
63087;Κατουνάκια,τα (Ιερά Μονή Μεγίστης Λαύρας);0.61;0;0
30200;Κάτω Ρέτσινα,τα;0.61;0;0
46200;Κεφαλόβρυσον,το;0.61;0;0
14500;Κηφισιά,η;0.61;0;0
14501;Κηφισιά,η;0.61;0;0
14503;Κηφισιά,η;0.61;0;0
14510;Κηφισιά,η;0.61;0;0
14561;Κηφισιά,η;0.61;0;0
14562;Κηφισιά,η;0.61;0;0
14563;Κηφισιά,η;0.61;0;0
14564;Κηφισιά,η;0.61;0;0
34003;Κληματάριον,το;0.61;0;0
49081;Κληματιά,η;0.61;0;0
49081;Κόκκινη,η;0.61;0;0
30150;Κοκκινόλογγος,ο;0.61;0;0
49081;Κοκκοκύλας,ο;0.61;0;0
34003;Κονίστραι,αι;0.61;0;0
34016;Κονίστραι,αι;0.61;0;0
24005;Κουρτάκιον,το;0.61;0;0
24014;Κουρτάκιον,το;0.61;0;0
23051;Κροκεαί,αι;0.61;0;0
23057;Κροκεαί,αι;0.61;0;0
46200;Κρυσταλλοπηγή,η;0.61;0;0
34400;Κυπαρίσσιον,το;0.61;0;0
35003;Λαδικού,η;0.61;0;0
35016;Λαδικού,η;0.61;0;0
46100;Λάκκα,η;0.61;0;0
34001;Λενοσαίοι,οι;0.61;0;0
30300;Λεύκα Βομβοκούς,η;0.61;0;0
19600;Λούτσα,η;0.61;0;0
30150;Μαλεβρός,ο;0.61;0;0
30008;Μαυροβορός,ο;0.61;0;0
47150;Μελάται,αι;0.61;0;0
15102;Μελίσσια,τα;0.61;0;0
15127;Μελίσσια,τα;0.61;0;0
35003;Μεσοποταμιά,η;0.61;0;0
24005;Μεσοπόταμος,ο;0.61;0;0
24014;Μεσοπόταμος,ο;0.61;0;0
72200;Μεταξοχώριον,το;0.61;0;0
72056;Μεταξοχώριον,το;0.61;0;0
46030;Μηλοκοκκιά,η;0.61;0;0
34600;Μίστρος,ο;0.61;0;0
34014;Μίστρος,ο;0.61;0;0
19100;Μονή Αγίου Ιεροθέου,η;0.61;0;0
83301;Μονή Μουντέ,η;0.61;0;0
63087;Μονή Οσίου Γρηγορίου,η;0.61;0;0
21059;Μονή Ταξιαρχών,η;0.61;0;0
21054;Μονή Ταξιαρχών,η;0.61;0;0
37006;Μούσγες,οι;0.61;0;0
30017;Μπαμπαλιόν,το;0.61;0;0
30018;Μπαμπαλιόν,το;0.61;0;0
82103;Νέα Ποταμιά,η;0.61;0;0
35003;Νέα Υπάτη,η;0.61;0;0
35016;Νέα Υπάτη,η;0.61;0;0
28081;Νεοχώριον,το;0.61;0;0
28086;Ξενόπουλον,το;0.61;0;0
28082;Ξενόπουλον,το;0.61;0;0
63085;Ξυνά,τα;0.61;0;0
34300;Παιδούπολη,η;0.61;0;0
81106;Παλαιόκηπος,ο;0.61;0;0
35011;Παλιούριον,το;0.61;0;0
30019;Παναγούλα,η;0.61;0;0
24005;Πελεκανάδα,η;0.61;0;0
46100;Πολυνέριον,το;0.61;0;0
25200;Πόρται,αι;0.61;0;0
37006;Ποτιστικά,τα;0.61;0;0
30008;Πουρνάρα,η;0.61;0;0
23062;Προφήτης Ηλίας,ο;0.61;0;0
23071;Προφήτης Ηλίας,ο;0.61;0;0
37100;Πτελεός,η;0.61;0;0
37007;Πτελεός,η;0.61;0;0
25015;Ράχη,η;0.61;0;0
47150;Ρουμάνια,τα;0.61;0;0
25015;Ρουπακιά,η;0.61;0;0
72300;Σίτανος,η;0.61;0;0
72059;Σίτανος,η;0.61;0;0
27064;Σιτοχώριον,το;0.61;0;0
63087;Σκήτη Θεοτόκου,η;0.61;0;0
73004;Σπίνα,η;0.61;0;0
32150;Σταθμός Δαυλείας,ο;0.61;0;0
27056;Στόμιον,το;0.61;0;0
81103;Τζίθρα,η;0.61;0;0
81110;Τζίθρα,η;0.61;0;0
22029;Τυρός,ο;0.61;0;0
35150;Υδρόμυλος,ο;0.61;0;0
30008;Φλεσουριάς,ο;0.61;0;0
83302;Φραντάτον,το;0.61;0;0
29092;Φτερίνι,το;0.61;0;0
35150;Χαλβαντζαίικα,τα;0.61;0;0
26500;Χάραδρον,το;0.61;0;0
26504;Χάραδρον,το;0.61;0;0
25100;Χατζής,ο;0.61;0;0
21250;Χούνη,η;0.61;0;0
21058;Χούνη,η;0.61;0;0
49081;Ψαχνιά,η;0.61;0;0
25015;Αγία Μαρίνα,η;0.60;0;0
25008;Αγία Παρασκευή,η;0.60;0;0
82150;Αγία Παρασκευή,η;0.60;0;0
32006;Άγιος Αθανάσιος,ο;0.60;0;0
81401;Άγιος Αλέξανδρος,ο;0.60;0;0
30300;Άγιος Βασίλειος,ο;0.60;0;0
25100;Άγιος Ιωάννης,ο;0.60;0;0
30150;Άγιος Νικόλαος,ο;0.60;0;0
32150;Άγιος Νικόλαος,ο;0.60;0;0
26500;Άνω Καλλιθέα,η;0.60;0;0
30300;Άνω Κάμπος,ο;0.60;0;0
30026;Άνω Κάμπος,ο;0.60;0;0
20400;Άνω Λουτρόν,το;0.60;0;0
20013;Άνω Λουτρόν,το;0.60;0;0
34003;Άνω Ποταμιά,η;0.60;0;0
84302;Αργοκοιλιώτισσα,η;0.60;0;0
84301;Αργοκοιλιώτισσα,η;0.60;0;0
22015;Αρσιναία,η;0.60;0;0
28084;Βαρύ,το;0.60;0;0
28085;Βαρύ,το;0.60;0;0
34200;Βασιλικά,τα;0.60;0;0
34600;Βούνοι,οι;0.60;0;0
34014;Βούνοι,οι;0.60;0;0
49081;Βραχλερή,η;0.60;0;0
81400;Γάλη,η;0.60;0;0
63081;Γαλήνη,η (Δ.Κ.Νέου Μαρμαρά);0.60;0;0
23150;Γούναρης,ο;0.60;0;0
74051;Γωνίαι,αι;0.60;0;0
24200;Διόδια,τα;0.60;0;0
24015;Διόδια,τα;0.60;0;0
24009;Δρέμιον,το;0.60;0;0
24007;Δρέμιον,το;0.60;0;0
70010;Εθιά,η;0.60;0;0
32200;Ελεών,ο;0.60;0;0
25015;Ερυμάνθεια,η;0.60;0;0
34001;Ζαχαριά,η;0.60;0;0
35150;Ζηλευτόν,το;0.60;0;0
19100;Καβελλάρης,ο;0.60;0;0
34150;Καμάριον,το;0.60;0;0
81101;Καρήνη,η;0.60;0;0
35003;Καρυά,η;0.60;0;0
35016;Καρυά,η;0.60;0;0
82150;Καρυαί,αι;0.60;0;0
72300;Καρύδιον,το;0.60;0;0
81400;Κάσπακας,ο;0.60;0;0
24005;Καστάνια,τα;0.60;0;0
83301;Καστανιές,οι;0.60;0;0
35150;Κάτω Δαμάστα,η;0.60;0;0
47150;Κάτω Καλεντίνη,η;0.60;0;0
48061;Κάτω Κοτσανόπουλον,το;0.60;0;0
25100;Κάτω Σαλμενίκον,το;0.60;0;0
25009;Κάτω Σαλμενίκον,το;0.60;0;0
23052;Κάψαλα,τα;0.60;0;0
23150;Κεφαλάς,ο;0.60;0;0
82300;Κηπουριαί,αι;0.60;0;0
46100;Κόδρα,η;0.60;0;0
21052;Κολιάκιον,το;0.60;0;0
81401;Κοντιάς,ο;0.60;0;0
49081;Κρινιάς,ο;0.60;0;0
72150;Κρούστας,ο;0.60;0;0
23150;Κυδωνίτσα,η;0.60;0;0
23054;Κυδωνίτσα,η;0.60;0;0
81101;Λάμπου Μύλοι,οι;0.60;0;0
35300;Λιμάνι Βαθυκοίλου,το;0.60;0;0
21052;Λυγούριον,το;0.60;0;0
35003;Μαγούλα,η;0.60;0;0
35016;Μαγούλα,η;0.60;0;0
30009;Μαχαιράς,ο;0.60;0;0
70003;Μεγάλη Βρύση,η;0.60;0;0
47044;Μέγας Κάμπος,ο;0.60;0;0
35003;Μεξιάται,αι;0.60;0;0
35016;Μεξιάται,αι;0.60;0;0
27052;Μιχόιον,το;0.60;0;0
28100;Μονή Αγίου Γερασίμου,η;0.60;0;0
63087;Μονή Αγίου Διονυσίου,η;0.60;0;0
37002;Μονή Ευαγγελιστρίας,η;0.60;0;0
22029;Μονή Παναγίας Καρυάς,η;0.60;0;0
22006;Μονή Παναγίας Καρυάς,η;0.60;0;0
26500;Μπάλας,ο;0.60;0;0
26504;Μπάλας,ο;0.60;0;0
21250;Μπόρσας,ο;0.60;0;0
37400;Νέα Αγχίαλος,η;0.60;0;0
21059;Νέα Δήμαινα,η;0.60;0;0
21054;Νέα Δήμαινα,η;0.60;0;0
63087;Νέα Σκήτη,η (Ιερά Μονή Αγίου Παύλου);0.60;0;0
31100;Νεοχώριον,το;0.60;0;0
37100;Νηές,οι;0.60;0;0
37008;Νηές,οι;0.60;0;0
31082;Νικολής,ο;0.60;0;0
15236;Νταού Πεντέλη,η;0.60;0;0
32001;Ξηρονομή,η;0.60;0;0
32010;Ξηρονομή,η;0.60;0;0
27200;Παλαιολάνθη,η;0.60;0;0
23150;Παλαιολόγιο,το;0.60;0;0
68002;Παλαιόπολις,η;0.60;0;0
27054;Παλαιοχώριον,το;0.60;0;0
81200;Παλαιοχώριον,το;0.60;0;0
46100;Παραπόταμος,ο;0.60;0;0
21300;Πελεή,η;0.60;0;0
19100;Πευκενέας,ο;0.60;0;0
70004;Πεύκος,ο;0.60;0;0
82103;Πισπιλούντα,η;0.60;0;0
83200;Πλάτανος,ο;0.60;0;0
63077;Ποσείδι,το;0.60;0;0
30150;Ποτιστικό,το;0.60;0;0
85104;Προφήτης Ηλίας,ο;0.60;0;0
85106;Προφήτης Ηλίας,ο;0.60;0;0
34003;Πύργος,ο;0.60;0;0
34019;Πύργος,ο;0.60;0;0
34150;Ριτσώνα,η;0.60;0;0
35003;Ροδωνιά,η;0.60;0;0
35016;Ροδωνιά,η;0.60;0;0
81401;Ρουσσοπούλιον,το;0.60;0;0
46200;Σεβαστόν,το;0.60;0;0
24001;Σουληνάριον,το;0.60;0;0
37100;Σούρπη,η;0.60;0;0
37008;Σούρπη,η;0.60;0;0
21250;Στέρνα,η;0.60;0;0
21058;Στέρνα,η;0.60;0;0
30300;Σφηκαίικα,τα;0.60;0;0
46100;Φιλοθέη,η;0.60;0;0
46300;Φοινίκιον,το;0.60;0;0
24005;Χαραυγή,η;0.60;0;0
21052;Χουταλαίικα,τα;0.60;0;0
24011;Χρυσοχώριον,το;0.60;0;0
24018;Χρυσοχώριον,το;0.60;0;0
72300;Χώνος,ο;0.60;0;0
32001;Αγία Παρασκευή,η;0.59;0;0
35150;Αγία Παρασκευή,η;0.59;0;0
81102;Αγία Παρασκευή,η;0.59;0;0
37100;Αγία Τριάς,η;0.59;0;0
37008;Αγία Τριάς,η;0.59;0;0
49084;Άγιοι Δέκα,οι;0.59;0;0
47044;Άγιος Αθανάσιος,ο;0.59;0;0
34009;Άγιος Γεώργιος,ο;0.59;0;0
85108;Άγιος Ισίδωρος,ο;0.59;0;0
24200;Αετοφωλιά,η;0.59;0;0
24015;Αετοφωλιά,η;0.59;0;0
32150;Ακόντιον,το;0.59;0;0
30017;Αμοργιανοί,οι;0.59;0;0
30018;Αμοργιανοί,οι;0.59;0;0
35150;Αμούριον,το;0.59;0;0
30500;Αμπελάκιον,το;0.59;0;0
23150;Αμύκλαι,αι;0.59;0;0
30015;Άνω Μετάπα,η;0.59;0;0
49083;Αρκαδάδες,οι;0.59;0;0
27054;Αρτέμιδα,η;0.59;0;0
49081;Αχαράβη,η;0.59;0;0
28100;Βαλσαμάτα,τα;0.59;0;0
23062;Βάχος,ο;0.59;0;0
24009;Βρομόβρυση,η;0.59;0;0
24007;Βρομόβρυση,η;0.59;0;0
25200;Βυθούλκας,ο;0.59;0;0
27069;Γαβράκια,τα;0.59;0;0
74061;Γερακάριον,το;0.59;0;0
23150;Γκοριτσά,η;0.59;0;0
19007;Γραμματικόν,το;0.59;0;0
24005;Δάρας,ο;0.59;0;0
24014;Δάρας,ο;0.59;0;0
72055;Δάφνη,η;0.59;0;0
25100;Δερβένιον,το;0.59;0;0
32300;Διόνυσος,ο;0.59;0;0
34003;Διρρεύματα,τα;0.59;0;0
34016;Διρρεύματα,τα;0.59;0;0
48200;Δρυμών,ο;0.59;0;0
22008;Ελαία,η;0.59;0;0
30150;Ελαιόφυτον,το;0.59;0;0
47040;Ελαιοχώριον,το;0.59;0;0
24200;Ελληνοεκκλησία,η;0.59;0;0
24013;Ελληνοεκκλησία,η;0.59;0;0
34004;Ζωοδόχος Πηγή,η;0.59;0;0
35150;Ηράκλεια,η;0.59;0;0
82102;Θολοποτάμιον,το;0.59;0;0
70013;Ιερά Μονή Γοργολαΐνη,η;0.59;0;0
81101;Ίππειον,το;0.59;0;0
34600;Καθενοί,οι;0.59;0;0
34018;Καθενοί,οι;0.59;0;0
72200;Καλαμαύκα,η;0.59;0;0
34003;Καλημεριάνοι,οι;0.59;0;0
34019;Καλημεριάνοι,οι;0.59;0;0
34004;Καλύβια,τα;0.59;0;0
34200;Καμάρια,τα;0.59;0;0
82300;Καμπιά,τα;0.59;0;0
72200;Καρύδιον,το;0.59;0;0
72056;Καρύδιον,το;0.59;0;0
49083;Κατάβολος,ο;0.59;0;0
24150;Κάτω Καρβέλιον,το;0.59;0;0
24020;Κάτω Καρβέλιον,το;0.59;0;0
81106;Κάτω Τρίτος,το;0.59;0;0
63081;Κέλυφος,η (νησίς);0.59;0;0
70004;Κεφαλοβρύσιον,το;0.59;0;0
34009;Κοίλιον,το;0.59;0;0
30002;Κορπή,η;0.59;0;0
24150;Κουταλά,τα;0.59;0;0
24009;Κρασοπούλα,η;0.59;0;0
24007;Κρασοπούλα,η;0.59;0;0
72300;Κρυονέριον,το;0.59;0;0
37006;Κυδωνιές,οι;0.59;0;0
37013;Κυδωνιές,οι;0.59;0;0
47040;Λαγκάδα,η;0.59;0;0
49081;Λαζαράτικα,τα;0.59;0;0
35150;Λειανοκλάδιον,το;0.59;0;0
23062;Λεοντάκης,ο;0.59;0;0
23071;Λεοντάκης,ο;0.59;0;0
30150;Λεπενού,η;0.59;0;0
35003;Λουτρά Υπάτης,τα;0.59;0;0
35016;Λουτρά Υπάτης,τα;0.59;0;0
81150;Λουτρόπολις Θερμής,η;0.59;0;0
23100;Μαγούλα,η;0.59;0;0
34400;Μακρυμάλλη,η;0.59;0;0
19011;Μαλακάσα,η;0.59;0;0
30017;Μαλαταίικον,το;0.59;0;0
30018;Μαλαταίικον,το;0.59;0;0
46030;Μαργαρίτι,το;0.59;0;0
35150;Μεγάλη Βρύση,η;0.59;0;0
35200;Μεγαπλάτανος,ο;0.59;0;0
34003;Μονή Σωτήρος,η;0.59;0;0
25015;Μπαντσαίικα,τα;0.59;0;0
23062;Μπουτσελιάνικα,τα;0.59;0;0
34400;Μύλοι,οι;0.59;0;0
38334;Νέα Ιωνία,η;0.59;0;0
35150;Νέον Κρίκελλον,το;0.59;0;0
48061;Νέον Σφηνωτόν,το;0.59;0;0
34003;Νεοχώριον,το;0.59;0;0
49081;Νύμφαι,αι;0.59;0;0
72055;Ορεινόν,το;0.59;0;0
30017;Παλιάμπελα,τα;0.59;0;0
30018;Παλιάμπελα,τα;0.59;0;0
34600;Παλιούρας,ο;0.59;0;0
34018;Παλιούρας,ο;0.59;0;0
81106;Παππάδος,ο;0.59;0;0
35300;Παραλία Πελασγίας,η;0.59;0;0
35013;Παραλία Πελασγίας,η;0.59;0;0
23150;Παρδάλιον,το;0.59;0;0
23059;Παρδάλιον,το;0.59;0;0
23062;Παχιάνικα,τα;0.59;0;0
23071;Παχιάνικα,τα;0.59;0;0
70003;Πειρουνιανά,τα;0.59;0;0
24150;Περιβολάκια,τα;0.59;0;0
46100;Πηγάδι,το;0.59;0;0
34400;Πηγάδια,τα;0.59;0;0
81106;Πλακάδος,ο;0.59;0;0
25200;Πουρνάριον,το;0.59;0;0
49083;Πρινύλας,ο;0.59;0;0
34600;Πύργος,ο;0.59;0;0
34014;Πύργος,ο;0.59;0;0
30150;Ραΐνα,η;0.59;0;0
22007;Ριζοσπηλιά,η;0.59;0;0
27054;Ροδινά,τα;0.59;0;0
35150;Ροδίτσα,η;0.59;0;0
73005;Σέμπρωνας,ο;0.59;0;0
27069;Σκλίβα,η;0.59;0;0
34600;Σκουντέριον,το;0.59;0;0
34014;Σκουντέριον,το;0.59;0;0
20006;Σουληνάριον,το;0.59;0;0
63081;Σπαλαθρονήσια,τα (νησίς);0.59;0;0
24009;Σταματινόν,το;0.59;0;0
24007;Σταματινόν,το;0.59;0;0
30500;Στάνος,ο;0.59;0;0
25100;Σωτήρ,ο;0.59;0;0
34200;Ταξιάρχης,ο;0.59;0;0
34012;Ταξιάρχης,ο;0.59;0;0
73004;Τεμένια,τα;0.59;0;0
73009;Τεμένια,τα;0.59;0;0
30500;Τριανταφυλλούλα,η;0.59;0;0
32200;Ύπατον,το;0.59;0;0
73001;Φαράγγι,το;0.59;0;0
34004;Φαράκλα,η;0.59;0;0
30150;Φραγκόσκαλα,η;0.59;0;0
23051;Χάνια,τα;0.59;0;0
23057;Χάνια,τα;0.59;0;0
20400;Χαρτσιάνικα,τα;0.59;0;0
46200;Χρυσαυγή,η;0.59;0;0
30006;Χρυσόβιτσα,η;0.59;0;0
34001;Αγαθόν,το;0.58;0;0
70003;Αγία Βαρβάρα,η;0.58;0;0
18020;Αγία Ελένη,η;0.58;0;0
23051;Άγιοι Ανάργυροι,οι;0.58;0;0
23058;Άγιοι Ανάργυροι,οι;0.58;0;0
32009;Άγιος Θωμάς,ο;0.58;0;0
81400;Άγιος Ιωάννης,ο;0.58;0;0
28080;Άγιος Νικόλαος,ο;0.58;0;0
72300;Άγιος Παντελεήμων,ο;0.58;0;0
72059;Άγιος Παντελεήμων,ο;0.58;0;0
84501;Άγιος Συμεών,ο;0.58;0;0
81106;Αγλέφυρος,ο;0.58;0;0
24009;Άγριλος,ο;0.58;0;0
24007;Άγριλος,ο;0.58;0;0
81150;Αλυφαντά,τα;0.58;0;0
34600;Αμφιθέα,η;0.58;0;0
34018;Αμφιθέα,η;0.58;0;0
21052;Αναστασοπουλαίικα,τα;0.58;0;0
27069;Ανθών,ο;0.58;0;0
30014;Άνω Βασιλική,η;0.58;0;0
27052;Άνω Βελιτσαί,αι;0.58;0;0
24005;Άνω Δροσιά,η;0.58;0;0
24014;Άνω Δροσιά,η;0.58;0;0
84500;Αποίκια,τα;0.58;0;0
23200;Αρβανίτης,ο;0.58;0;0
35150;Αυλάκιον,το;0.58;0;0
19011;Αυλών,η;0.58;0;0
49083;Βατωνιαί,αι;0.58;0;0
30300;Βελβίνα,η;0.58;0;0
63087;Βουλευτήρια,τα (Ιερά Μονή Μεγίστης Λαύρας);0.58;0;0
83301;Βρακάδες,οι;0.58;0;0
24008;Βράχος,ο;0.58;0;0
37300;Βροχιά,η;0.58;0;0
48060;Βρύσαι,αι;0.58;0;0
34500;Γαβαλάς,ο;0.58;0;0
70003;Γέννα,η;0.58;0;0
30300;Γέφυρα Μπανιά,η;0.58;0;0
81101;Γιαλού Πηγάδι,το;0.58;0;0
30300;Δάφνη,η;0.58;0;0
31082;Δράγανον,το;0.58;0;0
34001;Ελαιών,ο;0.58;0;0
47150;Ζαρκαδαίικα,τα;0.58;0;0
24022;Ζαχαριά,η;0.58;0;0
72300;Ζίρος,η;0.58;0;0
72059;Ζίρος,η;0.58;0;0
72200;Ιερά Μονή Παναγίας Εξακουστής,η;0.58;0;0
72056;Ιερά Μονή Παναγίας Εξακουστής,η;0.58;0;0
38222;Ιωλκός,η;0.58;0;0
38223;Ιωλκός,η;0.58;0;0
38333;Ιωλκός,η;0.58;0;0
38445;Ιωλκός,η;0.58;0;0
38446;Ιωλκός,η;0.58;0;0
38511;Ιωλκός,η;0.58;0;0
23150;Καλάμιον,το;0.58;0;0
19014;Κάλαμος,ο;0.58;0;0
34003;Καλλιανοί,οι;0.58;0;0
37003;Καλόγηρος,ο;0.58;0;0
81401;Καμίνια,τα;0.58;0;0
23150;Καραβάς,ο (Τ.Κ.Τρύπης);0.58;0;0
46200;Καρβουνάριον,το;0.58;0;0
46030;Καταβόθρα,η;0.58;0;0
72300;Κατελιώνας,ο;0.58;0;0
72059;Κατελιώνας,ο;0.58;0;0
25015;Κάτω Αγία Μαρίνα,η;0.58;0;0
22008;Κάτω Σπάθαρης,ο;0.58;0;0
82103;Κέραμος,η;0.58;0;0
32009;Κλειδίον,το;0.58;0;0
21052;Κοκκινάδες,οι;0.58;0;0
35150;Κόμμα,το;0.58;0;0
81401;Κορτισώνας,ο;0.58;0;0
28080;Κουλουράτα,τα;0.58;0;0
28083;Κουλουράτα,τα;0.58;0;0
27064;Κουτσοχέρα,η;0.58;0;0
49081;Κρέμιθας,ο;0.58;0;0
30150;Λεντίνη,η;0.58;0;0
34150;Λεχριές,οι;0.58;0;0
23070;Λιρά,τα;0.58;0;0
34150;Λουκίσια,τα;0.58;0;0
19100;Λούμπα,η;0.58;0;0
70004;Λουτράκιον,το (Τ.Κ.Άνω Βιάννου);0.58;0;0
27054;Μάκιστος,ο;0.58;0;0
72200;Μάλαι,αι;0.58;0;0
72056;Μάλαι,αι;0.58;0;0
83300;Μαυράτον,το;0.58;0;0
46100;Μαυρούδιον,το;0.58;0;0
84500;Μελίδα,η;0.58;0;0
34004;Μετόχιον,το;0.58;0;0
72300;Μητάτον,το;0.58;0;0
35001;Μονή Αγίου Γεωργίου,η;0.58;0;0
81107;Μονή Παναγίας Μυρσινιωτίσσης Λειμώνος,η;0.58;0;0
37006;Μορτιά,η;0.58;0;0
35150;Μοσχοχώριον,το;0.58;0;0
23062;Μουντανίστικα,τα;0.58;0;0
23071;Μουντανίστικα,τα;0.58;0;0
25100;Νέο Σαλμενίκον,το;0.58;0;0
25009;Νέο Σαλμενίκον,το;0.58;0;0
25200;Νεοχώριον,το;0.58;0;0
34400;Νεροτριβιά,η;0.58;0;0
19009;Ντράφι,το;0.58;0;0
29090;Ορθονιαί,αι;0.58;0;0
29091;Ορθονιαί,αι;0.58;0;0
81150;Ουτζά,η;0.58;0;0
46300;Παλαιοχώριον,το (Τ.Κ.Παλαιοχωρίου);0.58;0;0
46032;Παλαιοχώριον,το (Τ.Κ.Παλαιοχωρίου);0.58;0;0
32009;Παναγία,η;0.58;0;0
81401;Παναγία,η;0.58;0;0
34008;Παραθεριστικός Οικοδομικός Συνεταιρισμός Ολυμπιακής Αεροπορίας,ο;0.58;0;0
81107;Πετσοφάς,ο;0.58;0;0
15103;Πεύκη,η;0.58;0;0
15121;Πεύκη,η;0.58;0;0
25200;Πηγάδια,τα;0.58;0;0
37006;Πηγαί,αι;0.58;0;0
81401;Πλάκα,η;0.58;0;0
30500;Ποδογορά,η;0.58;0;0
30300;Πόρος,ο;0.58;0;0
30026;Πόρος,ο;0.58;0;0
30150;Ποταμούλα,η;0.58;0;0
70003;Πρεβελιανά,τα;0.58;0;0
46200;Προδρόμιον,το;0.58;0;0
30006;Πρόδρομος,ο;0.58;0;0
22001;Προσήλια,τα;0.58;0;0
32150;Προσήλιον,το;0.58;0;0
24400;Πύργος,ο;0.58;0;0
32300;Πύργος,ο;0.58;0;0
34005;Ρετσινόλακκος,ο;0.58;0;0
23150;Σανατόριο,το;0.58;0;0
22007;Σαρλαίικα,τα;0.58;0;0
22028;Σαρλαίικα,τα;0.58;0;0
81400;Σεργίτσι,το (νησίς);0.58;0;0
74051;Σίσαρχα,τα;0.58;0;0
46200;Σκάνδαλον,το;0.58;0;0
46031;Σκάνδαλον,το;0.58;0;0
49083;Σκριπερόν,το;0.58;0;0
34004;Σπαθάριον,το;0.58;0;0
21056;Σταυροπόδιον,το;0.58;0;0
21060;Σταυροπόδιον,το;0.58;0;0
84500;Σταυρός,ο;0.58;0;0
84502;Σταυρός,ο;0.58;0;0
24200;Στέρνα,η;0.58;0;0
24015;Στέρνα,η;0.58;0;0
84500;Στραπουριαί,αι;0.58;0;0
34001;Σχίζαλη,η;0.58;0;0
30150;Σχίνος,ο;0.58;0;0
30200;Σχίνος,ο;0.58;0;0
24022;Σωματιανά,τα;0.58;0;0
24023;Σωματιανά,τα;0.58;0;0
34001;Σώτειρα,η;0.58;0;0
23150;Τραπεζοντή,η;0.58;0;0
23054;Τραπεζοντή,η;0.58;0;0
25008;Τρούσας,ο;0.58;0;0
30150;Τσουναίικα,τα;0.58;0;0
27056;Φασκομηλιά,η;0.58;0;0
48062;Χειμαδιόν,το;0.58;0;0
27065;Χελιδόνιον,το;0.58;0;0
27060;Χελιδόνιον,το;0.58;0;0
24300;Χριστιανούπολις,η;0.58;0;0
38500;Χρυσή Ακτή Παναγίας,η;0.58;0;0
25015;Αβράμιον,το;0.57;0;0
35200;Αγία Αικατερίνη,η;0.57;0;0
25015;Αγία Βαρβάρα,η;0.57;0;0
30150;Αγία Βαρβάρα,η;0.57;0;0
81150;Αγία Μαρίνα,η;0.57;0;0
15300;Αγία Παρασκευή,η;0.57;0;0
15301;Αγία Παρασκευή,η;0.57;0;0
15310;Αγία Παρασκευή,η;0.57;0;0
15341;Αγία Παρασκευή,η;0.57;0;0
15342;Αγία Παρασκευή,η;0.57;0;0
15343;Αγία Παρασκευή,η;0.57;0;0
15345;Αγία Παρασκευή,η;0.57;0;0
15353;Αγία Παρασκευή,η;0.57;0;0
30019;Άγιος Αθανάσιος,ο;0.57;0;0
49083;Άγιος Μάρκος,ο;0.57;0;0
49081;Άγιος Μαρτίνος,ο;0.57;0;0
25100;Άγιος Νικόλαος,ο;0.57;0;0
30200;Άγιος Συμεών,ο;0.57;0;0
34200;Αγριοβότανον,το;0.57;0;0
74051;Αηδονοχώριον,το;0.57;0;0
74055;Αλώναι,αι;0.57;0;0
74058;Αλώναι,αι;0.57;0;0
15100;Αμαρούσιον,το;0.57;0;0
15101;Αμαρούσιον,το;0.57;0;0
15104;Αμαρούσιον,το;0.57;0;0
15105;Αμαρούσιον,το;0.57;0;0
15106;Αμαρούσιον,το;0.57;0;0
15110;Αμαρούσιον,το;0.57;0;0
15122;Αμαρούσιον,το;0.57;0;0
15123;Αμαρούσιον,το;0.57;0;0
15124;Αμαρούσιον,το;0.57;0;0
15125;Αμαρούσιον,το;0.57;0;0
15126;Αμαρούσιον,το;0.57;0;0
15180;Αμαρούσιον,το;0.57;0;0
15223;Αμαρούσιον,το;0.57;0;0
70013;Άνω Ασίται,οι;0.57;0;0
49084;Άνω Γαρούνα,η;0.57;0;0
70007;Άνω Κερά,η;0.57;0;0
70005;Άνω Κερά,η;0.57;0;0
35008;Ασπρονέρι,το;0.57;0;0
46200;Ασφάκα,η;0.57;0;0
49083;Βιγγλατούριον,το;0.57;0;0
38000;Βόλος,ο;0.57;0;0
38001;Βόλος,ο;0.57;0;0
38002;Βόλος,ο;0.57;0;0
38003;Βόλος,ο;0.57;0;0
38110;Βόλος,ο;0.57;0;0
38221;Βόλος,ο;0.57;0;0
81401;Βοροσκόπος,ο;0.57;0;0
15203;Βριλήσσια,τα;0.57;0;0
15235;Βριλήσσια,τα;0.57;0;0
15250;Βριλήσσια,τα;0.57;0;0
34003;Βρύση,η;0.57;0;0
34016;Βρύση,η;0.57;0;0
81300;Γηροκομείον Λαμανδρίου,το;0.57;0;0
15304;Γλυκά Νερά,τα;0.57;0;0
15354;Γλυκά Νερά,τα;0.57;0;0
15362;Γλυκά Νερά,τα;0.57;0;0
74061;Γουργούθοι,οι;0.57;0;0
82150;Δαφνών,ο;0.57;0;0
37400;Δημητριάδα,η;0.57;0;0
27061;Διάσελλα,τα;0.57;0;0
27062;Διάσελλα,τα;0.57;0;0
46300;Δονάτος,ο;0.57;0;0
49083;Δουκάδες,οι;0.57;0;0
24005;Δροσιά,η;0.57;0;0
34400;Δροσιά,η;0.57;0;0
24014;Δροσιά,η;0.57;0;0
34003;Ενορία,η;0.57;0;0
72055;Επάνω Κρυά,τα;0.57;0;0
74051;Ζωνιανά,τα;0.57;0;0
32200;Θήβαι,αι;0.57;0;0
32001;Θίσβη,η;0.57;0;0
32010;Θίσβη,η;0.57;0;0
72300;Καλός Λάκκος,ο;0.57;0;0
72059;Καλός Λάκκος,ο;0.57;0;0
74051;Καμαράκιον,το;0.57;0;0
74051;Καμαριώτης,ο;0.57;0;0
35008;Καμένα Βούρλα,τα;0.57;0;0
23150;Καραβάς,ο (Τ.Κ.Λογγάστρας);0.57;0;0
23150;Καραβάς,ο (Τ.Κ.Σουστιάνων);0.57;0;0
46030;Καρτέριον,το;0.57;0;0
83200;Καστανέα,η;0.57;0;0
70013;Κάτω Ασίται,οι;0.57;0;0
30300;Κάτω Αφροξυλιά,η;0.57;0;0
37300;Κάτω Λεχώνια,τα;0.57;0;0
25015;Κάτω Μαστραντώνιον,το;0.57;0;0
34003;Κήποι,οι;0.57;0;0
34016;Κήποι,οι;0.57;0;0
33056;Κλήμα,το;0.57;0;0
37100;Κορφαλάκιον,το;0.57;0;0
83302;Κοσοίκια,τα;0.57;0;0
73002;Κοτσυφιανά,τα;0.57;0;0
84500;Κουρέλιον,το;0.57;0;0
72400;Κουρούναι,αι;0.57;0;0
30014;Κουτσοχέριον,το;0.57;0;0
24001;Κρεμμύδια,τα;0.57;0;0
70013;Κρουσών,ο;0.57;0;0
70001;Κρουσών,ο;0.57;0;0
46200;Κυρά Παναγιά,η;0.57;0;0
25008;Κώμη,η;0.57;0;0
27061;Λαδικάκι,το;0.57;0;0
27062;Λαδικάκι,το;0.57;0;0
73001;Λάκκος Σκλαβοπούλας,ο;0.57;0;0
35300;Λιασίκι,το;0.57;0;0
81400;Λιμενάρια,τα;0.57;0;0
14102;Λυκόβρυσις,η;0.57;0;0
14123;Λυκόβρυσις,η;0.57;0;0
49083;Μακράδες,οι;0.57;0;0
83200;Μανολάτες,οι;0.57;0;0
19001;Μεγάλη Αυλή,η;0.57;0;0
34003;Μεντούλης,ο;0.57;0;0
34019;Μεντούλης,ο;0.57;0;0
81105;Μεσότοπος,ο;0.57;0;0
20300;Μονή Οσίου Παταπίου,η;0.57;0;0
84302;Μονή,η;0.57;0;0
48060;Μόρφιον,το;0.57;0;0
22008;Νεοχώριον,το;0.57;0;0
46200;Παγκράται,οι;0.57;0;0
49083;Πάγοι,οι;0.57;0;0
46030;Παλαιόκαστρον,το;0.57;0;0
24011;Πανόραμα,το;0.57;0;0
24021;Πανόραμα,το;0.57;0;0
22029;Πέρα Μέλανα,τα;0.57;0;0
72400;Περάμπελα,τα;0.57;0;0
23150;Περιστέριον,το;0.57;0;0
27200;Περιστέριον,το;0.57;0;0
34003;Πετισούνας,ο;0.57;0;0
27065;Πεύκαι,αι;0.57;0;0
25006;Πλάτανος,ο;0.57;0;0
25014;Πλάτανος,ο;0.57;0;0
27069;Πρόδρομος,ο;0.57;0;0
34004;Προκόπιον,το;0.57;0;0
35005;Προσκυνάς,ο;0.57;0;0
48300;Ριζοβούνιον,το;0.57;0;0
32150;Ρωμαίικον,το;0.57;0;0
23200;Σκαμνάκιον,το;0.57;0;0
34003;Σπηλιαί,αι;0.57;0;0
34016;Σπηλιαί,αι;0.57;0;0
32150;Σταθμός,ο;0.57;0;0
24200;Στρέφιον,το;0.57;0;0
49081;Στρογγυλή,η;0.57;0;0
82300;Συκιάδα,η;0.57;0;0
81150;Ταξιάρχαι,οι;0.57;0;0
24011;Τσερτσαίικα,τα;0.57;0;0
24003;Τσερτσαίικα,τα;0.57;0;0
27065;Υψηλόν,το;0.57;0;0
84302;Φιλότιον,το;0.57;0;0
31082;Φτερνόν,το;0.57;0;0
25008;Χαλανδρίτσα,η;0.57;0;0
72300;Χαμαίτουλον,το;0.57;0;0
72059;Χαμαίτουλον,το;0.57;0;0
72300;Χανδράς,ο;0.57;0;0
72059;Χανδράς,ο;0.57;0;0
24001;Χανδρινός,ο;0.57;0;0
31100;Χαραδιάτικα,τα;0.57;0;0
20008;Χιλιομόδιον,το;0.57;0;0
23062;Χιμάρα,η;0.57;0;0
37100;Χοροστάσι,το;0.57;0;0
72200;Χριστός,ο;0.57;0;0
72056;Χριστός,ο;0.57;0;0
24200;Χρυσοφόρα,η;0.57;0;0
24022;Χώρα,η;0.57;0;0
34009;Ωρολόγιον,το;0.57;0;0
34009;Αγία Θέκλα,η;0.56;0;0
81401;Αγία Σοφία,η;0.56;0;0
81400;Άγιοι Ανάργυροι,οι;0.56;0;0
37100;Άγιοι Απόστολοι,οι;0.56;0;0
32150;Άγιος Αθανάσιος,ο;0.56;0;0
32150;Άγιος Ανδρέας,ο;0.56;0;0
25015;Άγιος Γεώργιος,ο;0.56;0;0
34200;Άγιος Γεώργιος,ο;0.56;0;0
23052;Άγιος Δημήτριος,ο;0.56;0;0
35009;Άγιος Δημήτριος,ο;0.56;0;0
23060;Άγιος Δημήτριος,ο;0.56;0;0
70003;Άγιος Θωμάς,ο;0.56;0;0
32001;Άγιος Ιωάννης,ο;0.56;0;0
37100;Άγιος Ιωάννης,ο (Δημοτική Κοινότητα Ευξεινουπόλεως);0.56;0;0
48300;Άγιος Σάββας,ο;0.56;0;0
32150;Άγιος Σπυρίδων,ο;0.56;0;0
34300;Άγιος,ο;0.56;0;0
46200;Αγορά,η;0.56;0;0
46031;Αγορά,η;0.56;0;0
20008;Αθίκια,τα;0.56;0;0
20005;Αθίκια,τα;0.56;0;0
32150;Αλαλκομεναί,αι;0.56;0;0
49084;Αλεποχώριον,το;0.56;0;0
32001;Αλίαρτος,η;0.56;0;0
24011;Αμφιθέα,η;0.56;0;0
72200;Ανατολή,η;0.56;0;0
35150;Ανθήλη,η;0.56;0;0
35014;Ανθήλη,η;0.56;0;0
23053;Άνω Καστανέα,η;0.56;0;0
37300;Άνω Λεχώνια,τα;0.56;0;0
70003;Άνω Μούλια,τα;0.56;0;0
81150;Άνω Χαραμίδα,η;0.56;0;0
83302;Αρέθουσα,η;0.56;0;0
72300;Αρμένοι,οι;0.56;0;0
72059;Αρμένοι,οι;0.56;0;0
74055;Αρολίθιον,το;0.56;0;0
24011;Αρτίκιον,το;0.56;0;0
24003;Αρτίκιον,το;0.56;0;0
27200;Αστεραίικα,τα;0.56;0;0
84002;Αστράς,ο;0.56;0;0
74051;Αστυράκιον,το;0.56;0;0
37100;Αχίλλειον,το;0.56;0;0
37008;Αχίλλειον,το;0.56;0;0
34009;Αχλαδερή,η;0.56;0;0
27064;Βαρβαρίνα,η;0.56;0;0
27065;Βασιλάκιον,το;0.56;0;0
34013;Βατήσιον,το;0.56;0;0
73007;Βατουδιάρης,ο;0.56;0;0
38334;Βελανιδιά,η;0.56;0;0
49083;Βίγγλα,η;0.56;0;0
34004;Βλαχιά,η;0.56;0;0
74053;Βρύσαι,αι;0.56;0;0
74061;Βρύσαι,αι;0.56;0;0
15306;Γέρακας,ο;0.56;0;0
15344;Γέρακας,ο;0.56;0;0
15360;Γέρακας,ο;0.56;0;0
23062;Γέρμα,η;0.56;0;0
38222;Γορίτσα,η;0.56;0;0
34200;Γούβαι,αι;0.56;0;0
21059;Δήμαινα,η;0.56;0;0
21054;Δήμαινα,η;0.56;0;0
28100;Διλινάτα,τα;0.56;0;0
32001;Δομβραίνα,η;0.56;0;0
32010;Δομβραίνα,η;0.56;0;0
46100;Δροσιά,η;0.56;0;0
82103;Εγρηγόρος,ο;0.56;0;0
81400;Θάνος,το;0.56;0;0
73500;Θέρισον,το;0.56;0;0
35009;Θερμοπύλαι,αι;0.56;0;0
22001;Ιερά Μονή Λουκούς,η;0.56;0;0
81101;Καγιάνι,το;0.56;0;0
37300;Καλά Νερά,τα;0.56;0;0
37010;Καλά Νερά,τα;0.56;0;0
31100;Καλαμίτσιον,το;0.56;0;0
31080;Καλαμίτσιον,το;0.56;0;0
25100;Καλαντέρι,το;0.56;0;0
34013;Καλογέρι,το;0.56;0;0
30150;Καμαρούλα,η;0.56;0;0
30300;Καστράκιον,το;0.56;0;0
24004;Κάτω Αμπελόκηποι,οι;0.56;0;0
24010;Κάτω Αμπελόκηποι,οι;0.56;0;0
27052;Κάτω Βελιτσαί,αι;0.56;0;0
25015;Κάτω Δροσιά,η;0.56;0;0
49081;Κελλία,τα;0.56;0;0
34004;Κήρινθος,η;0.56;0;0
37300;Κορόπη,η;0.56;0;0
37010;Κορόπη,η;0.56;0;0
82103;Κοσμάδος,ο;0.56;0;0
83104;Κουμαραδαίοι,οι;0.56;0;0
83301;Κουνιάδοι,οι;0.56;0;0
20008;Κουταλάς,ο;0.56;0;0
74051;Κράνα,η;0.56;0;0
70007;Κράσιον,το;0.56;0;0
70005;Κράσιον,το;0.56;0;0
72150;Κριτσά,η;0.56;0;0
72051;Κριτσά,η;0.56;0;0
23053;Κρυόβρυση,η;0.56;0;0
24022;Λαγκάδα,η;0.56;0;0
24023;Λαγκάδα,η;0.56;0;0
37100;Λειχούρα,η;0.56;0;0
20003;Λεοντάρι,το;0.56;0;0
23150;Λεύκη,η;0.56;0;0
24022;Λεφτίνι,το;0.56;0;0
37100;Λουτρό,το;0.56;0;0
37006;Λύρη,η;0.56;0;0
73500;Μαδαρόν,το;0.56;0;0
46030;Μαζαρακιά,η;0.56;0;0
33200;Μακριά Μαλλιά,τα;0.56;0;0
33050;Μακριά Μαλλιά,τα;0.56;0;0
18030;Μακρύλογγος,ο;0.56;0;0
30500;Μακρυχώρια,τα;0.56;0;0
24200;Μάνεσης,ο;0.56;0;0
24015;Μάνεσης,ο;0.56;0;0
30011;Ματαράγκα,η;0.56;0;0
84500;Μένητες,οι;0.56;0;0
72300;Μέσα Απίδιον,το;0.56;0;0
72059;Μέσα Απίδιον,το;0.56;0;0
74061;Μεσονήσια,τα;0.56;0;0
19011;Μιλέσιον,το;0.56;0;0
25008;Μιτόπολις,η;0.56;0;0
84500;Μονή Αγίου Νικολάου,η;0.56;0;0
27064;Μουζάκιον,το;0.56;0;0
24500;Μουριατάδα,η;0.56;0;0
37003;Μύλοι,οι;0.56;0;0
81400;Μύρινα,η;0.56;0;0
74055;Μυριοκέφαλα,τα;0.56;0;0
25100;Νέα Κερύνεια,η;0.56;0;0
33058;Νέοι Άγιοι Πάντες,οι;0.56;0;0
24004;Νεραϊδόβρυση,η;0.56;0;0
24010;Νεραϊδόβρυση,η;0.56;0;0
72300;Ξηρολίμνη,η;0.56;0;0
46200;Ξηρόλοφος,ο;0.56;0;0
83300;Οξέα,η;0.56;0;0
34003;Οξύλιθος,ο;0.56;0;0
34011;Οξύλιθος,ο;0.56;0;0
32300;Ορχομενός,ο;0.56;0;0
48200;Παιδόπολις Ζηρού,η;0.56;0;0
46030;Πάναινα,η;0.56;0;0
48200;Παντάνασσα,η;0.56;0;0
73004;Παππαδιανά,τα (Τοπική Κοινότητα Τεμενίων);0.56;0;0
73009;Παππαδιανά,τα (Τοπική Κοινότητα Τεμενίων);0.56;0;0
34013;Παραδείσιον,το;0.56;0;0
37100;Παραλία Αλμυρού,η;0.56;0;0
81400;Παραλία Πλατέος,η;0.56;0;0
81106;Πηγαδάκια,τα;0.56;0;0
33056;Πηγή,η;0.56;0;0
28084;Πλαγιά,η;0.56;0;0
28085;Πλαγιά,η;0.56;0;0
83302;Πλατάνι,το;0.56;0;0
24001;Πλατανόβρυση,η;0.56;0;0
81400;Πλατύ,το;0.56;0;0
34009;Πρινάκιον,το;0.56;0;0
30008;Πριοναίικα,τα;0.56;0;0
49081;Πριφτιάτικα,τα;0.56;0;0
35300;Ράχαι,αι;0.56;0;0
49081;Ριλιάτικα,τα;0.56;0;0
27069;Ροδιά,η;0.56;0;0
30015;Σαράντη,η;0.56;0;0
72055;Σκορδίλον,το;0.56;0;0
23100;Σπάρτη,η;0.56;0;0
23101;Σπάρτη,η;0.56;0;0
23110;Σπάρτη,η;0.56;0;0
30150;Σπολάιτα,η;0.56;0;0
83200;Σταυρινήδες,οι;0.56;0;0
73004;Στράτοι,οι;0.56;0;0
73009;Στράτοι,οι;0.56;0;0
35300;Στυλίς,η;0.56;0;0
31082;Σύβρος,ο;0.56;0;0
32009;Σχηματάριον,το;0.56;0;0
37006;Τρικέριον,το;0.56;0;0
37009;Τρικέριον,το;0.56;0;0
30500;Φαλαγγιάς,ο;0.56;0;0
84500;Φάλλικα,τα;0.56;0;0
23051;Φάρος,ο;0.56;0;0
23057;Φάρος,ο;0.56;0;0
34005;Φραγκάκη,η;0.56;0;0
34010;Φραγκάκη,η;0.56;0;0
21052;Χάνι Μερκούρη,το;0.56;0;0
25015;Χιόνα,η;0.56;0;0
73004;Αγία Ειρήνη,η;0.55;0;0
73009;Αγία Ειρήνη,η;0.55;0;0
23150;Αγία Κυριακή,η;0.55;0;0
35300;Αγία Μαρίνα,η;0.55;0;0
37100;Αγία Μαρίνα,η;0.55;0;0
37008;Αγία Μαρίνα,η;0.55;0;0
21052;Άγιος Ανδρέας,ο;0.55;0;0
49083;Άγιος Βασίλειος,ο;0.55;0;0
46100;Άγιος Βλάσιος,ο;0.55;0;0
30010;Άγιος Γεώργιος,ο;0.55;0;0
38334;Άγιος Γεώργιος,ο;0.55;0;0
81101;Άγιος Γεώργιος,ο;0.55;0;0
32150;Άγιος Δημήτριος,ο;0.55;0;0
73011;Άγιος Ιωάννης,ο;0.55;0;0
29092;Άγιος Λέων,ο;0.55;0;0
24011;Άγιος Νικόλαος,ο;0.55;0;0
35200;Άγιος Νικόλαος,ο;0.55;0;0
24018;Άγιος Νικόλαος,ο;0.55;0;0
31082;Άγιος Πέτρος,ο;0.55;0;0
23150;Άγιος Χριστόφορος,ο;0.55;0;0
23054;Άγιος Χριστόφορος,ο;0.55;0;0
46300;Αετός,ο;0.55;0;0
34013;Ακταίον,το;0.55;0;0
84500;Αλάδον,το;0.55;0;0
23051;Αλεποχώριον,το;0.55;0;0
23058;Αλεποχώριον,το;0.55;0;0
25006;Αλμυρός,ο;0.55;0;0
70004;Αμιράς,ο;0.55;0;0
84501;Αμμόλοχος,ο;0.55;0;0
27200;Ανάληψις,η;0.55;0;0
73004;Ανισαράκιον,το;0.55;0;0
74061;Άνω Μέρος,το;0.55;0;0
19007;Άνω Σούλιον,το;0.55;0;0
48200;Ανωγειατά,τα;0.55;0;0
27069;Απιδούλα,η;0.55;0;0
49083;Απολυσοί,οι;0.55;0;0
34500;Αργυρόν,το;0.55;0;0
34017;Αργυρόν,το;0.55;0;0
73001;Αρχοντικόν,το;0.55;0;0
37300;Άφυσσος,η;0.55;0;0
37010;Άφυσσος,η;0.55;0;0
35300;Αχινός,ο;0.55;0;0
24005;Αχλαδοχώριον,το;0.55;0;0
34300;Βαρβάρα,η;0.55;0;0
35300;Βασιλική,η;0.55;0;0
23150;Βαφειόν,το;0.55;0;0
70400;Βορίζια,τα;0.55;0;0
70002;Βορίζια,τα;0.55;0;0
49081;Βουνίον,το;0.55;0;0
72300;Βρυσίδιον,το;0.55;0;0
25015;Γάλαρος,ο;0.55;0;0
46200;Γαρδίκιον,το;0.55;0;0
46031;Γαρδίκιον,το;0.55;0;0
23051;Γεράκιον,το;0.55;0;0
23058;Γεράκιον,το;0.55;0;0
81106;Γεράνια,τα;0.55;0;0
34300;Γιάλτρα,τα;0.55;0;0
34013;Γιαννίτσιον,το;0.55;0;0
21052;Γιαννουλαίικα,τα;0.55;0;0
72400;Γιοφύρι,το;0.55;0;0
81107;Δάφια,τα;0.55;0;0
73400;Έλος,το;0.55;0;0
73012;Έλος,το;0.55;0;0
72300;Έξω Απίδιον,το;0.55;0;0
72059;Έξω Απίδιον,το;0.55;0;0
49081;Επισκοπή,η;0.55;0;0
48300;Ζηρόπολη,η;0.55;0;0
49081;Κανιάτικο,το;0.55;0;0
70016;Καπετανιανά,τα;0.55;0;0
73003;Καρές,αι;0.55;0;0
32150;Καρυά,η;0.55;0;0
49081;Καρυώτικον,το;0.55;0;0
34200;Καστρίον,το;0.55;0;0
46100;Καστρίον,το;0.55;0;0
24022;Καταφύγιον,το;0.55;0;0
37300;Κάτω Γατζέα,η;0.55;0;0
70007;Κερά,η;0.55;0;0
70005;Κερά,η;0.55;0;0
81101;Κεραμεία,τα;0.55;0;0
25006;Κορινθιακό Μπαλκόνι,το;0.55;0;0
49081;Κυπριανάδες,οι;0.55;0;0
49083;Λάκωνες,οι;0.55;0;0
81150;Λάρισος,η;0.55;0;0
83301;Λαψαχάδες,αι;0.55;0;0
15351;Λεοντάριον,το;0.55;0;0
82103;Λεπτόποδα,τα;0.55;0;0
37006;Λεφόκαστρον,το;0.55;0;0
22007;Λιθαρός,ο;0.55;0;0
22028;Λιθαρός,ο;0.55;0;0
49081;Λιθιασμένος,ο;0.55;0;0
34300;Λιχάς,η;0.55;0;0
34009;Λοφίσκος,ο;0.55;0;0
81150;Μάρμαρο,το;0.55;0;0
32150;Μαυρόγεια,τα;0.55;0;0
34400;Μονή Αγίου Ιωάννη Καλυβίτη,η;0.55;0;0
34400;Μονή Παναγίας Γοργοεπηκόου,η;0.55;0;0
34009;Μονόδρυον,το;0.55;0;0
30008;Μυρτέα,η;0.55;0;0
83200;Νικολούδες,οι;0.55;0;0
24022;Νομιτσής,ο;0.55;0;0
24023;Νομιτσής,ο;0.55;0;0
30500;Ξηρολίβαδον,το;0.55;0;0
25015;Ξηροχώριον,το;0.55;0;0
84500;Ορεινόν,το;0.55;0;0
35300;Παγώνι,το;0.55;0;0
25006;Παλαιοσταφίδα,η;0.55;0;0
15302;Παλλήνη,η;0.55;0;0
15351;Παλλήνη,η;0.55;0;0
81150;Παναγία,η;0.55;0;0
73004;Πάνω Φλώρια,τα;0.55;0;0
31082;Πανωχώριον,το;0.55;0;0
24001;Παππούλια,τα;0.55;0;0
81400;Παραλία Θάνους,η;0.55;0;0
81104;Πέδη,η;0.55;0;0
83300;Περδίκιον,το;0.55;0;0
24500;Περδικονέριον,το;0.55;0;0
47150;Πέτα,το;0.55;0;0
47200;Πέτα,το;0.55;0;0
23200;Πετρίνα,η;0.55;0;0
30008;Πετροχώριον,το;0.55;0;0
27061;Πευκίον,το;0.55;0;0
27062;Πευκίον,το;0.55;0;0
37100;Πηγάδιον,το;0.55;0;0
37008;Πηγάδιον,το;0.55;0;0
84500;Πιτροφός,ο;0.55;0;0
81400;Πλαγίσος Μώλος,ο;0.55;0;0
28080;Πουλάτα,τα;0.55;0;0
22300;Πούλιθρα,τα;0.55;0;0
47150;Πουρνάρι,το;0.55;0;0
23200;Προσήλιον,το;0.55;0;0
21250;Πρόσυμνα,η;0.55;0;0
49083;Ραφαλάδες,οι;0.55;0;0
23150;Ριβιώτισσα,η;0.55;0;0
20009;Ροζενά,τα;0.55;0;0
74055;Ρουμπάδον,το;0.55;0;0
74058;Ρουμπάδον,το;0.55;0;0
49083;Ρουμπατάτικα,τα;0.55;0;0
81104;Σκάλα Συκαμινέας,η;0.55;0;0
48062;Σκεπαστόν,το;0.55;0;0
82102;Σκλαβιά,τα;0.55;0;0
22015;Σταυρί,το;0.55;0;0
25015;Σταυροδρόμιον,το;0.55;0;0
81300;Σταυρός,ο;0.55;0;0
21052;Σταυρός,ο (Καλυβαίικα,τα);0.55;0;0
32300;Στροβίκιον,το;0.55;0;0
35005;Τραγάνα,η;0.55;0;0
48300;Τύργια,η;0.55;0;0
48200;Υδροηλεκτρικός Σταθμός Λούρου,ο;0.55;0;0
32200;Υλίκη,η;0.55;0;0
81401;Φισίνη,η;0.55;0;0
23070;Φούτια,τα;0.55;0;0
25100;Φωνησκαριά,η;0.55;0;0
33054;Χρισσό,το;0.55;0;0
33055;Χρισσό,το;0.55;0;0
83301;Χριστός,ο;0.55;0;0
49083;Χωρεπίσκοποι,οι;0.55;0;0
24011;Ψάριον,το;0.55;0;0
24018;Ψάριον,το;0.55;0;0
46200;Αβαρίτσα,η;0.54;0;0
19015;Αγία Βαρβάρα,η;0.54;0;0
29090;Αγία Μαρίνα,η;0.54;0;0
46100;Άγιος Γεώργιος,ο;0.54;0;0
46200;Άγιος Γεώργιος,ο (Δ.Κ.Παραμυθίας);0.54;0;0
49081;Άγιος Ηλίας,ο;0.54;0;0
23052;Άγιος Ιωάννης,ο;0.54;0;0
23068;Άγιος Ιωάννης,ο;0.54;0;0
83301;Άγιος Παντελεήμων,ο;0.54;0;0
30009;Άγιος Στέφανος,ο;0.54;0;0
31100;Άγιος Χριστόφορος,ο;0.54;0;0
34005;Αγκάλη,η;0.54;0;0
34010;Αγκάλη,η;0.54;0;0
49081;Αγνίτσινη,η;0.54;0;0
30006;Αγράμπελα,τα;0.54;0;0
37300;Αγριά,η;0.54;0;0
31082;Αθάνιον,το;0.54;0;0
49083;Αθινιοί,οι;0.54;0;0
21250;Άκοβα,η;0.54;0;0
30150;Αλώνια,τα;0.54;0;0
37100;Αμαλιάπολις,η;0.54;0;0
37008;Αμαλιάπολις,η;0.54;0;0
48200;Αμπέλια,τα;0.54;0;0
83200;Άμπελος,η;0.54;0;0
28086;Ανδριολάτα,τα;0.54;0;0
28082;Ανδριολάτα,τα;0.54;0;0
30011;Άνω Ζευγαράκιον,το;0.54;0;0
19004;Αργιθέα,η;0.54;0;0
81104;Ασπροπόταμος,ο;0.54;0;0
19011;Ασπροχώριον,το;0.54;0;0
81150;Αφάλωνας,ο;0.54;0;0
23150;Αφισίον,το;0.54;0;0
49081;Βαθύ,το;0.54;0;0
49081;Βαλανείον,το;0.54;0;0
20400;Βάλτος,ο;0.54;0;0
34013;Βαρελλαίοι,οι;0.54;0;0
82102;Βέσσα,η;0.54;0;0
16122;Βλητικός Σταθμός,ο;0.54;0;0
21052;Βοθίκιον,το;0.54;0;0
72400;Βρύσαι,αι;0.54;0;0
46300;Βρυσέλλα,η;0.54;0;0
35300;Γλύφα,η;0.54;0;0
35013;Γλύφα,η;0.54;0;0
49084;Δαφνάτα,τα;0.54;0;0
30150;Διαμανταίικα,τα;0.54;0;0
82103;Διευχά,τα;0.54;0;0
46100;Δίλοφον,το;0.54;0;0
23062;Διμαρίστικα,τα;0.54;0;0
23071;Διμαρίστικα,τα;0.54;0;0
19009;Διώνη,η;0.54;0;0
28081;Δρακοπουλάτα,τα;0.54;0;0
34500;Δροσιά,η;0.54;0;0
34017;Δροσιά,η;0.54;0;0
74061;Δρυγιαί,αι;0.54;0;0
35300;Δρυμάρια,τα;0.54;0;0
34009;Ελαία,η;0.54;0;0
84002;Ελληνικά,τα;0.54;0;0
21052;Εξοχή,η;0.54;0;0
24022;Εξωχώριον,το;0.54;0;0
72300;Ετιά,η;0.54;0;0
72059;Ετιά,η;0.54;0;0
81106;Ευρειακή,η;0.54;0;0
37002;Ζορμπάδες,οι;0.54;0;0
73005;Ζούρβα,η;0.54;0;0
48061;Ηλιοβούνιον,το;0.54;0;0
85700;Κάλλενες,οι;0.54;0;0
46030;Καλοδίκι,το;0.54;0;0
27069;Καλόν Παιδίον,το;0.54;0;0
73500;Κάμποι,οι;0.54;0;0
21056;Καναπίτσα,η;0.54;0;0
21060;Καναπίτσα,η;0.54;0;0
27052;Κάνδαλος,ο;0.54;0;0
35300;Καραβόμυλος,ο;0.54;0;0
37100;Καραβοτσάκι,το;0.54;0;0
18020;Καρατζάς,ο;0.54;0;0
25015;Καρδάσι,το;0.54;0;0
84002;Καστανιές,οι;0.54;0;0
30150;Καστράκιον,το;0.54;0;0
32200;Καστρί,το;0.54;0;0
32300;Κάστρον,το;0.54;0;0
34500;Κατακαλός,ο;0.54;0;0
34013;Κατσαρώνιον,το;0.54;0;0
49084;Κάτω Γαρούνα,η;0.54;0;0
30014;Κάτω Καλαβρούζα,η;0.54;0;0
30300;Κάτω Κάμπος,ο;0.54;0;0
30026;Κάτω Κάμπος,ο;0.54;0;0
22007;Κάτω Ριζοσπηλιά,η;0.54;0;0
81300;Κάτω Σταυρός,ο;0.54;0;0
70300;Κατωφύγιον,το;0.54;0;0
70015;Κατωφύγιον,το;0.54;0;0
31100;Κατωχώριον,το;0.54;0;0
84200;Κέχρος,ο;0.54;0;0
84302;Κινίδαρος,ο;0.54;0;0
23150;Κλαδάς,ο;0.54;0;0
30150;Κοκκινοπύλια,τα;0.54;0;0
23150;Κοκκινόρραχη,η;0.54;0;0
70003;Κόλενα,η;0.54;0;0
27150;Κορυφή,η;0.54;0;0
30009;Κουβαράς,ο;0.54;0;0
35300;Κούτσουρο,το;0.54;0;0
84500;Κόχυλος,ο;0.54;0;0
84502;Κόχυλος,ο;0.54;0;0
49083;Κρήνη,η;0.54;0;0
38334;Κριθαριά,η;0.54;0;0
23150;Κυδωνέα,η;0.54;0;0
23054;Κυδωνέα,η;0.54;0;0
23052;Κυπαρίσσιον,το;0.54;0;0
23068;Κυπαρίσσιον,το;0.54;0;0
73400;Κωστογιάννηδες,οι;0.54;0;0
81101;Λάρσος,η;0.54;0;0
81104;Λιμάνιον,το;0.54;0;0
81300;Λισβόριον,το;0.54;0;0
21051;Λουκαΐτιον,το;0.54;0;0
81150;Λουτρά,τα;0.54;0;0
74061;Λοχριά,η;0.54;0;0
74059;Λοχριά,η;0.54;0;0
34004;Μαντούδιον,το;0.54;0;0
38334;Μάραθος,ο;0.54;0;0
74051;Μαρινιανά,τα;0.54;0;0
25008;Μαστοραίικα - Σταμαίικα,τα;0.54;0;0
30150;Ματσούκιον,το;0.54;0;0
83103;Μαυρατζαίοι,οι;0.54;0;0
22008;Μελιδόνιον,το;0.54;0;0
35300;Μελίσσια,τα;0.54;0;0
84200;Μέση,η;0.54;0;0
70300;Μιλλιαράδες,οι;0.54;0;0
70015;Μιλλιαράδες,οι;0.54;0;0
81150;Μιστεγνά,τα;0.54;0;0
28300;Μονή Καθαρών,η;0.54;0;0
27064;Μονή Κρεμαστής,η;0.54;0;0
81150;Μόρια,η;0.54;0;0
32200;Μουρίκιον,το;0.54;0;0
37005;Μουρτερό,το;0.54;0;0
73001;Μουστάκος,ο;0.54;0;0
84302;Μυρίσης,ο;0.54;0;0
84301;Μυρίσης,ο;0.54;0;0
82102;Μυρμήγκιον,το;0.54;0;0
85700;Μυρτώνας,ο;0.54;0;0
35200;Νέα Άγναντη,η;0.54;0;0
27055;Νέα Σκιλλουντία,η;0.54;0;0
81150;Νέαι Κυδωνίαι,αι;0.54;0;0
23052;Νιάτα,τα;0.54;0;0
23060;Νιάτα,τα;0.54;0;0
28100;Νύφιον,το;0.54;0;0
30014;Ξηραίικα,τα;0.54;0;0
19002;Παιανία,η;0.54;0;0
22200;Παλαιόκαστρον,το;0.54;0;0
22022;Παλαιόκαστρον,το;0.54;0;0
23070;Παναγίτσα,η;0.54;0;0
25015;Πανουσαίικα,τα;0.54;0;0
15600;Παπάγος,ο;0.54;0;0
15601;Παπάγος,ο;0.54;0;0
15610;Παπάγος,ο;0.54;0;0
15669;Παπάγος,ο;0.54;0;0
81107;Παράκοιλα,τα;0.54;0;0
73004;Πέρα Σκάφη,η;0.54;0;0
73009;Πέρα Σκάφη,η;0.54;0;0
25015;Πηγάδια,τα;0.54;0;0
46300;Πηγαδούλια,τα;0.54;0;0
34004;Πήλιον,το;0.54;0;0
23200;Πιλάλα,η;0.54;0;0
30008;Πίνη,η;0.54;0;0
35300;Πλάκες,οι;0.54;0;0
34001;Πλατανιστός,ο;0.54;0;0
24200;Πολύλοφος,ο;0.54;0;0
24013;Πολύλοφος,ο;0.54;0;0
24011;Πρόδρομος,ο;0.54;0;0
24021;Πρόδρομος,ο;0.54;0;0
46030;Πυργίον,το;0.54;0;0
20400;Ρίζα,η;0.54;0;0
23150;Ρίζα,η;0.54;0;0
24011;Ριζοχώριον,το;0.54;0;0
24003;Ριζοχώριον,το;0.54;0;0
73400;Ρογδιά,η;0.54;0;0
73012;Ρογδιά,η;0.54;0;0
20004;Ρυτόν,το;0.54;0;0
49083;Σαρακηνάτικα,τα;0.54;0;0
34004;Σαρακήνικον,το;0.54;0;0
20006;Σαταίικα,τα;0.54;0;0
20002;Σαταίικα,τα;0.54;0;0
81106;Σκάλα Συκούντος,η;0.54;0;0
73004;Σκάφη,η;0.54;0;0
73009;Σκάφη,η;0.54;0;0
27055;Σκιλλουντία,η;0.54;0;0
48060;Σπαθαραίοι,οι;0.54;0;0
73001;Σταυρός,ο;0.54;0;0
83302;Στελί,το;0.54;0;0
84200;Στενή,η;0.54;0;0
34013;Στουππαίοι,οι;0.54;0;0
72400;Σύρμεσον,το;0.54;0;0
34003;Σχολή Εμποροπλοιάρχων Κύμης,η;0.54;0;0
34400;Τριάδα,η;0.54;0;0
48060;Τρίκορφον,το;0.54;0;0
81200;Τρύγονας,ο;0.54;0;0
22008;Φαναράκιον,το;0.54;0;0
24400;Φλόκα,η;0.54;0;0
73004;Φλώρια,τα;0.54;0;0
28080;Χαλιωτάτα,τα;0.54;0;0
15500;Χολαργός,ο;0.54;0;0
15501;Χολαργός,ο;0.54;0;0
15510;Χολαργός,ο;0.54;0;0
15561;Χολαργός,ο;0.54;0;0
15562;Χολαργός,ο;0.54;0;0
24001;Χώρα,η;0.54;0;0
24600;Χώρα,η;0.54;0;0
15400;Ψυχικόν,το;0.54;0;0
15401;Ψυχικόν,το;0.54;0;0
15402;Ψυχικόν,το;0.54;0;0
15410;Ψυχικόν,το;0.54;0;0
15451;Ψυχικόν,το;0.54;0;0
15452;Ψυχικόν,το;0.54;0;0
30010;Αγία Βαρβάρα,η (Δημοτική Κοινότητα Παραβόλας);0.53;0;0
30011;Αγία Μαρίνα,η;0.53;0;0
84002;Αγία Μαύρα,η;0.53;0;0
33100;Αγία Τριάδα,η;0.53;0;0
37006;Άγιοι Απόστολοι,οι;0.53;0;0
83200;Άγιοι Θεόδωροι,οι;0.53;0;0
33058;Άγιοι Πάντες,οι;0.53;0;0
49083;Άγιος Αθανάσιος,ο;0.53;0;0
37300;Άγιος Απόστολος ο Νέος,ο;0.53;0;0
34300;Άγιος Γεώργιος Γιάλτρων,ο;0.53;0;0
37100;Άγιος Δημήτριος,ο;0.53;0;0
37008;Άγιος Δημήτριος,ο;0.53;0;0
34500;Άγιος Ιωάννης,ο;0.53;0;0
19004;Άγιος Νικόλαος Μπούρα,ο;0.53;0;0
23062;Άγιος Νικόλαος,ο;0.53;0;0
23071;Άγιος Νικόλαος,ο;0.53;0;0
81104;Άγιος Στέφανος,ο;0.53;0;0
82300;Αγρελωπός,ο;0.53;0;0
49083;Αγρός,ο;0.53;0;0
24004;Αδριανή,η;0.53;0;0
24010;Αδριανή,η;0.53;0;0
37003;Αθέατον,το;0.53;0;0
37004;Αθέατον,το;0.53;0;0
70010;Αμύγδαλος,ο;0.53;0;0
48060;Ανθούσα,η;0.53;0;0
19100;Άνω Αλεποχώριον,το;0.53;0;0
13300;Άνω Λιόσια,τα;0.53;0;0
13301;Άνω Λιόσια,τα;0.53;0;0
13310;Άνω Λιόσια,τα;0.53;0;0
13341;Άνω Λιόσια,τα;0.53;0;0
13342;Άνω Λιόσια,τα;0.53;0;0
13343;Άνω Λιόσια,τα;0.53;0;0
13344;Άνω Λιόσια,τα;0.53;0;0
13345;Άνω Λιόσια,τα;0.53;0;0
81106;Απηδιάς Λάκκος,ο;0.53;0;0
49081;Απραός,ο;0.53;0;0
81107;Αρίσβη,η;0.53;0;0
74055;Ασή Γωνιά,η;0.53;0;0
28086;Ασπρογέρακας,ο;0.53;0;0
13600;Αχαρναί,αι;0.53;0;0
13601;Αχαρναί,αι;0.53;0;0
13602;Αχαρναί,αι;0.53;0;0
13610;Αχαρναί,αι;0.53;0;0
13671;Αχαρναί,αι;0.53;0;0
13672;Αχαρναί,αι;0.53;0;0
13673;Αχαρναί,αι;0.53;0;0
13674;Αχαρναί,αι;0.53;0;0
13675;Αχαρναί,αι;0.53;0;0
13678;Αχαρναί,αι;0.53;0;0
35300;Αχλάδιον,το;0.53;0;0
35013;Αχλάδιον,το;0.53;0;0
25008;Βαλματούρα,η;0.53;0;0
27069;Βάλμη,η;0.53;0;0
74053;Βάτος,ο;0.53;0;0
34300;Βίγλα,η;0.53;0;0
49083;Βλαχάτικα,τα;0.53;0;0
48062;Βουβοπόταμος,ο;0.53;0;0
84400;Βουνιά,τα (Τ.Κ.Λευκών);0.53;0;0
83100;Βουρλιώται,οι;0.53;0;0
11100;Γαλάτσιον,το;0.53;0;0
11102;Γαλάτσιον,το;0.53;0;0
11103;Γαλάτσιον,το;0.53;0;0
11146;Γαλάτσιον,το;0.53;0;0
11147;Γαλάτσιον,το;0.53;0;0
49083;Γιμάριον,το;0.53;0;0
24001;Γλυφάδα,η;0.53;0;0
37003;Γλώσσα,η;0.53;0;0
37004;Γλώσσα,η;0.53;0;0
34009;Δάφνη,η;0.53;0;0
72400;Δοριαί,αι;0.53;0;0
73500;Δρακόνα,η;0.53;0;0
72400;Δράσι,το;0.53;0;0
81200;Δρότα,η;0.53;0;0
46300;Ελαία,η;0.53;0;0
25200;Ελαιοχώριον,το;0.53;0;0
81105;Ερεσός,η;0.53;0;0
23150;Ζαγάνον,το;0.53;0;0
34200;Ιστιαία,η;0.53;0;0
49083;Καβαλλέραινα,η;0.53;0;0
23150;Καβουράκιον,το;0.53;0;0
23054;Καβουράκιον,το;0.53;0;0
37006;Κάλαμος,ο;0.53;0;0
74053;Καλή Συκέα,η;0.53;0;0
74060;Καλή Συκέα,η;0.53;0;0
81107;Καλλονή,η;0.53;0;0
24200;Καλογερόρραχη,η;0.53;0;0
24013;Καλογερόρραχη,η;0.53;0;0
72300;Καλόν Χωρίον,το;0.53;0;0
72059;Καλόν Χωρίον,το;0.53;0;0
30500;Καλύβια,τα;0.53;0;0
49084;Καμάρα,η;0.53;0;0
70400;Καμάραι,αι;0.53;0;0
70002;Καμάραι,αι;0.53;0;0
34003;Κάμπος,ο (Τ.Κ.Οξυλίθου);0.53;0;0
25008;Κανελλάκι,το;0.53;0;0
74061;Καρδάκιον,το;0.53;0;0
49084;Καρδαμάτικα,τα;0.53;0;0
82300;Καρδάμυλα,τα;0.53;0;0
70003;Καρκαδιώτισσα,η;0.53;0;0
70011;Καρκαδιώτισσα,η;0.53;0;0
25015;Καρπέτα,το;0.53;0;0
72400;Καρύδιον,το;0.53;0;0
72300;Κατσιδώνιον,το;0.53;0;0
72059;Κατσιδώνιον,το;0.53;0;0
49083;Κάτω Κορακιάνα,η;0.53;0;0
81200;Κάτω Χωρίον,το;0.53;0;0
27065;Καυκωνία,η;0.53;0;0
27060;Καυκωνία,η;0.53;0;0
19001;Κερατέα,η;0.53;0;0
73002;Κεχρές,ο;0.53;0;0
22007;Κοκκοράς,ο;0.53;0;0
22028;Κοκκοράς,ο;0.53;0;0
28086;Κολαίτης,ο;0.53;0;0
28082;Κολαίτης,ο;0.53;0;0
49084;Κομιανάτα,τα;0.53;0;0
81400;Κόμπιον,το (νησίς);0.53;0;0
25200;Κρίνος,ο;0.53;0;0
30150;Κυψέλη,η;0.53;0;0
23062;Λάγια,η;0.53;0;0
23071;Λάγια,η;0.53;0;0
81104;Λαγκάδα,η;0.53;0;0
73004;Λιβάδα,η;0.53;0;0
73009;Λιβάδα,η;0.53;0;0
30500;Λιμναία,η;0.53;0;0
34400;Λιμνιώνας,ο;0.53;0;0
49084;Λουκάτα,τα;0.53;0;0
22007;Λουτρά,τα;0.53;0;0
22028;Λουτρά,τα;0.53;0;0
71500;Λουτράκιον,το;0.53;0;0
27069;Μαζαράκιον,το;0.53;0;0
37300;Μαλάκιον,το;0.53;0;0
83302;Μάραθον,το;0.53;0;0
29090;Μαρίαι,αι;0.53;0;0
29091;Μαρίαι,αι;0.53;0;0
27069;Μασουραίικα,τα;0.53;0;0
37006;Μαύρη Πέτρα,η;0.53;0;0
37013;Μαύρη Πέτρα,η;0.53;0;0
47150;Μεγάρχη,η;0.53;0;0
84500;Μεσαθούριον,το;0.53;0;0
14400;Μεταμόρφωσις,η;0.53;0;0
14401;Μεταμόρφωσις,η;0.53;0;0
14410;Μεταμόρφωσις,η;0.53;0;0
14451;Μεταμόρφωσις,η;0.53;0;0
14452;Μεταμόρφωσις,η;0.53;0;0
37006;Μηλίνα,η;0.53;0;0
37013;Μηλίνα,η;0.53;0;0
21100;Μονή Καρακαλά,η;0.53;0;0
34003;Μονή Μάντζαρη,η;0.53;0;0
20008;Μονή Ταξιαρχών,η;0.53;0;0
20005;Μονή Ταξιαρχών,η;0.53;0;0
27150;Μονή Φραγκοπηδήματος,η;0.53;0;0
25015;Μπαράκες,οι;0.53;0;0
48100;Μυρσίνη,η;0.53;0;0
24004;Νέα Αδριανή,η;0.53;0;0
19600;Νέα Ζωή,η;0.53;0;0
30150;Νεάπολη,η;0.53;0;0
34200;Νέος Πύργος,ο;0.53;0;0
34012;Νέος Πύργος,ο;0.53;0;0
34009;Νεοχώριον,το;0.53;0;0
35006;Νεοχώριον,το;0.53;0;0
34016;Νεοχώριον,το;0.53;0;0
24005;Νερόμυλος,ο;0.53;0;0
24014;Νερόμυλος,ο;0.53;0;0
72400;Νοφαλιάς,ο;0.53;0;0
81150;Ξαμπέλια,τα;0.53;0;0
72400;Ξηρολίμνη,η;0.53;0;0
30015;Παλαιοζεύγαρον,το;0.53;0;0
37006;Πάου,η;0.53;0;0
49083;Παπαθανάτικα,τα;0.53;0;0
81150;Παραλία Θερμής,η;0.53;0;0
35300;Παραλία Ραχών,η;0.53;0;0
24022;Πεδινόν,το;0.53;0;0
72400;Περονίδες,αι;0.53;0;0
35300;Πεταράδες,οι;0.53;0;0
34500;Πετριαί,αι;0.53;0;0
34017;Πετριαί,αι;0.53;0;0
33056;Πευκάκιον,το;0.53;0;0
49083;Πλαγιά,η;0.53;0;0
81200;Πλαγιά,η;0.53;0;0
23150;Πλατάνα,η;0.53;0;0
24022;Πλάτανος,ο;0.53;0;0
24023;Πλάτανος,ο;0.53;0;0
83300;Πλουμάριον,το;0.53;0;0
81300;Πολιχνίτος,ο;0.53;0;0
31100;Πόρος,ο;0.53;0;0
34500;Πράσινον,το;0.53;0;0
72150;Πρίνα,η;0.53;0;0
37300;Προφήτης Ηλίας,ο;0.53;0;0
37010;Προφήτης Ηλίας,ο;0.53;0;0
30009;Ρίβιον,το;0.53;0;0
19001;Ριμπάρι,το;0.53;0;0
48200;Ρωμιά,η;0.53;0;0
25100;Σαρκουνάς,ο;0.53;0;0
25009;Σαρκουνάς,ο;0.53;0;0
81401;Σκανδάλιον,το;0.53;0;0
34300;Σκεπαστή,η;0.53;0;0
25015;Σκούρας,ο;0.53;0;0
48061;Στεφάνη,η;0.53;0;0
70300;Στίρονας,ο;0.53;0;0
30150;Στράτος,ο;0.53;0;0
84500;Συνέτιον,το;0.53;0;0
33058;Τολοφών,η;0.53;0;0
22008;Τρανή Λάκκα,η;0.53;0;0
73500;Τσακίστρα,η;0.53;0;0
49100;Τσίκα,η;0.53;0;0
84200;Φαλατάδος,ο;0.53;0;0
19001;Φάνωσι,το;0.53;0;0
49083;Φέλεκας,ο;0.53;0;0
48200;Φιλιππιάς,η;0.53;0;0
34004;Φούρνοι,οι;0.53;0;0
30400;Φραγκουλαίικα,τα;0.53;0;0
15200;Χαλάνδριον,το;0.53;0;0
15201;Χαλάνδριον,το;0.53;0;0
15210;Χαλάνδριον,το;0.53;0;0
15231;Χαλάνδριον,το;0.53;0;0
15232;Χαλάνδριον,το;0.53;0;0
15233;Χαλάνδριον,το;0.53;0;0
15234;Χαλάνδριον,το;0.53;0;0
15238;Χαλάνδριον,το;0.53;0;0
15255;Χαλάνδριον,το;0.53;0;0
49084;Χαλιδιάτα,τα;0.53;0;0
46200;Χόικα,η;0.53;0;0
46031;Χόικα,η;0.53;0;0
37006;Χόρτον,το;0.53;0;0
73004;Χρυσοπηγή,η;0.53;0;0
49100;Χωριό,το;0.53;0;0
24011;Αγαλιανή,η;0.52;0;0
24021;Αγαλιανή,η;0.52;0;0
48060;Αγία Κυριακή,η;0.52;0;0
35009;Αγία Τριάς,η;0.52;0;0
29092;Άγιοι Πάντες,οι;0.52;0;0
22007;Αγιονέριον,το;0.52;0;0
22028;Αγιονέριον,το;0.52;0;0
37006;Άγιος Γεώργιος,ο (Τοπική Κοινότητα Προμυρίου);0.52;0;0
82150;Άγιος Δημήτριος,ο;0.52;0;0
35006;Άγιος Κωνσταντίνος,ο;0.52;0;0
72400;Άγιος Κωνσταντίνος,ο;0.52;0;0
23070;Άγιος Νικόλαος,ο;0.52;0;0
30100;Αγρίνιον,το;0.52;0;0
30110;Αγρίνιον,το;0.52;0;0
30131;Αγρίνιον,το;0.52;0;0
30132;Αγρίνιον,το;0.52;0;0
30133;Αγρίνιον,το;0.52;0;0
34300;Αιδηψός,η;0.52;0;0
74053;Ακούμια,τα;0.52;0;0
30150;Ακροπόταμος,ο;0.52;0;0
34013;Αλέξης,ο;0.52;0;0
30500;Αμφιλοχία,η;0.52;0;0
49083;Ανάληψις,η;0.52;0;0
27055;Ανεμοχωράκι,το;0.52;0;0
24009;Άνω Άμφεια,η;0.52;0;0
70004;Άνω Βιάννος,η;0.52;0;0
29090;Άνω Βολίμαι,αι;0.52;0;0
29091;Άνω Βολίμαι,αι;0.52;0;0
49084;Άνω Παυλιάνα,η;0.52;0;0
25008;Άνω Σταροχώρι,το;0.52;0;0
23062;Αργιλιά,η;0.52;0;0
46100;Αργυρότοπος,ο;0.52;0;0
74053;Άρδακτος,ο;0.52;0;0
73007;Αρεβίτης,ο;0.52;0;0
70003;Αρκάδιον,το;0.52;0;0
25200;Άρλα,η;0.52;0;0
70004;Βαχός,ο;0.52;0;0
21250;Βελανιδιά,η;0.52;0;0
70003;Βλαχιανά,τα;0.52;0;0
24500;Βρύσαι,αι;0.52;0;0
47150;Βρυσούλες,οι;0.52;0;0
49083;Γαζάτικα,τα;0.52;0;0
70003;Γέργερη,η;0.52;0;0
70017;Γέργερη,η;0.52;0;0
46300;Γεροπλάτανος,ο;0.52;0;0
49150;Γιαννάδες,οι;0.52;0;0
30150;Γουριώτισσα,η;0.52;0;0
30015;Γραμματικού,η;0.52;0;0
33056;Γρηγορίτικα,τα;0.52;0;0
34006;Γυμνόν,το;0.52;0;0
27052;Δάφνη,η;0.52;0;0
27069;Δαφνιώτισσα,η;0.52;0;0
28084;Δεφαρανάτα,τα;0.52;0;0
28085;Δεφαρανάτα,τα;0.52;0;0
25100;Δημητρόπουλον,το;0.52;0;0
70003;Δούλιον,το;0.52;0;0
35300;Δροσιά,η;0.52;0;0
18020;Δρυόπη,η;0.52;0;0
23200;Ελαία,η;0.52;0;0
74061;Ελέναι,αι;0.52;0;0
85108;Έμπωνας,ο;0.52;0;0
84500;Επισκοπειόν,το;0.52;0;0
84502;Επισκοπειόν,το;0.52;0;0
49081;Ημερολιά,η;0.52;0;0
14100;Ηράκλειον,το;0.52;0;0
14101;Ηράκλειον,το;0.52;0;0
14110;Ηράκλειον,το;0.52;0;0
14121;Ηράκλειον,το;0.52;0;0
14122;Ηράκλειον,το;0.52;0;0
24022;Θαλάμαι,αι;0.52;0;0
24023;Θαλάμαι,αι;0.52;0;0
20200;Θαλερόν,το;0.52;0;0
73500;Θυμιά,η;0.52;0;0
20150;Ιερά Μονή Αγίας Τριάδος,η;0.52;0;0
37005;Ισιώματα,τα;0.52;0;0
73002;Κακόπετρος,ο;0.52;0;0
34001;Καλλιανός,ο;0.52;0;0
27055;Καλυβάκια,τα;0.52;0;0
25015;Κάλφας,ο;0.52;0;0
13400;Καματερόν,το;0.52;0;0
13401;Καματερόν,το;0.52;0;0
13410;Καματερόν,το;0.52;0;0
13451;Καματερόν,το;0.52;0;0
48200;Καμπή,η;0.52;0;0
81102;Καντρί,το;0.52;0;0
81400;Καστριά,τα (νησίς);0.52;0;0
82103;Κατάβασις,η;0.52;0;0
84501;Κατάκοιλος,η;0.52;0;0
73002;Κατζιανά,τα;0.52;0;0
30011;Κάτω Κεράσοβον,το;0.52;0;0
46100;Κάτω Κορίτιανη,η;0.52;0;0
72055;Κάτω Κρυά,τα;0.52;0;0
24008;Κάτω Μέλπεια,η;0.52;0;0
49084;Κάτω Παυλιάνα,η;0.52;0;0
81150;Κέδρον,το;0.52;0;0
81107;Κεράμιον,το;0.52;0;0
81107;Κεχράδα,η;0.52;0;0
81113;Κεχράδα,η;0.52;0;0
73400;Κιολιανά,τα;0.52;0;0
28084;Κοθρέας,ο;0.52;0;0
28085;Κοθρέας,ο;0.52;0;0
34003;Κοκκινοεκκλησιές,οι;0.52;0;0
23200;Κονάκια,τα;0.52;0;0
19001;Κουβαράς,ο;0.52;0;0
35300;Κουβέλα,η;0.52;0;0
34500;Κουτουμουλάς,ο;0.52;0;0
21052;Κουτρουμπέικα,τα;0.52;0;0
70004;Κρεββατάς,ο;0.52;0;0
34004;Κρύα Βρύση,η;0.52;0;0
23062;Κρυονέριον,το;0.52;0;0
27069;Κρυόνερον,το;0.52;0;0
35200;Κυπαρίσσιον,το;0.52;0;0
37005;Κυρά Παναγιά,η (νησίς);0.52;0;0
27061;Λεκάνη,η;0.52;0;0
49083;Λιαπάδες,οι;0.52;0;0
84200;Λιβάδα,η;0.52;0;0
74051;Λιβάδια,τα;0.52;0;0
73400;Λούχιον,το;0.52;0;0
73012;Λούχιον,το;0.52;0;0
81103;Λυγερή,η;0.52;0;0
81110;Λυγερή,η;0.52;0;0
73004;Μάζα,η;0.52;0;0
73009;Μάζα,η;0.52;0;0
49084;Μακράτα,τα;0.52;0;0
49083;Μανατάδες,οι;0.52;0;0
81106;Μάρμαρο,το;0.52;0;0
81111;Μάρμαρο,το;0.52;0;0
25200;Ματαράγκα,η;0.52;0;0
48100;Μεγαδένδρον,το;0.52;0;0
72200;Μέλισσαι,αι;0.52;0;0
82102;Μέσα Διδύμα,η;0.52;0;0
81102;Μέσα,τα;0.52;0;0
73002;Μεσαύλια,τα;0.52;0;0
72200;Μεσελέροι,οι;0.52;0;0
21052;Μετόχιον,το;0.52;0;0
24004;Μηλίτσα,η;0.52;0;0
24010;Μηλίτσα,η;0.52;0;0
37006;Μικρόν,το;0.52;0;0
72400;Μονή Αρετίου,η;0.52;0;0
70007;Μονή Καρδιωτίσσης,η;0.52;0;0
70005;Μονή Καρδιωτίσσης,η;0.52;0;0
83300;Μονοκάμπιον,το;0.52;0;0
27061;Μπαρακίτικα,τα;0.52;0;0
27062;Μπαρακίτικα,τα;0.52;0;0
84002;Μύλοι,οι;0.52;0;0
23200;Μυρσίνη,η;0.52;0;0
84200;Μυρσίνη,η;0.52;0;0
35009;Μώλος,ο;0.52;0;0
30150;Νέα Αβόρανη,η;0.52;0;0
34200;Νέα Σινασός,η;0.52;0;0
82103;Νενητούρια,τα;0.52;0;0
26500;Νέον Σούλιον,το;0.52;0;0
11525;Νέον Ψυχικόν,το;0.52;0;0
19001;Νέος Κουβαράς,ο;0.52;0;0
46200;Νεράιδα,η;0.52;0;0
49081;Ξανθάται,οι;0.52;0;0
83300;Ξύλινο,το;0.52;0;0
32009;Οινόη,η;0.52;0;0
83103;Παγώνδας,ο;0.52;0;0
21059;Παλαιοχώρι,το (Άγιος Νικόλαος);0.52;0;0
70003;Πανασός,ο;0.52;0;0
35300;Πανόραμα,το;0.52;0;0
30011;Παππαδάται,οι;0.52;0;0
30015;Παραδείσιον,το;0.52;0;0
35300;Παραλία Αχινού,η;0.52;0;0
34005;Παραλία Κοτσικιάς,η;0.52;0;0
34010;Παραλία Κοτσικιάς,η;0.52;0;0
83302;Πέρα Αρέθουσα,η;0.52;0;0
37005;Περιστέρα,η (νησίς);0.52;0;0
25200;Πέτας,ο;0.52;0;0
30002;Πέτρα,η;0.52;0;0
83302;Πετροπούλιον,το;0.52;0;0
72400;Πέτρος,ο;0.52;0;0
34001;Πηδουλαίικα,τα;0.52;0;0
73001;Πλατανές,ο;0.52;0;0
73002;Πλατανές,ο;0.52;0;0
37006;Πλατανιά,η;0.52;0;0
35300;Πλατανιάς,ο;0.52;0;0
37300;Πλατανίδια,τα;0.52;0;0
84200;Ποταμιά,η;0.52;0;0
49083;Πουλάδες,οι;0.52;0;0
34600;Πούρνος,ο;0.52;0;0
34018;Πούρνος,ο;0.52;0;0
70010;Πρινιάς,ο;0.52;0;0
49083;Πυργί,το;0.52;0;0
81150;Πυργίον,το;0.52;0;0
81150;Πύργοι Θερμής,οι;0.52;0;0
49083;Ράχη,η;0.52;0;0
46200;Ραχούλιον,το;0.52;0;0
27056;Ρεβελαίϊκα,τα;0.52;0;0
84501;Ρέματα,τα;0.52;0;0
27064;Ροζέικα,τα;0.52;0;0
22029;Σαπουνακαίικα,τα;0.52;0;0
25100;Σελινούς,ο;0.52;0;0
81150;Σκάλα Λουτρών,η;0.52;0;0
81150;Σκάλα Μιστεγνών,η;0.52;0;0
18020;Σκαπέτιον,το;0.52;0;0
35300;Σκασμάδα,η;0.52;0;0
25008;Σουβαλιωτέικα,τα;0.52;0;0
84200;Τζάδος,ο;0.52;0;0
30010;Τραγάνα,η;0.52;0;0
21052;Τραχειά,η;0.52;0;0
30150;Τριανταίικα,τα;0.52;0;0
30014;Τρίκορφον,το;0.52;0;0
27061;Τρυπητή,η;0.52;0;0
27062;Τρυπητή,η;0.52;0;0
24004;Υάμεια,η;0.52;0;0
35300;Φανός,ο;0.52;0;0
15237;Φιλοθέη,η;0.52;0;0
35300;Φούρνοι,οι;0.52;0;0
27055;Φρίξα,η;0.52;0;0
35300;Φτιλιά,η;0.52;0;0
81106;Χαλατσές,οι;0.52;0;0
34009;Χάνια,τα;0.52;0;0
37006;Χονδρή Άμμος,η;0.52;0;0
34200;Ψαροπούλι,το;0.52;0;0
24011;Αγιάννης,ο;0.51;0;0
47150;Άγιοι Ανάργυροι,οι;0.51;0;0
73004;Άγιοι Απόστολοι,οι;0.51;0;0
49081;Άγιοι Δούλοι,οι;0.51;0;0
24008;Άγιοι Θεόδωροι,οι;0.51;0;0
34300;Αγιόκαμπος,ο;0.51;0;0
37006;Άγιος Ανδρέας,ο;0.51;0;0
24011;Άγιος Γεώργιος,ο;0.51;0;0
30150;Άγιος Γεώργιος,ο;0.51;0;0
81150;Άγιος Γεώργιος,ο;0.51;0;0
24011;Άγιος Δημήτριος,ο;0.51;0;0
24003;Άγιος Δημήτριος,ο;0.51;0;0
27061;Άγιος Ηλίας,ο;0.51;0;0
27062;Άγιος Ηλίας,ο;0.51;0;0
30027;Άγιος Κωνσταντίνος,ο;0.51;0;0
34500;Άγιος Λουκάς,ο;0.51;0;0
37300;Άγιος Μηνάς,ο;0.51;0;0
35009;Άγιος Σεραφείμ,ο;0.51;0;0
83302;Ακαμάτρα,η;0.51;0;0
27069;Ακροποταμιά,η;0.51;0;0
35200;Ακτή,η;0.51;0;0
74053;Ακτούντα,τα;0.51;0;0
20008;Αλαμάννος,ο;0.51;0;0
24500;Αλιμάκιον,το;0.51;0;0
80100;Αλοϊζιάνικα,τα;0.51;0;0
80200;Αλοϊζιάνικα,τα;0.51;0;0
37005;Αλόννησος,η;0.51;0;0
81109;Αμπέλια,τα;0.51;0;0
24400;Αμπελόφυτον,το;0.51;0;0
24004;Ανατολική Μηλίτσα,η;0.51;0;0
24010;Ανατολική Μηλίτσα,η;0.51;0;0
29090;Αναφωνήτρια,η;0.51;0;0
29091;Αναφωνήτρια,η;0.51;0;0
73004;Αργαστήριον,το;0.51;0;0
73009;Αργαστήριον,το;0.51;0;0
47100;Άρτα,η;0.51;0;0
47101;Άρτα,η;0.51;0;0
47110;Άρτα,η;0.51;0;0
47131;Άρτα,η;0.51;0;0
47132;Άρτα,η;0.51;0;0
34200;Αρτεμίσιον,το;0.51;0;0
23200;Αρχοντικόν,το;0.51;0;0
49083;Ασπιωτάδες,οι;0.51;0;0
34009;Αυλωνάριον,το;0.51;0;0
34005;Αχλαδοπόταμο,το;0.51;0;0
81150;Αχλιά,η;0.51;0;0
20200;Βαλτσαίικα,τα;0.51;0;0
49081;Βασιλικά,τα;0.51;0;0
34300;Βασιλίνα,η;0.51;0;0
30006;Βασιλόπουλον,το;0.51;0;0
34500;Βέλος,το;0.51;0;0
47150;Βλαχέρνα,η;0.51;0;0
19005;Βρανάς,ο;0.51;0;0
84500;Βραχνός,ο;0.51;0;0
85700;Βωλάδα,η;0.51;0;0
21059;Γαλαναίικα,τα;0.51;0;0
21054;Γαλαναίικα,τα;0.51;0;0
49083;Γαρδελάδες,οι;0.51;0;0
47150;Γραμμενίτσα,η;0.51;0;0
84302;Δαμαριώνας,ο;0.51;0;0
49100;Δάφνη,η;0.51;0;0
80100;Δόκανα,τα;0.51;0;0
35300;Δρέπανο,το;0.51;0;0
49083;Δροσάτον,το;0.51;0;0
83302;Δρούτσουλας,ο;0.51;0;0
23062;Δρυμός,ο;0.51;0;0
84200;Δύο Χωρία,τα;0.51;0;0
22008;Δωδεκάμετρον,το;0.51;0;0
34013;Εκάλη,η;0.51;0;0
23062;Ελαιοχώριον,το;0.51;0;0
30150;Ελευθερία,η;0.51;0;0
82102;Έξω Διδύμα,η;0.51;0;0
33056;Ευπάλιον,το;0.51;0;0
13352;Ζεφύριον,το;0.51;0;0
13402;Ζεφύριον,το;0.51;0;0
13461;Ζεφύριον,το;0.51;0;0
13471;Ζεφύριον,το;0.51;0;0
24008;Ηλέκτρα,η;0.51;0;0
81300;Θερμοπηγές,οι;0.51;0;0
34001;Θύμιον,το;0.51;0;0
84002;Ιουλίδα,η;0.51;0;0
73004;Καβαλλαριανά,τα;0.51;0;0
72200;Καημένος,ο;0.51;0;0
72056;Καημένος,ο;0.51;0;0
35009;Καινούργιον,το;0.51;0;0
70004;Καλάμιον,το;0.51;0;0
27054;Καλίδονα,η;0.51;0;0
20300;Καλλιθέα,η;0.51;0;0
19009;Καλλιτεχνούπολις,η;0.51;0;0
70003;Καλός,ο;0.51;0;0
70011;Καλός,ο;0.51;0;0
37002;Καλύβια,τα;0.51;0;0
49083;Καμένα Αλώνια,τα;0.51;0;0
28086;Καμπιτσάτα,τα;0.51;0;0
28082;Καμπιτσάτα,τα;0.51;0;0
49150;Κανακάδες,οι;0.51;0;0
84500;Καππαριά,η;0.51;0;0
84502;Καππαριά,η;0.51;0;0
28100;Καρδακάτα,τα;0.51;0;0
84200;Καρυά,η;0.51;0;0
49084;Καστελλάνοι,οι;0.51;0;0
22008;Καστράκιον,το;0.51;0;0
37006;Καστρί,το;0.51;0;0
24002;Κάστρον,το;0.51;0;0
83300;Καταφύγιον,το;0.51;0;0
30015;Κάτω Μακρινού,η;0.51;0;0
84302;Κεραμί,το;0.51;0;0
25200;Κεφαλαίικα,τα;0.51;0;0
34200;Κεφαλές,οι;0.51;0;0
26500;Κεφαλόβρυσον,το (Δημοτική Κοινότητα Σαραβαλίου);0.51;0;0
37100;Κίκινθος,ο (νησίς);0.51;0;0
34300;Κοκκινιάς,ο;0.51;0;0
24011;Κόκλας,ο;0.51;0;0
37006;Κότται,αι;0.51;0;0
37009;Κότται,αι;0.51;0;0
37006;Κουκουλαίικα,τα;0.51;0;0
84200;Κουμάρος,ο;0.51;0;0
49084;Κουραμάδες,οι;0.51;0;0
34500;Κριεζά,τα;0.51;0;0
34017;Κριεζά,τα;0.51;0;0
48062;Κυψέλη,η;0.51;0;0
24008;Κωνσταντίνοι,οι;0.51;0;0
23051;Λάγιον,το;0.51;0;0
23057;Λάγιον,το;0.51;0;0
25006;Λαμπινός,ο;0.51;0;0
23150;Λευκόχωμα,το;0.51;0;0
23054;Λευκόχωμα,το;0.51;0;0
22300;Λεωνίδιον,το;0.51;0;0
35200;Λιβανάται,αι;0.51;0;0
35007;Λιβανάται,αι;0.51;0;0
48061;Λούρος,ο;0.51;0;0
26500;Λυγιαί,αι;0.51;0;0
30011;Λωλέικα,τα;0.51;0;0
28081;Μακριώτικα,τα;0.51;0;0
72400;Μακρυγέννησα,η;0.51;0;0
37006;Μαραθιάς,ο;0.51;0;0
71500;Μάραθος,ο;0.51;0;0
49150;Μάρμαρον,το;0.51;0;0
83300;Μαυρικάτον,το;0.51;0;0
34001;Μεκουνίδα,η;0.51;0;0
74053;Μέλαμπες,αι;0.51;0;0
20009;Μεντουργιάνικα,τα;0.51;0;0
74061;Μέρωνας,ο;0.51;0;0
34003;Μεσονήσι,το;0.51;0;0
34006;Μεταμόρφωσις,η;0.51;0;0
35005;Μικρόβιβος,ο;0.51;0;0
34003;Μισόκαμπος,ο;0.51;0;0
70010;Μονή Αγίου Γεωργίου Επανωσήφη,η;0.51;0;0
82150;Μονή Αγίου Στεφάνου,η;0.51;0;0
82104;Μονή Κοιμήσεως Θεοτόκου,η;0.51;0;0
83103;Μονή Μεγάλης Παναγίας,η;0.51;0;0
70010;Μουρνιά,η;0.51;0;0
81103;Μπαλίνη,η;0.51;0;0
49083;Μπαρμπάτι,το;0.51;0;0
34001;Μύλοι,οι;0.51;0;0
21059;Νέα Επίδαυρος,η;0.51;0;0
21054;Νέα Επίδαυρος,η;0.51;0;0
48061;Νέος Ωρωπός,ο;0.51;0;0
47150;Νεοχωράκιον,το;0.51;0;0
25100;Νεραντζιαί,αι;0.51;0;0
70013;Νίση,η;0.51;0;0
72400;Ξερά Ξύλα,τα;0.51;0;0
34009;Όριον,το;0.51;0;0
30150;Όχθια,τα;0.51;0;0
18030;Παλαιά Λουτρά,τα;0.51;0;0
30015;Παλαιοχώριον,το;0.51;0;0
81150;Πάμφιλα,τα;0.51;0;0
24005;Πανιπέριον,το;0.51;0;0
82300;Παντουκιός,ο;0.51;0;0
72300;Παππαγιαννάδες,οι;0.51;0;0
72059;Παππαγιαννάδες,οι;0.51;0;0
30010;Παραβόλα,η;0.51;0;0
34600;Παραλία Μετοχίου,η;0.51;0;0
34014;Παραλία Μετοχίου,η;0.51;0;0
23200;Παρασυρός,ο;0.51;0;0
70010;Παρθένιον,το;0.51;0;0
30200;Πασπαλιαρέικα,τα;0.51;0;0
28086;Πάστρα,η;0.51;0;0
28082;Πάστρα,η;0.51;0;0
81103;Πεδινόν,το;0.51;0;0
81106;Πέραμα,το;0.51;0;0
81111;Πέραμα,το;0.51;0;0
20300;Περαχώρα,η;0.51;0;0
46100;Πέρδικα,η;0.51;0;0
34009;Περιβόλια,τα;0.51;0;0
30014;Περιθώριον,το;0.51;0;0
37005;Πιπέριον,το (νησίς);0.51;0;0
34600;Πισσώνας,ο;0.51;0;0
34018;Πισσώνας,ο;0.51;0;0
34003;Πλατάνα,η;0.51;0;0
81150;Πλιγόνιον,το;0.51;0;0
30500;Προφήτης Ηλίας,ο;0.51;0;0
70013;Πυργού,η;0.51;0;0
70003;Ράπτης,ο;0.51;0;0
30001;Ρίγανη,η;0.51;0;0
72300;Ρίζα,η;0.51;0;0
34013;Ριζοβούνιον,το;0.51;0;0
34300;Ροδοδάφνη,η;0.51;0;0
26500;Ρωμανός,ο;0.51;0;0
73400;Σηρικάριον,το;0.51;0;0
73010;Σηρικάριον,το;0.51;0;0
49084;Σιναράδες,οι;0.51;0;0
81107;Σκάλα Καλλονής,η;0.51;0;0
81150;Σκάλα Νέων Κυδωνιών,η;0.51;0;0
47150;Σκαμνιά,η;0.51;0;0
30012;Σκλάβαινα,τα;0.51;0;0
23150;Σκούρα,η;0.51;0;0
32001;Σκροπονέρια,τα;0.51;0;0
46300;Σμέρτος,ο;0.51;0;0
19004;Σπάτα,τα;0.51;0;0
73500;Σπηλιάρια,τα;0.51;0;0
34009;Συκέαι,αι;0.51;0;0
23062;Σωτήρας,ο;0.51;0;0
84200;Ταραμπάδος,ο;0.51;0;0
70006;Τοίχος,ο;0.51;0;0
81150;Τούμπες,οι;0.51;0;0
24011;Τρουπακέικα,τα;0.51;0;0
25006;Φούρνοι,οι;0.51;0;0
46100;Φράγμα Καλαμά,το;0.51;0;0
48200;Χανόπουλον,το;0.51;0;0
72400;Χονδροβολάκοι,οι;0.51;0;0
19004;Χριστούπολις,η;0.51;0;0
24004;Χρυσοκελλαριά,η;0.51;0;0
34013;Χωνί,το;0.51;0;0
27052;Ψευτέικα,τα;0.51;0;0
23062;Αβραμιάνικα,τα;0.50;0;0
24005;Αγία Σωτήρα,η;0.50;0;0
30015;Άγιος Ανδρέας,ο;0.50;0;0
46300;Άγιος Αρσένιος,ο;0.50;0;0
30014;Άγιος Γεώργιος,ο;0.50;0;0
34300;Άγιος Γεώργιος,ο;0.50;0;0
47150;Άγιος Δημήτριος,ο;0.50;0;0
49084;Άγιος Ματθαίος,ο;0.50;0;0
70013;Άγιος Μύρων,ο;0.50;0;0
49081;Άγιος Παντελεήμων,ο;0.50;0;0
24011;Άγιος Πέτρος,ο;0.50;0;0
37005;Άγιος Πέτρος,ο;0.50;0;0
25006;Ακράτα,η;0.50;0;0
70300;Αλάγνιον,το;0.50;0;0
37006;Αλατάς,ο (νησίς);0.50;0;0
37009;Αλατάς,ο (νησίς);0.50;0;0
74051;Αξός,η;0.50;0;0
74061;Άρδακτος,ο;0.50;0;0
74059;Άρδακτος,ο;0.50;0;0
21052;Αρκαδικόν,το;0.50;0;0
30200;Αρχαία Αλίκαρνα,η;0.50;0;0
80100;Αρωνιάδικα,τα;0.50;0;0
80200;Αρωνιάδικα,τα;0.50;0;0
46300;Ασπροκκλήσιον,το;0.50;0;0
81300;Αχλαδερή,η;0.50;0;0
73001;Αχλαδιάκες,οι;0.50;0;0
34015;Βαθύρεμα,το;0.50;0;0
49084;Βαρυπατάδες,οι;0.50;0;0
49150;Βασιλικά,τα;0.50;0;0
49150;Βάτος,ο;0.50;0;0
31100;Βλυχόν,το;0.50;0;0
84400;Βουνιά,τα (Δ.Κ.Πάρου);0.50;0;0
30015;Γαβαλού,η;0.50;0;0
20400;Γεωργανταίικα,τα;0.50;0;0
30400;Γιατσαίικα,τα;0.50;0;0
84501;Γίδες,οι;0.50;0;0
82300;Γιόσωνας,ο;0.50;0;0
25200;Γκανέικα,τα;0.50;0;0
46200;Γλυκή,η;0.50;0;0
46031;Γλυκή,η;0.50;0;0
47150;Γλυκόρριζον,το;0.50;0;0
73004;Γρηγοριανά,τα (Τοπική Κοινότητα Σαρακήνας);0.50;0;0
47150;Δοκίμια,τα;0.50;0;0
80100;Δρυμωνάριον,το;0.50;0;0
24011;Δώριον,το;0.50;0;0
82102;Ελάτα,η;0.50;0;0
29090;Έξω Χώρα,η;0.50;0;0
29091;Έξω Χώρα,η;0.50;0;0
73004;Επανωχώριον,το;0.50;0;0
73009;Επανωχώριον,το;0.50;0;0
31082;Εύγηρος,η;0.50;0;0
25003;Ζαχλωρίτικα,τα;0.50;0;0
82150;Ζυφιάς,ο;0.50;0;0
34300;Ήλια,τα;0.50;0;0
22007;Ιαματικαί Πηγαί,αι;0.50;0;0
22028;Ιαματικαί Πηγαί,αι;0.50;0;0
24004;Κακόρρευμα,το;0.50;0;0
24010;Κακόρρευμα,το;0.50;0;0
37005;Καλαμάκια,τα;0.50;0;0
49083;Καλάμι,το;0.50;0;0
47150;Καλαμιά,η;0.50;0;0
49084;Καλαφατιώνες,οι;0.50;0;0
30150;Καλύβια,τα;0.50;0;0
74051;Κάλυβος,η;0.50;0;0
25100;Καμάραι,αι;0.50;0;0
25009;Καμάραι,αι;0.50;0;0
24011;Καμάριον,το;0.50;0;0
24003;Καμάριον,το;0.50;0;0
27065;Κάμενα,η;0.50;0;0
73005;Καρές,αι;0.50;0;0
74053;Καρίναι,αι;0.50;0;0
47040;Καστριώτισσα,η;0.50;0;0
31100;Κατούνα,η;0.50;0;0
24011;Κάτω Αμφιθέα,η;0.50;0;0
22001;Κάτω Δολιανά,τα;0.50;0;0
24011;Κάτω Μάλθη,η;0.50;0;0
30300;Κάτω Μαμουλάδα,η;0.50;0;0
84002;Κάτω Μεριά,η;0.50;0;0
70003;Κάτω Μούλια,τα;0.50;0;0
48100;Κάτω Μυρσίνη,η;0.50;0;0
25008;Κάτω Πλατανόβρυση,η;0.50;0;0
25008;Κάτω Σταροχώρι,το;0.50;0;0
30015;Καψοράχη,η;0.50;0;0
34015;Κελλιά,τα;0.50;0;0
74053;Κισσός,ο;0.50;0;0
48062;Κλεισούρα,η;0.50;0;0
82102;Κοινή,η;0.50;0;0
28084;Κοκολάτα,τα;0.50;0;0
28085;Κοκολάτα,τα;0.50;0;0
83200;Κονταίικα,τα;0.50;0;0
24011;Κοπανάκι,το;0.50;0;0
24003;Κοπανάκι,το;0.50;0;0
28086;Κρεμμύδιον,το;0.50;0;0
28082;Κρεμμύδιον,το;0.50;0;0
25015;Κριθαράκια,τα;0.50;0;0
46300;Κυπάρισσον,το;0.50;0;0
23200;Λαγκάδα,η;0.50;0;0
84400;Λαγκάδα,η;0.50;0;0
29092;Λαγώποδον,το;0.50;0;0
70003;Λαράνιον,το;0.50;0;0
34500;Λέπουρα,τα;0.50;0;0
22008;Λιβαδάκιον,το;0.50;0;0
24400;Λιβάρτζι,το;0.50;0;0
47150;Λιμίνη,η;0.50;0;0
73400;Λίμνη,η;0.50;0;0
73012;Λίμνη,η;0.50;0;0
35200;Λογγός,ο;0.50;0;0
28081;Λουκάτα,τα;0.50;0;0
30300;Λυγιάς,ο;0.50;0;0
49081;Μαγάρικα,τα;0.50;0;0
70006;Μαθιά,η;0.50;0;0
70400;Μάκραι,αι;0.50;0;0
70002;Μάκραι,αι;0.50;0;0
24008;Μάνδρα,η;0.50;0;0
30001;Μάνινα Βλιζιανών,η;0.50;0;0
34300;Μαούνης,ο;0.50;0;0
47150;Μαραθοβούνι,το;0.50;0;0
83200;Μαργαρίτες,οι;0.50;0;0
19015;Μαρκόπουλον,το;0.50;0;0
30150;Μεγάλη Χώρα,η;0.50;0;0
49083;Μεσαριά,η;0.50;0;0
28084;Μεσοβούνια,τα;0.50;0;0
28085;Μεσοβούνια,τα;0.50;0;0
81109;Μιραδέλλια,τα;0.50;0;0
73002;Μιχαλιανά,τα;0.50;0;0
82102;Μονή Αγίας Ματρώνης Χαλάνδρων,η;0.50;0;0
30012;Μονή Αγίου Δημητρίου,η;0.50;0;0
34005;Μονή Αγίου Νικολάου Γαλατάκη,η;0.50;0;0
47150;Μονή Γεννήσεως Θεοτόκου ή Κάτω Παναγίας,η;0.50;0;0
82150;Μονή Παναγίας Κοιμήσεως Πλακιδιωτίσσης,η;0.50;0;0
18040;Μονή Προφήτου Ηλιού,η;0.50;0;0
27061;Μπαλαίϊκα,τα;0.50;0;0
27062;Μπαλαίϊκα,τα;0.50;0;0
22008;Μπερτσιά,η;0.50;0;0
24500;Μπλεμενιάνοι,οι;0.50;0;0
27052;Μπόρσιον,το;0.50;0;0
19001;Μύλος,ο;0.50;0;0
24001;Μυρσινοχώριον,το;0.50;0;0
24600;Μυρσινοχώριον,το;0.50;0;0
34009;Μυρτέα,η;0.50;0;0
19012;Μύτικας,ο;0.50;0;0
14200;Νέα Ιωνία,η;0.50;0;0
14201;Νέα Ιωνία,η;0.50;0;0
14202;Νέα Ιωνία,η;0.50;0;0
14203;Νέα Ιωνία,η;0.50;0;0
14210;Νέα Ιωνία,η;0.50;0;0
14231;Νέα Ιωνία,η;0.50;0;0
14232;Νέα Ιωνία,η;0.50;0;0
14233;Νέα Ιωνία,η;0.50;0;0
14234;Νέα Ιωνία,η;0.50;0;0
14235;Νέα Ιωνία,η;0.50;0;0
48200;Νέα Κερασούς,η;0.50;0;0
19015;Νέον Λιβύσσιον,το;0.50;0;0
85700;Όθος,το;0.50;0;0
27069;Οινόη,η;0.50;0;0
23062;Ολυμπιαί,αι;0.50;0;0
23071;Ολυμπιαί,αι;0.50;0;0
84500;Παλαιόκαστρον,το;0.50;0;0
84502;Παλαιόκαστρον,το;0.50;0;0
30002;Παλιά Πλαγιά,η;0.50;0;0
35200;Παλίρροια,η;0.50;0;0
33058;Πάνορμος,η;0.50;0;0
34003;Παραλία Κύμης,η;0.50;0;0
34003;Παραλία,η;0.50;0;0
82103;Παρπαριά,η;0.50;0;0
84002;Πέρα Μεριά,η;0.50;0;0
49081;Περούλιον,το;0.50;0;0
22029;Πέτρα,η;0.50;0;0
48200;Πέτρα,η;0.50;0;0
13200;Πετρούπολις,η;0.50;0;0
13201;Πετρούπολις,η;0.50;0;0
13210;Πετρούπολις,η;0.50;0;0
13231;Πετρούπολις,η;0.50;0;0
13232;Πετρούπολις,η;0.50;0;0
25200;Πετροχώριον,το;0.50;0;0
34200;Πευκίον,το;0.50;0;0
74061;Πλάτανος,ο;0.50;0;0
74059;Πλάτανος,ο;0.50;0;0
24300;Πλάτη,η;0.50;0;0
34013;Πόθιον,το;0.50;0;0
23062;Πολεμίτας,ο;0.50;0;0
23063;Πολεμίτας,ο;0.50;0;0
34015;Πολυπόταμος,ο;0.50;0;0
22029;Πραγματευτής,ο;0.50;0;0
73004;Πρινές,ο;0.50;0;0
73009;Πρινές,ο;0.50;0;0
34500;Πρινιάς,ο;0.50;0;0
34009;Πυργίον,το;0.50;0;0
81106;Πύργοι,οι;0.50;0;0
81111;Πύργοι,οι;0.50;0;0
34015;Ραπταίοι,οι;0.50;0;0
47150;Ρόκκα,η;0.50;0;0
70003;Ρουκάνιον,το;0.50;0;0
70011;Ρουκάνιον,το;0.50;0;0
30500;Σαρδίνια,τα;0.50;0;0
83200;Σεβασταίικα,τα;0.50;0;0
83102;Σεβασταίικα,τα;0.50;0;0
73004;Σέλλια,τα;0.50;0;0
20200;Σικυών,η;0.50;0;0
27069;Σιμόπουλον,το;0.50;0;0
81300;Σκάλα,η;0.50;0;0
35009;Σκάρφεια,η;0.50;0;0
46100;Σκορπιώνα,η;0.50;0;0
20008;Σπαθοβούνιον,το;0.50;0;0
37005;Στενή Βάλα,η;0.50;0;0
70004;Συκολόγος,ο;0.50;0;0
21250;Σύνορο,το;0.50;0;0
32006;Ταρσός,ο;0.50;0;0
49150;Τεμπλόνιον,το;0.50;0;0
48060;Τζάρα,η;0.50;0;0
28100;Τρωιανάτα,τα;0.50;0;0
81104;Τσόνια,τα;0.50;0;0
84500;Υψηλά,τα;0.50;0;0
49083;Ύψος,ο;0.50;0;0
83302;Φοίνικας,ο;0.50;0;0
72400;Φουρνή,η;0.50;0;0
72058;Φουρνή,η;0.50;0;0
84302;Χαλκείον,το;0.50;0;0
47150;Χαλκιάδες,οι;0.50;0;0
47042;Χαλκιάδες,οι;0.50;0;0
27064;Χειμαδιόν,το;0.50;0;0
34003;Χηλή,η;0.50;0;0
73001;Χονδρός,ο;0.50;0;0
70100;Χουδέτσιον,το;0.50;0;0
72055;Χρυσοπηγή,η;0.50;0;0
83300;Χρυσόστομος,ο;0.50;0;0
73005;Χωστή,η;0.50;0;0
23200;Ψαθάκια,τα;0.50;0;0
34200;Ωρεοί,οι;0.50;0;0
34012;Ωρεοί,οι;0.50;0;0
29090;Αγία Θέκλη,η;0.49;0;0
29091;Αγία Θέκλη,η;0.49;0;0
37006;Αγία Κυριακή,η;0.49;0;0
37009;Αγία Κυριακή,η;0.49;0;0
27052;Αγία Μαρίνα,η;0.49;0;0
70004;Αγία Μονή,η;0.49;0;0
24004;Άγιοι Ανάργυροι,οι;0.49;0;0
27150;Άγιοι Απόστολοι,οι;0.49;0;0
81500;Άγιοι Απόστολοι,οι (νησίς);0.49;0;0
70004;Άγιος Βασίλειος,ο;0.49;0;0
49080;Άγιος Δημήτριος,ο;0.49;0;0
83301;Άγιος Δημήτριος,ο;0.49;0;0
81500;Άγιος Ευστράτιος,ο;0.49;0;0
30150;Άγιος Ιωάννης Ρηγανάς,ο;0.49;0;0
72400;Άγιος Ιωάννης,ο;0.49;0;0
25200;Άγιος Κωνσταντίνος,ο;0.49;0;0
34200;Άγιος Νικόλαος,ο;0.49;0;0
49150;Άγιος Ονούφριος,ο;0.49;0;0
49084;Άγιος Προκόπιος,ο;0.49;0;0
35009;Άγιος Στέφανος,ο;0.49;0;0
49081;Άγιος Στέφανος,ο (Τοπική Κοινότητα Επισκέψεως);0.49;0;0
73400;Αερινός,ο;0.49;0;0
73012;Αερινός,ο;0.49;0;0
21250;Αεροδρόμιο,το;0.49;0;0
84500;Αηδόνια,τα;0.49;0;0
84502;Αηδόνια,τα;0.49;0;0
48062;Αηδόνιον,το;0.49;0;0
70006;Αμαριανόν,το;0.49;0;0
27150;Αμπελών,ο;0.49;0;0
47150;Αμφιθέα,η;0.49;0;0
81109;Άναξος Σκουτάρου,ο;0.49;0;0
24200;Ανδρούσα,η;0.49;0;0
24013;Ανδρούσα,η;0.49;0;0
47150;Άνω Άγιοι Ανάργυροι,οι;0.49;0;0
23052;Απιδέα,η;0.49;0;0
23060;Απιδέα,η;0.49;0;0
81105;Αποθήκαι,αι;0.49;0;0
35200;Αρκίτσα,η;0.49;0;0
84200;Αρνάδος,ο;0.49;0;0
81103;Αρχαία Άντισσα,η;0.49;0;0
34200;Ασμήνιον,το;0.49;0;0
81104;Άσπρη Πλακούδα,η (νησίς);0.49;0;0
73001;Ασφενδιλές,ο;0.49;0;0
81106;Αύλωνας,ο;0.49;0;0
73007;Αχατζηκιά,η;0.49;0;0
70100;Βαθύπετρο,το;0.49;0;0
30150;Βελούχι,το;0.49;0;0
82300;Βλυχάδα,η;0.49;0;0
29090;Βολίμαι,αι;0.49;0;0
29091;Βολίμαι,αι;0.49;0;0
46100;Βρύση,η;0.49;0;0
49081;Γαβράδες,οι;0.49;0;0
49084;Γαστούρι,το;0.49;0;0
37005;Γέρακας,ο;0.49;0;0
70006;Γεράκιον,το;0.49;0;0
83103;Γιώνιδες,οι;0.49;0;0
81300;Γλάρος,ο;0.49;0;0
24011;Γλυκορρίζιον,το;0.49;0;0
24003;Γλυκορρίζιον,το;0.49;0;0
27055;Γρύλλος,ο;0.49;0;0
19001;Δημολάκι,το;0.49;0;0
28081;Διβαράτα,τα;0.49;0;0
30150;Δοκίμιον,το;0.49;0;0
70400;Δρόσοι,οι;0.49;0;0
70012;Δρόσοι,οι;0.49;0;0
30002;Δρυμός,ο;0.49;0;0
46100;Εθνική Αντίσταση,η;0.49;0;0
34015;Ελαιοχώριον,το;0.49;0;0
47150;Ελεούσα,η;0.49;0;0
72300;Επάνω Περιβολάκια,τα;0.49;0;0
49084;Εσταυρωμένος,ο;0.49;0;0
34001;Ευαγγελισμός,ο;0.49;0;0
81108;Ευθαλού,η;0.49;0;0
84500;Ζαγανιάρης,ο;0.49;0;0
83103;Ζερβού,η;0.49;0;0
15700;Ζωγράφος,ο;0.49;0;0
15701;Ζωγράφος,ο;0.49;0;0
15702;Ζωγράφος,ο;0.49;0;0
15703;Ζωγράφος,ο;0.49;0;0
15704;Ζωγράφος,ο;0.49;0;0
15710;Ζωγράφος,ο;0.49;0;0
15771;Ζωγράφος,ο;0.49;0;0
15772;Ζωγράφος,ο;0.49;0;0
15773;Ζωγράφος,ο;0.49;0;0
15780;Ζωγράφος,ο;0.49;0;0
15781;Ζωγράφος,ο;0.49;0;0
15782;Ζωγράφος,ο;0.49;0;0
15783;Ζωγράφος,ο;0.49;0;0
15784;Ζωγράφος,ο;0.49;0;0
15785;Ζωγράφος,ο;0.49;0;0
15786;Ζωγράφος,ο;0.49;0;0
70400;Ιερά Μονή Αγίου Νικολάου,η;0.49;0;0
49081;Καβαλλούριον,το;0.49;0;0
22007;Κακουραίικα,τα;0.49;0;0
22028;Κακουραίικα,τα;0.49;0;0
31100;Καλαβρός,ο;0.49;0;0
27069;Καλαθάς,ο;0.49;0;0
34001;Καλέργον,το;0.49;0;0
82150;Καλλιμασιά,η;0.49;0;0
72400;Καλός Λάκκος,ο;0.49;0;0
34150;Καλοχώρι - Παντείχι,το;0.49;0;0
35200;Καλυψώ,η;0.49;0;0
28200;Καμιναράτα,τα;0.49;0;0
35008;Καμμένα Βούρλα,τα;0.49;0;0
84200;Κάμπος,ο;0.49;0;0
22008;Καπελλίτσα,η;0.49;0;0
19441;Καρελλάς,ο;0.49;0;0
20400;Καριώτικα,τα (Τ.Κ.Καμαρίου);0.49;0;0
20013;Καριώτικα,τα (Τ.Κ.Καμαρίου);0.49;0;0
70006;Κασταμονίτσα,η;0.49;0;0
70010;Καστέλλιον,το;0.49;0;0
70012;Καστέλλιον,το;0.49;0;0
80100;Καστρισιάνικα,τα;0.49;0;0
80200;Καστρισιάνικα,τα;0.49;0;0
37002;Κατσαρός,ο;0.49;0;0
49083;Κάτω Άγιος Μάρκος,ο;0.49;0;0
70004;Κάτω Βιάννος,η;0.49;0;0
49083;Κέντρωμα,το;0.49;0;0
70003;Κεράσια,τα;0.49;0;0
70011;Κεράσια,τα;0.49;0;0
46100;Κεστρίνη,η;0.49;0;0
47150;Κιρκιζάται,οι;0.49;0;0
27065;Κλάδεος,ο;0.49;0;0
37003;Κλήμα,το;0.49;0;0
37004;Κλήμα,το;0.49;0;0
25008;Κοίμησις,η;0.49;0;0
49150;Κοκκινόγεια,τα;0.49;0;0
31082;Κοντάραινα,η;0.49;0;0
34009;Κορασίδα,η;0.49;0;0
19400;Κορωπίον,το;0.49;0;0
19401;Κορωπίον,το;0.49;0;0
19410;Κορωπίον,το;0.49;0;0
19441;Κορωπίον,το;0.49;0;0
49150;Κουραμαδίτικα,τα;0.49;0;0
49150;Κουρκουλαίικα,τα;0.49;0;0
34004;Κυμάσι,το;0.49;0;0
49150;Κυρά Χρυσικού,η;0.49;0;0
27069;Λαγανάς,ο;0.49;0;0
82300;Λαγκάδα,η;0.49;0;0
73005;Λάκκοι,οι;0.49;0;0
34500;Λάτας,ο;0.49;0;0
30001;Λεσίνιον,το;0.49;0;0
34005;Λίμνη,η;0.49;0;0
22007;Λιοδώρα,η;0.49;0;0
22028;Λιοδώρα,η;0.49;0;0
27065;Λούβρον,το;0.49;0;0
30400;Λυσιμάχεια,η;0.49;0;0
33056;Μαγούλα,η;0.49;0;0
19600;Μάνδρα,η;0.49;0;0
19601;Μάνδρα,η;0.49;0;0
19001;Μανούτσο,το;0.49;0;0
30008;Μαραθιάς,ο;0.49;0;0
23062;Μάραθος,ο;0.49;0;0
23071;Μάραθος,ο;0.49;0;0
19007;Μαραθών,ο;0.49;0;0
19001;Μαρκάτι,το;0.49;0;0
23200;Μαρούλια,τα;0.49;0;0
74055;Μαρουλού,η;0.49;0;0
73007;Μελιδόνιον,το;0.49;0;0
73008;Μελιδόνιον,το;0.49;0;0
23062;Μέσα Χώρα,η;0.49;0;0
70004;Μέση,η;0.49;0;0
35001;Μεταλλεία,τα;0.49;0;0
35012;Μεταλλεία,τα;0.49;0;0
22001;Μεταμόρφωση,η;0.49;0;0
34001;Μετόχιον,το;0.49;0;0
19001;Μητροπήσι,το;0.49;0;0
18040;Μονή Αγίας Ευπραξίας,η;0.49;0;0
19100;Μονή Αγίου Ιωάννου Προδρόμου,η;0.49;0;0
19001;Μονή Μεταμορφώσεως Σωτήρος,η;0.49;0;0
82150;Μονή Μυρσινιδίου,η;0.49;0;0
82200;Μονή Μυρσινιδίου,η;0.49;0;0
48062;Μουζακαίικα,τα;0.49;0;0
29092;Μουζάκιον,το;0.49;0;0
27055;Μπάμπες,οι;0.49;0;0
30400;Μπρέσιακον,το;0.49;0;0
24500;Μύρον,το;0.49;0;0
25200;Μύρτος,ο;0.49;0;0
81100;Μυτιλήνη,η;0.49;0;0
81131;Μυτιλήνη,η;0.49;0;0
81132;Μυτιλήνη,η;0.49;0;0
84500;Μωρακαίοι,οι;0.49;0;0
84502;Μωρακαίοι,οι;0.49;0;0
82300;Ναγός,ο;0.49;0;0
24011;Νέα Αγριλιά,η;0.49;0;0
24003;Νέα Αγριλιά,η;0.49;0;0
22008;Νέα Δάφνη,η;0.49;0;0
35009;Νέο Θρόνιο,το;0.49;0;0
25100;Νέος Ερινεός,ο;0.49;0;0
25009;Νέος Ερινεός,ο;0.49;0;0
34200;Νεοχώριον,το;0.49;0;0
83104;Νεοχώριον,το;0.49;0;0
49083;Νησάκιον,το;0.49;0;0
81150;Νησέλια,τα;0.49;0;0
70400;Νύβριτος,η;0.49;0;0
81300;Νυφίδα,η;0.49;0;0
70300;Ξενιάκος,ο;0.49;0;0
84200;Ξινάρα,η;0.49;0;0
24011;Ξυφάρα,η;0.49;0;0
32009;Οινόφυτα,τα;0.49;0;0
32011;Οινόφυτα,τα;0.49;0;0
34150;Οντάθι,το;0.49;0;0
34200;Παλαιόκαστρο,το;0.49;0;0
30002;Παλιάμπελα,τα;0.49;0;0
81104;Παλιός,ο;0.49;0;0
81150;Παναγιούδα,η;0.49;0;0
70300;Πανόραμα,το;0.49;0;0
21059;Πανόραμα,το (Πλατυχέρωμα);0.49;0;0
37003;Πάνορμος,ο;0.49;0;0
23053;Παραδείσιον,το;0.49;0;0
34600;Παραλία Χιλιαδού,η;0.49;0;0
34014;Παραλία Χιλιαδού,η;0.49;0;0
81150;Παραλία,η;0.49;0;0
70010;Παράνυμφοι,οι;0.49;0;0
24008;Παραπούγκιον,το;0.49;0;0
49150;Πέλεκας,ο;0.49;0;0
30010;Πέρεβος,ο;0.49;0;0
81109;Πέτρα,η;0.49;0;0
20004;Πευκάλι,το;0.49;0;0
72055;Πεύκοι,οι;0.49;0;0
83302;Πηγή,η;0.49;0;0
49081;Πίθος,ο;0.49;0;0
19009;Πικέρμιον,το;0.49;0;0
37002;Πλατανιάς,ο;0.49;0;0
26500;Πλατάνιον,το;0.49;0;0
26504;Πλατάνιον,το;0.49;0;0
30150;Πλάτανος,ο (Τοπική Κοινότητα Καλυβίων);0.49;0;0
27055;Πλουτοχώριον,το;0.49;0;0
73005;Πρασές,ο;0.49;0;0
34001;Πρινιά,η;0.49;0;0
19001;Πρισιλίμες,οι;0.49;0;0
24022;Προσήλιον,το;0.49;0;0
46100;Ράγιον,το;0.49;0;0
84302;Ράχη,η;0.49;0;0
28200;Ρίφιον,το;0.49;0;0
70013;Σάρχος,ο;0.49;0;0
35200;Σκάλα,η;0.49;0;0
19001;Σκάλεζα Μητραντώνη,η;0.49;0;0
21250;Σκαφιδάκιον,το;0.49;0;0
26500;Σκιόεσσα,η;0.49;0;0
26504;Σκιόεσσα,η;0.49;0;0
73001;Σκλαβοπούλα,η;0.49;0;0
37003;Σκόπελος,η;0.49;0;0
20400;Σκουπαίικα,τα;0.49;0;0
20013;Σκουπαίικα,τα;0.49;0;0
32001;Σκροπονέρια,τα;0.49;0;0
84200;Σμαρδάκιον,το;0.49;0;0
23200;Σμήνος,το;0.49;0;0
85700;Στες,οι;0.49;0;0
73400;Στροβλές,αι;0.49;0;0
73010;Στροβλές,αι;0.49;0;0
49081;Σφακερά,τα;0.49;0;0
20300;Σχίνος,ο;0.49;0;0
20006;Ταρσινά,τα;0.49;0;0
20002;Ταρσινά,τα;0.49;0;0
23070;Τέρια,τα;0.49;0;0
22008;Τουμπίτσιον,το;0.49;0;0
27052;Τσαμαίικα,τα;0.49;0;0
31100;Τσουκαλάδες,οι;0.49;0;0
81104;Τσουκαλάς,ο (νησίς);0.49;0;0
28100;Φαρακλάτα,τα;0.49;0;0
23053;Φαρακλόν,το;0.49;0;0
19004;Φοίνικας,ο;0.49;0;0
30020;Φραγκαίϊκα,τα;0.49;0;0
80100;Φριλιγκιάνικα,τα;0.49;0;0
80200;Φριλιγκιάνικα,τα;0.49;0;0
81106;Φτέλι,το;0.49;0;0
12400;Χαϊδάριον,το;0.49;0;0
12401;Χαϊδάριον,το;0.49;0;0
12402;Χαϊδάριον,το;0.49;0;0
12410;Χαϊδάριον,το;0.49;0;0
12462;Χαϊδάριον,το;0.49;0;0
74051;Χαλκηδιανά,τα;0.49;0;0
27064;Χαριά,η;0.49;0;0
27061;Χελιδόνιον,το;0.49;0;0
27062;Χελιδόνιον,το;0.49;0;0
34400;Χλόες,οι;0.49;0;0
72400;Χουμεριάκος,ο;0.49;0;0
74061;Χωρδάκιον,το;0.49;0;0
27064;Ωλένη,η;0.49;0;0
49150;Αβράμης,ο;0.48;0;0
29092;Αγαλάς,ο;0.48;0;0
35009;Αγία Αικατερίνη,η;0.48;0;0
25008;Αγία Ελεούσα,η;0.48;0;0
34003;Αγία Μαρίνα,η;0.48;0;0
81150;Αγία Παρασκευή,η;0.48;0;0
72400;Αγία Πελαγία,η;0.48;0;0
47150;Αγία Τριάς,η;0.48;0;0
49084;Αγία Τριάς,η;0.48;0;0
72300;Αγία Τριάς,η;0.48;0;0
72059;Αγία Τριάς,η;0.48;0;0
47150;Άγιος Γεώργιος Γλυκορρίζου,ο;0.48;0;0
27065;Άγιος Γεώργιος,ο;0.48;0;0
27060;Άγιος Γεώργιος,ο;0.48;0;0
81105;Άγιος Γεώργιος,ο (νησίς);0.48;0;0
27150;Άγιος Γεώργιος,ο (Τ.Κ.Παλαιοβαρβασαίνης);0.48;0;0
72200;Άγιος Ιωάννης,ο;0.48;0;0
27069;Άγιος Νικόλαος,ο;0.48;0;0
81300;Άγιος Παύλος,ο;0.48;0;0
83301;Άγιος Πολύκαρπος,ο;0.48;0;0
47150;Άγιος Σπυρίδων,ο;0.48;0;0
49081;Άγιος Στέφανος,ο (Τοπική Κοινότητα Σινιών);0.48;0;0
37003;Αγνώντας,ο;0.48;0;0
49081;Αγραφοί,οι;0.48;0;0
30200;Αγραφορράχη,η;0.48;0;0
73004;Αγριλές,ο;0.48;0;0
73009;Αγριλές,ο;0.48;0;0
81150;Αγριλιά Κρατήγου,η;0.48;0;0
73004;Αλιγοί,οι;0.48;0;0
34015;Αλμυροπόταμος,ο;0.48;0;0
21055;Αμαριανός,ο;0.48;0;0
81300;Αμπέλια,τα;0.48;0;0
82300;Άμπελος,η;0.48;0;0
49081;Αντιπερνοί,οι;0.48;0;0
70010;Άνω Άκρια,τα;0.48;0;0
73002;Άνω Κεφάλα,η;0.48;0;0
30020;Άνω Πλατανίτης,ο;0.48;0;0
80100;Αραίοι,οι;0.48;0;0
49100;Αργυράτικα,τα;0.48;0;0
49081;Αρμενάδες,οι;0.48;0;0
70006;Ασκοί,οι;0.48;0;0
27065;Άσπρα Σπίτια,τα;0.48;0;0
81104;Ασπρονήσια,τα (νησίς);0.48;0;0
25015;Αστέριον,το;0.48;0;0
28086;Ατσουπάδες,οι;0.48;0;0
28082;Ατσουπάδες,οι;0.48;0;0
70003;Αυγενική,η;0.48;0;0
70011;Αυγενική,η;0.48;0;0
34007;Αχίλλι,το;0.48;0;0
37002;Αχλαδιάς,ο;0.48;0;0
47150;Βαθύπεδον,το;0.48;0;0
81150;Βαρειά,η;0.48;0;0
24200;Βασιλάδα,η;0.48;0;0
24013;Βασιλάδα,η;0.48;0;0
24011;Βασιλικόν,το;0.48;0;0
20006;Βεληνιάτικα,τα;0.48;0;0
82150;Βερβεράτον,το;0.48;0;0
74055;Βιλανδρέδον,το;0.48;0;0
74058;Βιλανδρέδον,το;0.48;0;0
84302;Βουρβουριά,η;0.48;0;0
48062;Βράχος,ο;0.48;0;0
81300;Βρίσα,η;0.48;0;0
82150;Βροντάδος,ο;0.48;0;0
82200;Βροντάδος,ο;0.48;0;0
84200;Βώλαξ,ο;0.48;0;0
30014;Γαβρολίμνη,η;0.48;0;0
21059;Γαλάνη,η (Συνεταιρισμός Αστυνομικών);0.48;0;0
70003;Γαλένιον,το;0.48;0;0
70011;Γαλένιον,το;0.48;0;0
37006;Γεροπλίνα,η;0.48;0;0
37009;Γεροπλίνα,η;0.48;0;0
30150;Γιαννούζι,το;0.48;0;0
37005;Γιούρα,τα (νησίς);0.48;0;0
23051;Γούβαι,αι;0.48;0;0
23055;Γούβαι,αι;0.48;0;0
30002;Γούργουβλη,η;0.48;0;0
34001;Γραμπιά,η;0.48;0;0
84302;Δαμαλάς,ο;0.48;0;0
70010;Δαμάνια,τα;0.48;0;0
28200;Δαμουλιανάτα,τα;0.48;0;0
28100;Δαυγάτα,τα;0.48;0;0
49083;Δάφνη,η;0.48;0;0
83302;Δάφνη,η;0.48;0;0
34013;Διασταύρωση,η;0.48;0;0
19001;Διόνυσος,ο;0.48;0;0
30010;Δογρή,η;0.48;0;0
34500;Δύστος,η;0.48;0;0
29090;Ελιές,οι;0.48;0;0
29091;Ελιές,οι;0.48;0;0
24004;Εξοχικόν,το;0.48;0;0
28300;Εξωγή,η;0.48;0;0
25200;Ζησιμαίικα,τα;0.48;0;0
70300;Ζίντα,η;0.48;0;0
47040;Καθαροβούνιον,το;0.48;0;0
30005;Καινούργιον,το;0.48;0;0
16000;Καισαριανή,η;0.48;0;0
16010;Καισαριανή,η;0.48;0;0
16100;Καισαριανή,η;0.48;0;0
16101;Καισαριανή,η;0.48;0;0
16102;Καισαριανή,η;0.48;0;0
16110;Καισαριανή,η;0.48;0;0
16121;Καισαριανή,η;0.48;0;0
72300;Καλαμαύκι,το;0.48;0;0
73001;Καλαμιός,ο;0.48;0;0
24002;Καλλιρρόη,η;0.48;0;0
81103;Καλό Λιμάνι,το;0.48;0;0
81110;Καλό Λιμάνι,το;0.48;0;0
83100;Καμάρα,η (Δημοτική Κοινότητα Μυτιληνιών);0.48;0;0
73001;Καματερά,τα;0.48;0;0
83300;Κάμπα,η;0.48;0;0
80100;Κάμπος Παλαιοπόλεως,ο;0.48;0;0
81103;Κάμπος,ο;0.48;0;0
81110;Κάμπος,ο;0.48;0;0
37002;Καναπίτσα,η;0.48;0;0
74053;Κάνεβος,η;0.48;0;0
74060;Κάνεβος,η;0.48;0;0
30006;Καραϊσκάκης,ο;0.48;0;0
73005;Καράνος,ο;0.48;0;0
70003;Καρδαμιανά,τα;0.48;0;0
49081;Καρουσάδες,οι;0.48;0;0
23062;Καρύνια,η;0.48;0;0
23063;Καρύνια,η;0.48;0;0
72400;Καστέλλιον,το;0.48;0;0
72058;Καστέλλιον,το;0.48;0;0
34005;Κατούνια,τα;0.48;0;0
84501;Κάτω Απροβάτου,το;0.48;0;0
27054;Κάτω Αρήνη,η;0.48;0;0
34013;Κάτω Γιαννίτσι,το;0.48;0;0
71500;Κάτω Λουτράκιον,το;0.48;0;0
26500;Κάτω Ροδινή,η;0.48;0;0
30010;Κάτω Τραγάνα,η;0.48;0;0
30500;Κεραμίδι,το;0.48;0;0
27069;Κεραμιδιά,η;0.48;0;0
49150;Κοκκίνιον,το;0.48;0;0
49150;Κοντοκάλιον,το;0.48;0;0
19001;Κόντρα Βιλαρά,η;0.48;0;0
37002;Κουκουναριές,οι;0.48;0;0
28100;Κουρουκλάτα,τα;0.48;0;0
49083;Κοψοχειλάδες,οι;0.48;0;0
34150;Κρόνια,η;0.48;0;0
47150;Κωστακιοί,οι;0.48;0;0
35001;Λαγονήσι,το;0.48;0;0
35001;Λάρυμνα,η;0.48;0;0
35012;Λάρυμνα,η;0.48;0;0
35001;Λεκούνα,η;0.48;0;0
24400;Λεύκη,η;0.48;0;0
73002;Ληδιανά,τα;0.48;0;0
74051;Λιβάδα,η;0.48;0;0
81300;Λιβάδια,τα;0.48;0;0
34300;Λουτρά Γιάλτρων,τα;0.48;0;0
30004;Λουτράκιον,το;0.48;0;0
48100;Μάζιον,το;0.48;0;0
24022;Μάλτα,η;0.48;0;0
24016;Μάλτα,η;0.48;0;0
46200;Μανδρότοπος,ο;0.48;0;0
46031;Μανδρότοπος,ο;0.48;0;0
31082;Μαραντοχώριον,το;0.48;0;0
70003;Μαστραχιανά,τα;0.48;0;0
81104;Μαύρη Πλακούδα,η (νησίς);0.48;0;0
34007;Μελά,η;0.48;0;0
70010;Μελιδοχώριον,το;0.48;0;0
84302;Μέση,η;0.48;0;0
84301;Μέση,η;0.48;0;0
70400;Μεσήσκλιον,το;0.48;0;0
70010;Μεταξοχώριον,το;0.48;0;0
83300;Μηλεωπόν,το;0.48;0;0
34150;Μικρόν Βαθύ,το;0.48;0;0
23052;Μολάοι,οι;0.48;0;0
70400;Μονή Αγίου Αντωνίου Βροντησίου,η;0.48;0;0
70002;Μονή Αγίου Αντωνίου Βροντησίου,η;0.48;0;0
71500;Μονή Σαββαθιανών,η;0.48;0;0
73004;Μοτζιανά,τα;0.48;0;0
20200;Μούλκιον,το;0.48;0;0
24150;Μούσγα,η;0.48;0;0
20150;Μπεκιάνικα,τα;0.48;0;0
30150;Μπούζιον,το;0.48;0;0
24200;Μυρτοποταμιά,η;0.48;0;0
14300;Νέα Φιλαδέλφεια,η;0.48;0;0
14301;Νέα Φιλαδέλφεια,η;0.48;0;0
14302;Νέα Φιλαδέλφεια,η;0.48;0;0
14310;Νέα Φιλαδέλφεια,η;0.48;0;0
14341;Νέα Φιλαδέλφεια,η;0.48;0;0
14342;Νέα Φιλαδέλφεια,η;0.48;0;0
14343;Νέα Φιλαδέλφεια,η;0.48;0;0
73002;Νεαρά Εσιανά,τα;0.48;0;0
24200;Νεοχώριον,το;0.48;0;0
24013;Νεοχώριον,το;0.48;0;0
72400;Νισπήτας,ο;0.48;0;0
19001;Ντάρδεζα,η;0.48;0;0
37002;Ξάνεμος,ο;0.48;0;0
74061;Οψιγιάς,ο;0.48;0;0
82102;Παγίς,η;0.48;0;0
30001;Παλαιομάνινα,η;0.48;0;0
30008;Παλαιόμυλος,ο;0.48;0;0
72200;Παναγία,η;0.48;0;0
21250;Πανόραμα,το;0.48;0;0
23053;Παντάνασσα,η;0.48;0;0
34300;Παραλία Αγίου Νικολάου,η;0.48;0;0
33058;Παραλία Αγίων Πάντων,η;0.48;0;0
32003;Παραλία Διστόμου,η;0.48;0;0
37005;Πατητήριον,το;0.48;0;0
70300;Πατσίδερος,ο;0.48;0;0
49081;Πελεκητόν,το;0.48;0;0
70013;Πενταμόδιον,το;0.48;0;0
28300;Περαχώριον,το;0.48;0;0
73400;Περιβόλια,τα;0.48;0;0
73012;Περιβόλια,τα;0.48;0;0
30500;Πηγαδάκι,το;0.48;0;0
82103;Πιραμά,η;0.48;0;0
27069;Πιρίον,το;0.48;0;0
49150;Πλακωτό,το;0.48;0;0
74053;Πλατανές,ο;0.48;0;0
30010;Πλατανιάς,ο;0.48;0;0
24001;Πλάτανος,ο;0.48;0;0
73500;Πλατυβόλα,η;0.48;0;0
72400;Πλατυπόδιον,το;0.48;0;0
47150;Πλησιοί,οι;0.48;0;0
85109;Προφίλια,η;0.48;0;0
49081;Ραχτάδες,οι;0.48;0;0
72200;Ρίζα,η;0.48;0;0
72056;Ρίζα,η;0.48;0;0
19001;Ρουντζέρι Λεμπρού,το;0.48;0;0
46300;Σαγιάδα,η;0.48;0;0
73001;Σαρακήνα,η;0.48;0;0
74150;Σελλίον,το;0.48;0;0
73400;Σινενιανά,τα;0.48;0;0
73010;Σινενιανά,τα;0.48;0;0
72300;Σκλάβοι,οι;0.48;0;0
72059;Σκλάβοι,οι;0.48;0;0
27064;Σόπιον,το;0.48;0;0
24022;Σταυροπήγιον,το;0.48;0;0
29092;Στημιές,οι;0.48;0;0
30150;Στρογγυλαίικα,τα;0.48;0;0
48200;Στρογγυλή,η;0.48;0;0
30001;Στρογγυλοβούνιον,το;0.48;0;0
31082;Σύβοτα,τα;0.48;0;0
47150;Συγγουνέικα,τα;0.48;0;0
81106;Τάρτι,το;0.48;0;0
49081;Τερμενάδες,οι;0.48;0;0
19001;Τογάνι Λάκιζας,το;0.48;0;0
84200;Τριαντάρος,ο;0.48;0;0
18020;Τροιζήν,η;0.48;0;0
37002;Τρούλλος,ο;0.48;0;0
81106;Τσάφι,το;0.48;0;0
28086;Φανιές,οι;0.48;0;0
28082;Φανιές,οι;0.48;0;0
81106;Φαρά,τα;0.48;0;0
73400;Φελεσιανά,τα;0.48;0;0
73012;Φελεσιανά,τα;0.48;0;0
21250;Φίχτιον,το;0.48;0;0
80100;Φράτσια,τα;0.48;0;0
34013;Χάνια,τα;0.48;0;0
81150;Χαραμίδα,η;0.48;0;0
24150;Χαραυγή,η;0.48;0;0
81105;Χριστός,ο;0.48;0;0
37005;Ψαθούρα,η (νησίς);0.48;0;0
27069;Ωραία,η;0.48;0;0
30400;Αγγελόκαστρον,το;0.47;0;0
21250;Αγία Αικατερίνη,η;0.47;0;0
19004;Αγία Κυριακή,η;0.47;0;0
49081;Αγία Παρασκευή,η;0.47;0;0
82103;Άγιον Γάλα,το;0.47;0;0
27052;Άγιος Αθανάσιος,ο;0.47;0;0
30400;Άγιος Γεώργιος,ο;0.47;0;0
49084;Άγιος Γεώργιος,ο;0.47;0;0
81109;Άγιος Γεώργιος,ο (νησίς);0.47;0;0
37006;Άγιος Γεώργιος,ο (Τοπική Κοινότητα Τρικερίου);0.47;0;0
30400;Άγιος Ηλίας,ο;0.47;0;0
49150;Άγιος Ιωάννης,ο;0.47;0;0
74053;Άγιος Ιωάννης,ο;0.47;0;0
74060;Άγιος Ιωάννης,ο;0.47;0;0
25100;Άγιος Κωνσταντίνος,ο;0.47;0;0
34009;Άγιος Μερκούριος,ο;0.47;0;0
84002;Άγιος Συμεών,ο;0.47;0;0
27052;Άγιος Χαράλαμπος,ο;0.47;0;0
72300;Αδραβάστοι,οι;0.47;0;0
72400;Αδραβάστος,ο;0.47;0;0
27052;Αετορράχη,η;0.47;0;0
74052;Αΐμονας,ο;0.47;0;0
74054;Αΐμονας,ο;0.47;0;0
84500;Αλαδινόν,το;0.47;0;0
70300;Αμουργέλλαι,αι;0.47;0;0
21055;Αμυγδαλίτσα,η;0.47;0;0
47150;Ανθότοπος,ο;0.47;0;0
73011;Αράδαινα,η;0.47;0;0
24001;Αραπόλακκα,η;0.47;0;0
34200;Αργυρόνησον,το (νησίς);0.47;0;0
27054;Αρήνη,η;0.47;0;0
74053;Ατσιπάδες,αι;0.47;0;0
49150;Άφρα,η;0.47;0;0
70300;Αφράτιον,το;0.47;0;0
70015;Αφράτιον,το;0.47;0;0
82150;Βαβίλοι,οι;0.47;0;0
34150;Βαθύ,το;0.47;0;0
30010;Βαρειά,η;0.47;0;0
28084;Βασιλικιάδες,αι;0.47;0;0
28085;Βασιλικιάδες,αι;0.47;0;0
23053;Βελανίδια,τα;0.47;0;0
27069;Βελανίδιον,το;0.47;0;0
49081;Βελονάδες,οι;0.47;0;0
49084;Βιρός,ο;0.47;0;0
84501;Βιτάλι,το;0.47;0;0
49100;Βιτσεντζιάτικα,τα;0.47;0;0
19100;Βλυχάδα,η;0.47;0;0
37005;Βότση,η;0.47;0;0
46030;Βουνίστρα,η;0.47;0;0
82102;Βουνό,το;0.47;0;0
70400;Βουρβουλίτης,ο;0.47;0;0
70012;Βουρβουλίτης,ο;0.47;0;0
16200;Βύρων,ο;0.47;0;0
16201;Βύρων,ο;0.47;0;0
16202;Βύρων,ο;0.47;0;0
16210;Βύρων,ο;0.47;0;0
16231;Βύρων,ο;0.47;0;0
16232;Βύρων,ο;0.47;0;0
16233;Βύρων,ο;0.47;0;0
27150;Βυτιναίικα,τα (Τ.Κ.Ελαιώνος);0.47;0;0
81103;Γαββαθάς,ο;0.47;0;0
81110;Γαββαθάς,ο;0.47;0;0
27200;Γεράκιον,το;0.47;0;0
49150;Γουβιά,τα;0.47;0;0
27065;Γραμματικός,ο;0.47;0;0
27060;Γραμματικός,ο;0.47;0;0
23051;Γράμμουσα,η;0.47;0;0
34300;Γρεγολίμανο,το;0.47;0;0
34150;Γυρίσματα,τα;0.47;0;0
71500;Δαμάστα,η;0.47;0;0
24005;Δάφνη,η;0.47;0;0
27069;Δάφνη,η;0.47;0;0
24014;Δάφνη,η;0.47;0;0
30015;Δαφνιάς,ο;0.47;0;0
31100;Δεσίμι,το;0.47;0;0
24008;Δεσύλλας,ο;0.47;0;0
29090;Δράκας,ο;0.47;0;0
49150;Εβροπούλοι,οι;0.47;0;0
27150;Ελαιών,ο;0.47;0;0
25100;Ελίκη,η;0.47;0;0
49150;Έρμονες,οι;0.47;0;0
19004;Έτος Στέκο,το;0.47;0;0
27069;Εφύρα,η;0.47;0;0
34500;Ζάρακες,οι;0.47;0;0
34017;Ζάρακες,οι;0.47;0;0
84302;Ζωοδόχος Πηγή,η;0.47;0;0
21051;Ηλιόκαστρον,το;0.47;0;0
16300;Ηλιούπολις,η;0.47;0;0
16301;Ηλιούπολις,η;0.47;0;0
16310;Ηλιούπολις,η;0.47;0;0
16341;Ηλιούπολις,η;0.47;0;0
16342;Ηλιούπολις,η;0.47;0;0
16343;Ηλιούπολις,η;0.47;0;0
16344;Ηλιούπολις,η;0.47;0;0
16345;Ηλιούπολις,η;0.47;0;0
16346;Ηλιούπολις,η;0.47;0;0
19004;Ήμερος Πεύκος,ο;0.47;0;0
47150;Θανασαίικα,τα;0.47;0;0
72200;Ιερά Μονή Φανερωμένης,η;0.47;0;0
13100;Ίλιον,το;0.47;0;0
13101;Ίλιον,το;0.47;0;0
13102;Ίλιον,το;0.47;0;0
13110;Ίλιον,το;0.47;0;0
13121;Ίλιον,το;0.47;0;0
13122;Ίλιον,το;0.47;0;0
13123;Ίλιον,το;0.47;0;0
13223;Ίλιον,το;0.47;0;0
49081;Καββαδάδες,οι;0.47;0;0
34300;Κάβος,ο;0.47;0;0
73004;Κάδρος,το;0.47;0;0
47150;Κακόβατος,ο;0.47;0;0
70008;Κακόπετρα,η;0.47;0;0
83301;Καλαμονάρι,το;0.47;0;0
34009;Κάλαμος,ο;0.47;0;0
47150;Καλόβατος,ο;0.47;0;0
19010;Καλύβια Θορικού,τα;0.47;0;0
19020;Καλύβια Θορικού,τα;0.47;0;0
19403;Καλύβια Θορικού,τα;0.47;0;0
73004;Κάνδανος,ο;0.47;0;0
73009;Κάνδανος,ο;0.47;0;0
24004;Καπλάνιον,το;0.47;0;0
27052;Καραβουλαίικα,τα;0.47;0;0
49081;Κασσιόπη,η;0.47;0;0
33056;Καστράκιον,το;0.47;0;0
70100;Καταλαγάριον,το;0.47;0;0
30300;Κάτω Δάφνη,η;0.47;0;0
25008;Κάτω Μαζαράκιον,το;0.47;0;0
23062;Κελεφά,η;0.47;0;0
47150;Κεραμάται,αι;0.47;0;0
74053;Κισσού Κάμπος,ο;0.47;0;0
37002;Κολιός,ο;0.47;0;0
47040;Κομπότιον,το;0.47;0;0
73004;Κοντουδιανά,τα;0.47;0;0
73010;Κοντουδιανά,τα;0.47;0;0
24001;Κουκκουνάρα,η;0.47;0;0
84500;Κουμανή,η;0.47;0;0
49081;Κουναβάδες,οι;0.47;0;0
27052;Κρεμμύδιον,το;0.47;0;0
74053;Κρύα Βρύση,η;0.47;0;0
49084;Κυνοπιάσται,οι;0.47;0;0
18030;Κυψέλη,η;0.47;0;0
46100;Λαδοχώριον,το;0.47;0;0
84500;Λάμυρα,τα;0.47;0;0
27064;Λάνθιον,το;0.47;0;0
72055;Λάπιθος,η;0.47;0;0
27069;Λάτας,ο;0.47;0;0
34500;Λιάναμμο,η;0.47;0;0
81106;Λιγονάρι,το;0.47;0;0
29092;Λιθακιά,η;0.47;0;0
49150;Λίμνη,η;0.47;0;0
46100;Λιόφυτα,τα;0.47;0;0
23062;Λουκάδικα,τα;0.47;0;0
73500;Λούλος,ο;0.47;0;0
34300;Λουτρά Αιδηψού,τα;0.47;0;0
37003;Λουτράκιον,το;0.47;0;0
37004;Λουτράκιον,το;0.47;0;0
73002;Λουφαρδιανά,τα;0.47;0;0
22007;Λώτης,ο;0.47;0;0
22028;Λώτης,ο;0.47;0;0
70200;Μαγαρικάριον,το;0.47;0;0
27065;Μάγειρας,ο;0.47;0;0
49081;Μαγουλάδες,οι;0.47;0;0
73500;Μαλάξα,η;0.47;0;0
48060;Μαράς,ο;0.47;0;0
30500;Μαυροράχη,η;0.47;0;0
29092;Μαχαιράδον,το;0.47;0;0
73004;Μενιανά,τα;0.47;0;0
72300;Μέσα Μουλιανά,τα;0.47;0;0
72057;Μέσα Μουλιανά,τα;0.47;0;0
34015;Μεσοχώρια,τα;0.47;0;0
70300;Μιλλιαρήσιον,το;0.47;0;0
24150;Μονή Βελανιδιάς,η;0.47;0;0
84200;Μονή Κοιμήσεως Θεοτόκου Κεχροβουνίου,η;0.47;0;0
18010;Μονή Κοιμήσεως Θεοτόκου,η;0.47;0;0
70003;Μονή Παλιανής,η;0.47;0;0
70011;Μονή Παλιανής,η;0.47;0;0
37006;Μονή Παναγίας,η;0.47;0;0
37009;Μονή Παναγίας,η;0.47;0;0
83103;Μονή Τιμίου Σταυρού,η;0.47;0;0
34300;Μονολιά,η (νησίς);0.47;0;0
84200;Μουντάδος,ο;0.47;0;0
34009;Μουρτερή,η;0.47;0;0
81104;Μπαρμπαλιάς,ο (νησίς);0.47;0;0
19015;Μπάφι,το;0.47;0;0
73002;Μπουγιουκλιανά,τα;0.47;0;0
21250;Μυκήναι,αι;0.47;0;0
24004;Μυστράκιον,το;0.47;0;0
48062;Νάρκισσος,ο;0.47;0;0
72300;Νέα Πραισός,η;0.47;0;0
72059;Νέα Πραισός,η;0.47;0;0
72400;Νεάπολις,η;0.47;0;0
81150;Νεάπολις,η;0.47;0;0
37003;Νέο Κλήμα,το;0.47;0;0
37004;Νέο Κλήμα,το;0.47;0;0
70003;Νέον Βενεράτον,το;0.47;0;0
70011;Νέον Βενεράτον,το;0.47;0;0
19005;Νέος Βουτζάς,ο;0.47;0;0
19018;Νέος Πόντος,ο;0.47;0;0
82150;Νεοχώριον,το;0.47;0;0
24500;Ξηρόκαμπος,ο;0.47;0;0
28081;Ξηροπόταμος,ο;0.47;0;0
20150;Ξυλοκέριζα,η;0.47;0;0
24022;Οροβάς,ο;0.47;0;0
24016;Οροβάς,ο;0.47;0;0
37006;Παλαιόν Τρικέριον,το (νησίς);0.47;0;0
37009;Παλαιόν Τρικέριον,το (νησίς);0.47;0;0
80100;Παλαιόπολη,η;0.47;0;0
23062;Παλαιόχωρα,η;0.47;0;0
23063;Παλαιόχωρα,η;0.47;0;0
27061;Παλαιοχώριον,το;0.47;0;0
27062;Παλαιοχώριον,το;0.47;0;0
73500;Παναγιά,η;0.47;0;0
30003;Παναιτώλιον,το;0.47;0;0
30010;Παντάνασσα,η;0.47;0;0
29092;Παντοκράτωρ,ο;0.47;0;0
27061;Παπά Χάνια,τα;0.47;0;0
27062;Παπά Χάνια,τα;0.47;0;0
82102;Πατρικά,τα;0.47;0;0
74061;Πατσός,ο;0.47;0;0
84500;Πέρα Χωριό,το;0.47;0;0
84502;Πέρα Χωριό,το;0.47;0;0
31100;Περιγιάλιον,το;0.47;0;0
26500;Πεύκα,τα;0.47;0;0
34007;Πεύκος,ο;0.47;0;0
25006;Πιμπαίϊκα,τα;0.47;0;0
84500;Πίσω Μεριά,η;0.47;0;0
84502;Πίσω Μεριά,η;0.47;0;0
80100;Πιτσινάδες,οι;0.47;0;0
80200;Πιτσινάδες,οι;0.47;0;0
19001;Πλάκα,η;0.47;0;0
23200;Πλάτανος,ο;0.47;0;0
24022;Πλάτσα,η;0.47;0;0
24023;Πλάτσα,η;0.47;0;0
49081;Πλάτωνας,ο;0.47;0;0
81105;Ποδαράς,ο;0.47;0;0
73001;Προδρόμιον,το;0.47;0;0
83301;Προεσπέρα,η;0.47;0;0
37006;Πύθος,ο;0.47;0;0
73003;Ραμνή,η;0.47;0;0
31100;Ράχη,η;0.47;0;0
25200;Ρίολος,ο;0.47;0;0
34005;Ροβιαί,αι;0.47;0;0
84002;Ροντακάδο,το;0.47;0;0
81500;Ρούμπος,ο (νησίς);0.47;0;0
27069;Ρουπακιά,η;0.47;0;0
83200;Σακκουλαίικα,τα;0.47;0;0
47040;Σελλάδες,οι;0.47;0;0
27053;Σιμίζα,η;0.47;0;0
23200;Σίνα,το;0.47;0;0
30008;Σιταράλωνα,τα;0.47;0;0
27061;Σκάλα,η;0.47;0;0
81300;Σκαμιούδι,το;0.47;0;0
37002;Σκίαθος,η;0.47;0;0
20150;Σολομός,ο;0.47;0;0
20300;Σουρλά,τα;0.47;0;0
24200;Σπιτάλιον,το;0.47;0;0
83302;Στάβλος,ο;0.47;0;0
30400;Σταθμός Αγγελοκάστρου,ο;0.47;0;0
37003;Στάφυλος,ο;0.47;0;0
30012;Στενόν,το;0.47;0;0
33200;Στενός,ο;0.47;0;0
33050;Στενός,ο;0.47;0;0
34300;Στρογγύλη,η (νησίς);0.47;0;0
73007;Τζιτζιφές,ο;0.47;0;0
73008;Τζιτζιφές,ο;0.47;0;0
25003;Τράπεζα,η;0.47;0;0
22008;Τριποταμιά,η;0.47;0;0
84200;Τριπόταμος,ο;0.47;0;0
81106;Τσίλια,τα;0.47;0;0
73004;Τσισκιανά,τα;0.47;0;0
73009;Τσισκιανά,τα;0.47;0;0
25200;Φώσταινα,η;0.47;0;0
74150;Χάρκια,τα;0.47;0;0
34005;Χρόνια,η;0.47;0;0
22007;Χρυσοχώριον,το;0.47;0;0
22028;Χρυσοχώριον,το;0.47;0;0
49083;Ψαθύλας,ο;0.47;0;0
34400;Ψαχνά,τα;0.47;0;0
30500;Ψηλά Αλώνια,τα;0.47;0;0
19015;Ωρωπός,ο;0.47;0;0
74052;Αβδελλάς,ο;0.46;0;0
74054;Αβδελλάς,ο;0.46;0;0
20150;Αγία Παρασκευή,η;0.46;0;0
47150;Αγία Παρασκευή,η;0.46;0;0
37006;Αγία Σοφία,η;0.46;0;0
37009;Αγία Σοφία,η;0.46;0;0
13500;Άγιοι Ανάργυροι,οι;0.46;0;0
13501;Άγιοι Ανάργυροι,οι;0.46;0;0
13510;Άγιοι Ανάργυροι,οι;0.46;0;0
13561;Άγιοι Ανάργυροι,οι;0.46;0;0
13562;Άγιοι Ανάργυροι,οι;0.46;0;0
70100;Άγιος Βασίλειος,ο;0.46;0;0
49150;Άγιος Βλάσιος,ο;0.46;0;0
27200;Άγιος Γεώργιος,ο;0.46;0;0
72300;Άγιος Γεώργιος,ο (Τοπική Κοινότητα Αγίου Γεωργίου Σητείας);0.46;0;0
72059;Άγιος Γεώργιος,ο (Τοπική Κοινότητα Αγίου Γεωργίου Σητείας);0.46;0;0
49084;Άγιος Γόρδιος,ο;0.46;0;0
27069;Άγιος Ηλίας,ο;0.46;0;0
32003;Άγιος Ισίδωρος,ο;0.46;0;0
32012;Άγιος Ισίδωρος,ο;0.46;0;0
74052;Άγιος Μάμας,ο;0.46;0;0
74054;Άγιος Μάμας,ο;0.46;0;0
32003;Άγιος Νικόλαος,ο;0.46;0;0
47040;Άγιος Νικόλαος,ο;0.46;0;0
24022;Άγιος Νίκων,ο;0.46;0;0
24023;Άγιος Νίκων,ο;0.46;0;0
73001;Αζογυρές,ο (Τ.Κ.Βουτά);0.46;0;0
74052;Αλόιδες,αι;0.46;0;0
74054;Αλόιδες,αι;0.46;0;0
47040;Αλώνια,τα;0.46;0;0
74061;Αμάριον,το;0.46;0;0
32003;Αντικύρα,η;0.46;0;0
32012;Αντικύρα,η;0.46;0;0
28081;Αντιπάτα,τα;0.46;0;0
31100;Απόλπαινα,η;0.46;0;0
70003;Απομαρμά,τα;0.46;0;0
74061;Απόστολοι,οι;0.46;0;0
70010;Αρμανώγεια,τα;0.46;0;0
82102;Αρμόλια,τα;0.46;0;0
34007;Ασπούς,ο;0.46;0;0
49081;Αστρακερή,η;0.46;0;0
71500;Αστρινό,το;0.46;0;0
70016;Ατσιπάδες,οι;0.46;0;0
70012;Ατσιπάδες,οι;0.46;0;0
27069;Αυγή,η;0.46;0;0
19001;Αυρόκαστρο,το;0.46;0;0
34007;Αχερούνες,οι;0.46;0;0
73500;Αχλάδαι,αι;0.46;0;0
74055;Βελονάδον,το;0.46;0;0
74058;Βελονάδον,το;0.46;0;0
70003;Βενεράτον,το;0.46;0;0
70011;Βενεράτον,το;0.46;0;0
24004;Βλασαίικα,τα;0.46;0;0
24010;Βλασαίικα,τα;0.46;0;0
72300;Βορίον,το;0.46;0;0
72059;Βορίον,το;0.46;0;0
29092;Βουγιάτον,το;0.46;0;0
72400;Βουλισμένη,η;0.46;0;0
27150;Βροχίτσα,η;0.46;0;0
24008;Βρυσούλα,η;0.46;0;0
47150;Γαβριά,η;0.46;0;0
25008;Γαλαναίϊκα,τα;0.46;0;0
24400;Γαργαλιάνοι,οι;0.46;0;0
49081;Γαρνάδες,οι;0.46;0;0
49083;Γέφυρα,η;0.46;0;0
74150;Γουλεδιανά,τα;0.46;0;0
23200;Γυριστά,τα;0.46;0;0
34400;Δάφνη,η;0.46;0;0
27061;Δαφνούλα,η;0.46;0;0
27062;Δαφνούλα,η;0.46;0;0
82300;Δελφίνι,το;0.46;0;0
19600;Διόδια,τα;0.46;0;0
23062;Δρυάλια,τα;0.46;0;0
80100;Δρυμών,ο;0.46;0;0
20300;Ειρήνη,η;0.46;0;0
24022;Ελαιοχώριον,το;0.46;0;0
24024;Ελαιοχώριον,το;0.46;0;0
70100;Επάνω Αρχάναι,αι;0.46;0;0
81200;Ευαγγελίστρια,η;0.46;0;0
32001;Ζελίτσα,η;0.46;0;0
24004;Ζιζάνιον,το;0.46;0;0
84002;Ζωοδόχος Πηγή,η;0.46;0;0
35001;Θεολόγος,ο;0.46;0;0
74150;Καβούσιον,το;0.46;0;0
25200;Καγκάδιον,το;0.46;0;0
21250;Καλαμάκιον,το;0.46;0;0
73002;Καλάμιον,το;0.46;0;0
83301;Κάλαμος,ο;0.46;0;0
34007;Καλικρί,το;0.46;0;0
24001;Καλλιθέα,η;0.46;0;0
34006;Καλλιθέα,η;0.46;0;0
47150;Καλομόδια,τα;0.46;0;0
27052;Καλυβάκια,τα;0.46;0;0
30011;Καμαρετσαίικα,τα;0.46;0;0
27069;Κάμπος,ο;0.46;0;0
80100;Κάμπος,ο;0.46;0;0
80200;Κάμπος,ο;0.46;0;0
24022;Κάμπος,ο (Τοπική Κοινότητα Κάμπου);0.46;0;0
24016;Κάμπος,ο (Τοπική Κοινότητα Κάμπου);0.46;0;0
48062;Καναλλάκιον,το;0.46;0;0
34200;Κανατάδικα,τα;0.46;0;0
49084;Καστανέα,η;0.46;0;0
34400;Καστέλλα,η;0.46;0;0
74051;Κατεριανά,τα;0.46;0;0
27064;Κατσομαλιαραίικα,τα;0.46;0;0
70010;Κάτω Άκρια,τα;0.46;0;0
72300;Κάτω Δρυς,ο;0.46;0;0
23053;Κάτω Καστανέα,η;0.46;0;0
84501;Κάτω Κατάκοιλος,η;0.46;0;0
49080;Κάτω Σπήλαιον,το;0.46;0;0
34015;Κάψαλα,τα;0.46;0;0
74053;Κεντροχώριον,το;0.46;0;0
70013;Κιθαρίς,η;0.46;0;0
24004;Κλεισούρα,η;0.46;0;0
24010;Κλεισούρα,η;0.46;0;0
30014;Κοκώρη,η;0.46;0;0
27069;Κολοκυθάς,ο;0.46;0;0
49084;Κομπίτσιον,το;0.46;0;0
29090;Κορώνη,η;0.46;0;0
29091;Κορώνη,η;0.46;0;0
27069;Κοτρώνα,η;0.46;0;0
27150;Κουζούλιον,το;0.46;0;0
49081;Κουκνικάδες,οι;0.46;0;0
74061;Κουρούται,αι;0.46;0;0
74062;Κουρούται,αι;0.46;0;0
73004;Κουστογέρακον,το;0.46;0;0
73009;Κουστογέρακον,το;0.46;0;0
24005;Κουτρουμπέικα,τα;0.46;0;0
21250;Κουτσοπόδιον,το;0.46;0;0
73003;Κυριακοσέλλια,τα;0.46;0;0
70006;Λαγός,ο;0.46;0;0
18010;Λαζάρηδες,οι;0.46;0;0
25200;Λαμπραίικα,τα;0.46;0;0
83300;Λαρδάδες,οι;0.46;0;0
27056;Λέπρεον,το;0.46;0;0
30150;Λεύκα,η;0.46;0;0
24200;Λευκοχώρα,η;0.46;0;0
49081;Λιβάδι,το;0.46;0;0
84500;Λιβάδια,τα;0.46;0;0
25200;Λογοθέτης,ο;0.46;0;0
30008;Λουτρά,τα;0.46;0;0
34007;Λουτρόν,το;0.46;0;0
19018;Μαγούλα,η;0.46;0;0
19610;Μαγούλα,η;0.46;0;0
70010;Μαδέ,το;0.46;0;0
25200;Μαζαίικα,τα;0.46;0;0
73400;Μανεριανά,τα;0.46;0;0
73010;Μανεριανά,τα;0.46;0;0
73004;Μαράλια,τα;0.46;0;0
73009;Μαράλια,τα;0.46;0;0
49100;Μαστοράτικα,τα;0.46;0;0
26500;Μαυρομανδήλα,η;0.46;0;0
29092;Μελινάδον,το;0.46;0;0
81200;Μελίντα,η;0.46;0;0
20400;Μερτικαίικα,τα;0.46;0;0
23053;Μεσοχώριον,το;0.46;0;0
30200;Μετόχι,το;0.46;0;0
81108;Μήθυμνα,η;0.46;0;0
80100;Μητάτα,τα;0.46;0;0
80200;Μητάτα,τα;0.46;0;0
70300;Μικρά Επισκοπή,η;0.46;0;0
28100;Μιτακάτα,τα;0.46;0;0
82102;Μονή Αγίου Γεωργίου,η;0.46;0;0
21055;Μονή Αγίου Θεοδοσίου του Νέου,η;0.46;0;0
82150;Μονή Αγίου Μηνά,η;0.46;0;0
24150;Μονή Γαρδικίου,η;0.46;0;0
19100;Μονή Παναχράντου,η;0.46;0;0
49150;Μονή Υπεραγίας Θεοτόκου Μυρτιδίων,η;0.46;0;0
70400;Μορόνιον,το;0.46;0;0
70002;Μορόνιον,το;0.46;0;0
74053;Μουρνέ,η;0.46;0;0
22007;Μπαρδάκιον,το;0.46;0;0
22028;Μπαρδάκιον,το;0.46;0;0
49084;Μπαστούνιον,το;0.46;0;0
49084;Μπενίτσαι,αι;0.46;0;0
19001;Μυρτέζα,η;0.46;0;0
20150;Νέα Αλμυρή,η;0.46;0;0
30014;Νέα Καλαβρούζα,η;0.46;0;0
14343;Νέα Χαλκηδών,η;0.46;0;0
19015;Νέο Συκάμινο,το;0.46;0;0
20150;Ντράσσα,η;0.46;0;0
84501;Παλαιστού,το;0.46;0;0
30008;Πάμφιον,το;0.46;0;0
84005;Παναγία,η;0.46;0;0
81104;Παναγιά,η (νησίς);0.46;0;0
27054;Παναγιά,η (Τ.Κ.Σμέρνας);0.46;0;0
82300;Παραλία Αμάδων,η;0.46;0;0
81200;Παραλία Δρότας,η;0.46;0;0
25006;Παραλία Πλατάνου,η;0.46;0;0
25014;Παραλία Πλατάνου,η;0.46;0;0
34150;Παραλία,η;0.46;0;0
28200;Παρισάτα,τα;0.46;0;0
22001;Παυλέικα,τα;0.46;0;0
70013;Πετροκέφαλον,το;0.46;0;0
24200;Πιλαλίστρα,η;0.46;0;0
80100;Πιτσινιάνικα,τα;0.46;0;0
24008;Πλάτανα,τα;0.46;0;0
85104;Πλατάνια,τα;0.46;0;0
85106;Πλατάνια,τα;0.46;0;0
73004;Πλεμενιανά,τα;0.46;0;0
81200;Πλωμάριον,το;0.46;0;0
34400;Πολιτικά,τα;0.46;0;0
34200;Ποντικονήσιον,το (νησίς);0.46;0;0
46200;Ποταμιά,η;0.46;0;0
46031;Ποταμιά,η;0.46;0;0
49150;Ποταμός,ο;0.46;0;0
49081;Πουλημάτες,οι;0.46;0;0
33200;Πρόσακος,ο;0.46;0;0
33050;Πρόσακος,ο;0.46;0;0
82102;Πυργίον,το;0.46;0;0
22007;Πυρρής,ο;0.46;0;0
22028;Πυρρής,ο;0.46;0;0
47150;Ράχη,η;0.46;0;0
49081;Ρόδα,η (Τοπική Κοινότητα Σφακερών);0.46;0;0
19001;Σάκκα,η;0.46;0;0
27061;Σέκουλας,ο;0.46;0;0
27062;Σέκουλας,ο;0.46;0;0
34005;Σηπιάς,η;0.46;0;0
70003;Σίβα,η;0.46;0;0
70011;Σίβα,η;0.46;0;0
34007;Σκύρος,η;0.46;0;0
30500;Σπάρτον,το;0.46;0;0
84200;Σπεράδος,ο;0.46;0;0
80100;Σταθιάνικα,τα;0.46;0;0
24022;Στάρα,η;0.46;0;0
72200;Σφακούρα,η;0.46;0;0
72056;Σφακούρα,η;0.46;0;0
81105;Ταβάρι,το;0.46;0;0
70010;Τεφέλιον,το;0.46;0;0
70003;Τζανιανά,τα;0.46;0;0
24022;Τούμπια,τα;0.46;0;0
21051;Τριανταφύλλι,το;0.46;0;0
30015;Τριχώνιον,το;0.46;0;0
34015;Τσακαίοι,οι;0.46;0;0
27200;Τσαφλέικα,τα;0.46;0;0
27200;Τσιχλέικα,τα;0.46;0;0
49081;Τσουκαλιό,το;0.46;0;0
34150;Φάρος,ο;0.46;0;0
46100;Φασκομηλιά,η;0.46;0;0
29092;Φιολίτης,ο;0.46;0;0
82102;Φλάτσια,τα;0.46;0;0
27150;Φοναΐτικα,τα;0.46;0;0
25200;Φράγκα,η;0.46;0;0
72400;Φραθιάς,ο;0.46;0;0
27200;Χαβάριον,το;0.46;0;0
27059;Χαβάριον,το;0.46;0;0
82150;Χαλκειόν,το;0.46;0;0
27055;Χάνι Γρύλλου,το;0.46;0;0
70010;Χαράκιον,το;0.46;0;0
49080;Χλομός,ο;0.46;0;0
48062;Χόχλα,η;0.46;0;0
73004;Ψαριανά,τα;0.46;0;0
81105;Ψίνια,τα;0.46;0;0
23052;Αγγελώνα,η;0.45;0;0
81200;Αγία Βαρβάρα,η;0.45;0;0
85104;Αγία Ελεούσα,η;0.45;0;0
85106;Αγία Ελεούσα,η;0.45;0;0
28200;Αγία Θέκλη,η;0.45;0;0
70300;Αγία Σεμνή,η;0.45;0;0
32003;Αγία Σωτήρα,η;0.45;0;0
19015;Αγία Τριάδα,η;0.45;0;0
33200;Άγιος Αθανάσιος,ο (νησίς);0.45;0;0
49081;Άγιος Ανδρέας,ο;0.45;0;0
19001;Άγιος Γεώργιος,ο;0.45;0;0
48060;Άγιος Γεώργιος,ο;0.45;0;0
80100;Άγιος Ηλίας,ο;0.45;0;0
84002;Άγιος Θεόδωρος,ο;0.45;0;0
30200;Άγιος Θωμάς,ο;0.45;0;0
81200;Άγιος Ισίδωρος,ο;0.45;0;0
22007;Άγιος Ιωάννης Αρχαίας Ηραίας,ο;0.45;0;0
22028;Άγιος Ιωάννης Αρχαίας Ηραίας,ο;0.45;0;0
19004;Άγιος Ιωάννης,ο;0.45;0;0
19500;Άγιος Κωνσταντίνος,ο;0.45;0;0
33200;Άγιος Κωνσταντίνος,ο (νησίς);0.45;0;0
32001;Άγιος Νικόλαος,ο;0.45;0;0
32010;Άγιος Νικόλαος,ο;0.45;0;0
84501;Άγιος Πέτρος,ο;0.45;0;0
24400;Άγιος Στέφανος,ο;0.45;0;0
72055;Άγιος Στέφανος,ο;0.45;0;0
28100;Αγκών,ο;0.45;0;0
27069;Αγραπιδοχώριον,το;0.45;0;0
37005;Αδελφοί,οι (νησίς);0.45;0;0
47150;Ακροποταμιά,η;0.45;0;0
80100;Αλεξανδράδες,οι;0.45;0;0
34500;Αλιβέριον,το;0.45;0;0
73007;Αλίκαμπος,ο;0.45;0;0
34500;Αλώνια,τα;0.45;0;0
34017;Αλώνια,τα;0.45;0;0
74150;Αμπελάκιον,το;0.45;0;0
46100;Αμπέλια,τα;0.45;0;0
34001;Αμυγδαλέα,η;0.45;0;0
30500;Αμφιλοχικό Άργος,το;0.45;0;0
24002;Ανθούσα,η;0.45;0;0
84800;Αντίμηλος,η (νησίς);0.45;0;0
84501;Άνω Απροβάτου,το;0.45;0;0
25200;Άνω Σουδεναίικα,τα;0.45;0;0
73011;Ανώπολις,η;0.45;0;0
85104;Απόλλωνα,τα;0.45;0;0
85106;Απόλλωνα,τα;0.45;0;0
27064;Αρβανίτης,ο;0.45;0;0
74052;Αργουλιόν,το;0.45;0;0
74054;Αργουλιόν,το;0.45;0;0
70006;Αρμάχα,η;0.45;0;0
48100;Αρχάγγελος,ο;0.45;0;0
20150;Αρχαία Κόρινθος,η;0.45;0;0
20007;Αρχαία Κόρινθος,η;0.45;0;0
70300;Αστρίτσιον,το;0.45;0;0
34007;Ατσίτσα,η;0.45;0;0
34150;Αφράτιον,το;0.45;0;0
48062;Αχερουσία,η;0.45;0;0
83200;Βαλεοντάδες,οι;0.45;0;0
19004;Βελανιδιά,η;0.45;0;0
23070;Βελιαί,αι;0.45;0;0
25200;Βεσκουκαίικα,τα;0.45;0;0
70010;Βοριάς,ο;0.45;0;0
27150;Βούναργον,το;0.45;0;0
49084;Βουνιατάδες,οι;0.45;0;0
31100;Γένιον,το;0.45;0;0
23200;Γεφυράκι,το;0.45;0;0
25200;Γιουλαίικα,τα;0.45;0;0
30001;Γουριά,η;0.45;0;0
49081;Γουσάδες,οι;0.45;0;0
46100;Γραικοχώριον,το;0.45;0;0
73004;Γρηγοριανά,τα (Τοπική Κοινότητα Πλεμενιανών);0.45;0;0
28080;Γριζάτα,τα;0.45;0;0
27065;Γύρος,ο;0.45;0;0
70003;Δαφνές,ο;0.45;0;0
70011;Δαφνές,ο;0.45;0;0
25008;Δαφνούλα,η;0.45;0;0
72400;Δίλακκος,ο;0.45;0;0
25002;Δρεσθενά,τα;0.45;0;0
85104;Ελεούσα,η;0.45;0;0
85106;Ελεούσα,η;0.45;0;0
70300;Έμπαρος,η;0.45;0;0
70015;Έμπαρος,η;0.45;0;0
72053;Επάνω Λούμας,ο;0.45;0;0
30019;Επισκοπή,η;0.45;0;0
31081;Επισκοπή,η;0.45;0;0
19001;Ζαπάνι,το;0.45;0;0
30011;Ζευγαράκιον,το;0.45;0;0
23052;Ιέραξ,ο;0.45;0;0
23068;Ιέραξ,ο;0.45;0;0
70016;Ίνια,τα;0.45;0;0
70012;Ίνια,τα;0.45;0;0
33200;Ιτέα,η;0.45;0;0
34007;Καλαμίτσα,η;0.45;0;0
80100;Καλησπεριάνικα,τα;0.45;0;0
26500;Καλλιθέα,η;0.45;0;0
31100;Καλλιθέα,η;0.45;0;0
84200;Καλλονή,η;0.45;0;0
80100;Καλοκαιριναί,αι;0.45;0;0
30500;Κάμπος,ο;0.45;0;0
85104;Καπίον,το;0.45;0;0
85106;Καπίον,το;0.45;0;0
80100;Καρβουνάδες,οι;0.45;0;0
49081;Κάρνιαρης,ο;0.45;0;0
72150;Καρτέρηδες,οι;0.45;0;0
25200;Καρυά,η;0.45;0;0
49100;Κασιμάτικα,τα;0.45;0;0
25200;Κατσαϊταίικα,τα;0.45;0;0
24009;Κάτω Άμφεια,η;0.45;0;0
70100;Κάτω Αρχάναι,αι;0.45;0;0
27069;Κέντρον,το;0.45;0;0
80100;Κεραμωτόν,το;0.45;0;0
27064;Κλειδερέικα,τα;0.45;0;0
30400;Κλεισορρεύματα,τα;0.45;0;0
23070;Κληρονομαίικα,τα;0.45;0;0
34500;Κλιμάκι,το;0.45;0;0
33058;Κλοβινός,ο;0.45;0;0
49084;Κοντογιαλός,ο;0.45;0;0
73004;Κοπετοί,οι;0.45;0;0
71500;Κορφαί,αι;0.45;0;0
48062;Κορώνη,η;0.45;0;0
48062;Κορωνόπουλον,το;0.45;0;0
34500;Κόσκινα,τα;0.45;0;0
34017;Κόσκινα,τα;0.45;0;0
23062;Κοτράφιον,το;0.45;0;0
23071;Κοτράφιον,το;0.45;0;0
25100;Κουλούρα,η;0.45;0;0
74150;Κούμοι,οι;0.45;0;0
20006;Κρήναι,αι;0.45;0;0
20002;Κρήναι,αι;0.45;0;0
74052;Κρυονέριον,το;0.45;0;0
74054;Κρυονέριον,το;0.45;0;0
34150;Κτυπονήσιον,το (νησίς);0.45;0;0
25008;Κυδωνίαι,αι;0.45;0;0
25008;Κυδωνιές,οι;0.45;0;0
24001;Κυνηγός,ο;0.45;0;0
85109;Λάερμα,τα;0.45;0;0
49150;Λαζαρέτο,το (νησίς);0.45;0;0
24002;Λάμπαινα,η;0.45;0;0
80100;Λιανιάνικα,τα;0.45;0;0
80200;Λιανιάνικα,τα;0.45;0;0
70010;Λιγόρτυνος,η;0.45;0;0
82102;Λιθίον,το;0.45;0;0
22001;Λιλέικα,τα;0.45;0;0
73004;Λόφος,ο;0.45;0;0
31100;Λυγιά,η;0.45;0;0
48062;Λυγιά,η;0.45;0;0
70006;Λυττός,η;0.45;0;0
30400;Μαγούλες,οι;0.45;0;0
84501;Μακροτάνταλο,το;0.45;0;0
23200;Μαλλιαρή Συκιά,η;0.45;0;0
83301;Μανδριά,τα;0.45;0;0
73001;Μανιατιανά,τα;0.45;0;0
23200;Μαραθέα,η;0.45;0;0
83200;Μαραθόκαμπος,ο;0.45;0;0
83102;Μαραθόκαμπος,ο;0.45;0;0
72150;Μαργιέλιον,το;0.45;0;0
70300;Μάρθα,η;0.45;0;0
70015;Μάρθα,η;0.45;0;0
19003;Μαρκόπουλον,το;0.45;0;0
19402;Μαρκόπουλον,το;0.45;0;0
28086;Μαρκόπουλον,το;0.45;0;0
28082;Μαρκόπουλον,το;0.45;0;0
27064;Μάρμαρα,τα;0.45;0;0
82300;Μάρμαρον,το;0.45;0;0
37005;Μαρπούντα,τα;0.45;0;0
70300;Μελέσαι,αι;0.45;0;0
27052;Μέλισσα,η;0.45;0;0
24150;Μενινά,τα;0.45;0;0
23062;Μερμυγκιάνικα,τα;0.45;0;0
84500;Μεσαριά,η;0.45;0;0
31100;Μικρός Γιαλός,ο;0.45;0;0
30020;Μολύκρειον,το;0.45;0;0
21250;Μοναστηράκιον,το;0.45;0;0
33056;Μοναστηράκιον,το;0.45;0;0
20300;Μονή Αγίου Ιωάννου,η;0.45;0;0
84400;Μονή Αγίων Θεοδώρων,η;0.45;0;0
74150;Μονή Αρκαδίου,η;0.45;0;0
70010;Μοριά,η;0.45;0;0
70300;Μουσούτα,η;0.45;0;0
80100;Μυλοπόταμος,ο;0.45;0;0
83103;Μυτιληνιοί,οι;0.45;0;0
83101;Μυτιληνιοί,οι;0.45;0;0
27065;Νέα Κάμενα,η;0.45;0;0
48100;Νέα Σαμψούς,η;0.45;0;0
46100;Νέα Σελεύκεια,η;0.45;0;0
48100;Νέα Σινώπη,η;0.45;0;0
19004;Νεάπολη,η;0.45;0;0
82102;Νένητα,τα;0.45;0;0
23200;Νεοχώριον,το;0.45;0;0
27052;Νησίον,το;0.45;0;0
74061;Νίθαυρις,η;0.45;0;0
74059;Νίθαυρις,η;0.45;0;0
72400;Νικηθιανός,ο;0.45;0;0
31100;Νικιάνα,η;0.45;0;0
25100;Νικολαίικα,τα;0.45;0;0
27052;Ξενιές,οι;0.45;0;0
34131;Ξηρόβρυση,η;0.45;0;0
30300;Ξηροπήγαδον,το;0.45;0;0
33058;Όρμος Λεμονιάς,ο;0.45;0;0
74150;Όρος,το;0.45;0;0
73002;Παλαιά Ρούματα,τα;0.45;0;0
27150;Παλαιοβαρβάσαινα,η;0.45;0;0
27052;Παλαιοχώρα,η;0.45;0;0
70400;Παναγία,η;0.45;0;0
70002;Παναγία,η;0.45;0;0
74061;Παντάνασσα,η;0.45;0;0
34150;Παραλία Αυλίδος,η;0.45;0;0
70300;Πάρτιρα,τα;0.45;0;0
30001;Πεντάλοφον,το;0.45;0;0
49084;Πεντάτιον,το;0.45;0;0
27200;Πέρα Χαβάρι,το;0.45;0;0
30014;Πέραμα,το;0.45;0;0
70004;Περβόλα,η;0.45;0;0
72300;Περιβολάκια,τα;0.45;0;0
49081;Περιστερές,οι (νησίς);0.45;0;0
24022;Πηγή,η;0.45;0;0
24023;Πηγή,η;0.45;0;0
49084;Πικουλάτικα,τα;0.45;0;0
80100;Πίσω Πηγάδιον,το;0.45;0;0
80100;Ποταμός,ο (Τοπική Κοινότητα Ποταμού);0.45;0;0
25008;Πρέβεδος,ο;0.45;0;0
21100;Προφήτης Ηλίας,ο;0.45;0;0
82300;Πυργιά,τα;0.45;0;0
37002;Ρέπιον,το (νησίς);0.45;0;0
25100;Ριζόμυλος,ο;0.45;0;0
49081;Ρόδα,η (Δημοτική Κοινότητα Καρουσάδων);0.45;0;0
25100;Ροδοδάφνη,η;0.45;0;0
29092;Ρομίριον,το;0.45;0;0
73003;Σαμωνάς,ο;0.45;0;0
81105;Σκάλα Ερεσού,η;0.45;0;0
84200;Σκαλάδος,ο;0.45;0;0
37005;Σκάντζουρα,τα (νησίς);0.45;0;0
83104;Σκουραίικα,τα;0.45;0;0
70016;Σοκαράς,ο;0.45;0;0
49084;Σουλαίικα,τα;0.45;0;0
27069;Σούλιον,το;0.45;0;0
21250;Σπηλιωτάκης,ο;0.45;0;0
30400;Σταμνά,η;0.45;0;0
49081;Στάουσα,η;0.45;0;0
31100;Στενό,το;0.45;0;0
70400;Στέρνα,η;0.45;0;0
25008;Στεφάνη,η;0.45;0;0
23200;Σύνορα,τα;0.45;0;0
73004;Σφακός,ο;0.45;0;0
24150;Σωτηριάνικα,τα;0.45;0;0
23070;Τάλαντα,τα;0.45;0;0
73004;Τραχινιάκος,ο;0.45;0;0
82103;Τρύπαι,αι;0.45;0;0
37002;Τσουγκριά,η (νησίς);0.45;0;0
30500;Τσούκκα,η;0.45;0;0
83200;Υδρούσσα,η;0.45;0;0
70400;Φαρίον,το;0.45;0;0
28081;Φερεντινάτα,τα;0.45;0;0
74150;Φωτεινός,ο;0.45;0;0
19001;Χάρβαλο,το;0.45;0;0
83200;Χατζησταμούληδες,οι;0.45;0;0
84200;Χατζιράδος,ο;0.45;0;0
73003;Χιλιομουδού,η;0.45;0;0
28086;Χιονάτα,τα;0.45;0;0
28082;Χιονάτα,τα;0.45;0;0
81105;Χλιαρά,τα;0.45;0;0
70004;Χόνδρος,ο;0.45;0;0
81105;Χρούσος,ο;0.45;0;0
84400;Χωριουδάκι,το;0.45;0;0
47150;Ψαθοτόπιον,το;0.45;0;0
70003;Ψαλίδα,η;0.45;0;0
49081;Ψύλλος δύο,ο (νησίς);0.45;0;0
28086;Αγία Ειρήνη,η;0.44;0;0
49081;Αγία Πελαγία,η;0.44;0;0
74061;Αγία Φωτεινή,η;0.44;0;0
23051;Άγιος Ανδρέας,ο;0.44;0;0
23055;Άγιος Ανδρέας,ο;0.44;0;0
32200;Άγιος Βασίλειος,ο;0.44;0;0
81106;Άγιος Βασίλειος,ο (νησίς);0.44;0;0
27065;Άγιος Γεώργιος,ο;0.44;0;0
27069;Άγιος Δημήτριος,ο;0.44;0;0
85300;Άγιος Δημήτριος,ο;0.44;0;0
49081;Άγιος Ιωάννης,ο;0.44;0;0
74052;Άγιος Ιωάννης,ο;0.44;0;0
74054;Άγιος Ιωάννης,ο;0.44;0;0
23053;Άγιος Μάμας,ο;0.44;0;0
34150;Άγιος Νικόλαος,ο;0.44;0;0
84002;Άγιος Νικόλαος,ο;0.44;0;0
83200;Άγιος Παντελεήμων,ο;0.44;0;0
72300;Άγιος Σπυρίδων,ο;0.44;0;0
72059;Άγιος Σπυρίδων,ο;0.44;0;0
24200;Αγριλιά,η;0.44;0;0
25008;Αγριλιά,η;0.44;0;0
30200;Αγριλιά,η;0.44;0;0
24013;Αγριλιά,η;0.44;0;0
24008;Αγριλόβουνον,το;0.44;0;0
23200;Αιγίαι,αι;0.44;0;0
24004;Ακριτοχώριον,το;0.44;0;0
34500;Ακτή Νηρέως,η;0.44;0;0
49150;Αλεπού,η;0.44;0;0
27150;Αλποχώριον,το;0.44;0;0
24005;Αμμόλακα,η;0.44;0;0
24200;Αμφιθέα,η;0.44;0;0
24013;Αμφιθέα,η;0.44;0;0
47150;Ανέζα,η;0.44;0;0
84400;Ανερατζά,η;0.44;0;0
20150;Άνω Αλμυρή,η;0.44;0;0
34006;Άνω Βάθεια,η;0.44;0;0
23051;Άνω Γλυκόβρυση,η;0.44;0;0
23055;Άνω Γλυκόβρυση,η;0.44;0;0
24022;Άνω Δολοί,οι;0.44;0;0
24016;Άνω Δολοί,οι;0.44;0;0
74150;Άνω Μαλάκιον,το;0.44;0;0
47150;Απόμερον,το;0.44;0;0
73004;Αρμίον,το;0.44;0;0
27300;Αρχαία Ήλιδα,η;0.44;0;0
27065;Αρχαία Ολυμπία,η;0.44;0;0
70300;Αρχοντικόν,το;0.44;0;0
25200;Αυγεραίικα,τα;0.44;0;0
49081;Αυλιώται,οι;0.44;0;0
74061;Βαθιακόν,το;0.44;0;0
74059;Βαθιακόν,το;0.44;0;0
28086;Βαλεριάνος,ο;0.44;0;0
28082;Βαλεριάνος,ο;0.44;0;0
24400;Βάλτα,η;0.44;0;0
33200;Βάλτος,ο;0.44;0;0
82150;Βασιλεώνοικον,το;0.44;0;0
74051;Βενίον,το;0.44;0;0
73400;Βλάτος,το;0.44;0;0
73012;Βλάτος,το;0.44;0;0
24001;Βοζικέικα,τα;0.44;0;0
70003;Βορρός,ο;0.44;0;0
82102;Βουδότοπος,ο;0.44;0;0
72400;Βραχάσιον,το;0.44;0;0
72054;Βραχάσιον,το;0.44;0;0
23051;Βρονταμάς,ο;0.44;0;0
23058;Βρονταμάς,ο;0.44;0;0
23200;Βρύσαι,αι;0.44;0;0
33052;Γαλαξίδιον,το;0.44;0;0
33200;Γαλαξίδιον,το;0.44;0;0
29092;Γαλάρον,το;0.44;0;0
74052;Γαρίπας,ο;0.44;0;0
20400;Γελινιάτικα,τα;0.44;0;0
74150;Γενή,η;0.44;0;0
74061;Γέννα,η;0.44;0;0
73500;Γερολάκκος,ο;0.44;0;0
49150;Γλυφάδα,η;0.44;0;0
80100;Γουδιάνικα,τα;0.44;0;0
49100;Δέντρα,τα;0.44;0;0
73004;Δεσποτικό,το;0.44;0;0
24008;Διαβολίτσιον,το;0.44;0;0
24150;Διάσελλα,τα;0.44;0;0
21300;Δίδυμα,τα;0.44;0;0
20200;Διμηνιόν,το;0.44;0;0
19001;Διψέλιζα,η;0.44;0;0
83200;Δρακαίοι,οι;0.44;0;0
83102;Δρακαίοι,οι;0.44;0;0
26500;Δρέπανον,το;0.44;0;0
26504;Δρέπανον,το;0.44;0;0
24150;Δροσοπηγή,η;0.44;0;0
72400;Δύο Πρίνοι,οι;0.44;0;0
70010;Δωράκιον,το;0.44;0;0
73007;Εμπρόσνερος,ο;0.44;0;0
21059;Επάνω Επίδαυρος,η;0.44;0;0
31100;Επίσκοπος,ο;0.44;0;0
33058;Ερατεινή,η;0.44;0;0
24200;Εύα,η;0.44;0;0
24013;Εύα,η;0.44;0;0
25100;Ζήρια,η;0.44;0;0
25009;Ζήρια,η;0.44;0;0
34015;Ζωοδόχος Πηγή,η;0.44;0;0
46100;Ηγουμενίτσα,η;0.44;0;0
20004;Ήλιος,ο;0.44;0;0
27065;Ηράκλεια,η;0.44;0;0
27060;Ηράκλεια,η;0.44;0;0
48062;Θέμελον,το;0.44;0;0
70300;Θωμαδιανόν,το;0.44;0;0
70015;Θωμαδιανόν,το;0.44;0;0
24001;Ίκλαινα,η;0.44;0;0
34400;Κακοπέρατο,το;0.44;0;0
24200;Καλαμαράς,ο;0.44;0;0
28200;Καλάτα,τα;0.44;0;0
70100;Καλλονή,η;0.44;0;0
23062;Καλονιοί,οι;0.44;0;0
23071;Καλονιοί,οι;0.44;0;0
23062;Καλός,ο;0.44;0;0
23063;Καλός,ο;0.44;0;0
23070;Καλύβαι,αι;0.44;0;0
84501;Καλυβάρι,το;0.44;0;0
71500;Καμάριον,το;0.44;0;0
73004;Καμπανός,ο;0.44;0;0
27150;Κάμπος,ο;0.44;0;0
49150;Κανάλιον,το;0.44;0;0
25200;Καραμεσιναίικα,τα;0.44;0;0
27064;Καράτουλας,ο;0.44;0;0
23200;Καρβελάς,ο;0.44;0;0
74150;Καρέ,η;0.44;0;0
20400;Καριώτικα,τα (Τ.Κ.Καρυάς);0.44;0;0
27064;Καρούτες,οι;0.44;0;0
24005;Καρποφόρα,τα;0.44;0;0
24014;Καρποφόρα,τα;0.44;0;0
48062;Καστρίον,το;0.44;0;0
24004;Καφού,το;0.44;0;0
24010;Καφού,το;0.44;0;0
82300;Κεραμός,ο;0.44;0;0
30400;Κεφαλόβρυσον,το;0.44;0;0
20003;Κιάφα Μπέκα,η;0.44;0;0
33200;Κίρρα,η;0.44;0;0
27150;Κολίριον,το;0.44;0;0
28084;Κονιδαράτα,τα;0.44;0;0
28085;Κονιδαράτα,τα;0.44;0;0
80100;Κοντολιάνικα,τα;0.44;0;0
49084;Κορνάτα,τα;0.44;0;0
27065;Κοσκινάς,ο;0.44;0;0
27052;Κοττέικα,τα;0.44;0;0
27052;Κουγαίικα,τα;0.44;0;0
24013;Κουκουράχι,η;0.44;0;0
70100;Κουνάβοι,οι;0.44;0;0
25200;Κουνελαίικα,τα;0.44;0;0
24150;Κουρής,ο;0.44;0;0
70400;Κούρται,αι;0.44;0;0
73400;Κουτσοματάδος,ο;0.44;0;0
73010;Κουτσοματάδος,ο;0.44;0;0
84200;Κρόκος,ο;0.44;0;0
34007;Κυρά Παναγιά,η;0.44;0;0
30014;Κωστέϊκα,τα;0.44;0;0
24022;Λάκκος,ο;0.44;0;0
72300;Λάστρος,η;0.44;0;0
72057;Λάστρος,η;0.44;0;0
27065;Λατζόιον,το;0.44;0;0
27060;Λατζόιον,το;0.44;0;0
84400;Λεύκαι,αι;0.44;0;0
72400;Λίμναι,αι;0.44;0;0
27065;Λιναριά,η;0.44;0;0
34007;Λιναριά,η;0.44;0;0
80100;Λογοθετιάνικα,τα;0.44;0;0
80200;Λογοθετιάνικα,τα;0.44;0;0
83301;Λομβαρδάδες,οι;0.44;0;0
84200;Λουτρά,τα;0.44;0;0
48062;Λούτσα,η;0.44;0;0
24200;Λυκότραφος,ο;0.44;0;0
27064;Μαγούλα,η;0.44;0;0
73004;Μαρουδιανά,τα;0.44;0;0
49081;Μέγα Υδρί,το;0.44;0;0
70010;Μεσοχώριον,το;0.44;0;0
25003;Μετόχιον,το;0.44;0;0
70400;Μιαμού,η;0.44;0;0
21055;Μιδέα,η;0.44;0;0
23200;Μοναχή Συκιά,η;0.44;0;0
84501;Μονή Ζωοδόχου Πηγής,η;0.44;0;0
82102;Μονή Ταξιαρχών,η;0.44;0;0
27065;Μουριά,η;0.44;0;0
84500;Μουσιώνας,ο;0.44;0;0
84502;Μουσιώνας,ο;0.44;0;0
84200;Μπερδεμιάρος,ο;0.44;0;0
34500;Μπούφαλον,το;0.44;0;0
34017;Μπούφαλον,το;0.44;0;0
74150;Μύρθιος,η;0.44;0;0
34150;Μύτικας,ο;0.44;0;0
34007;Μώλος,ο;0.44;0;0
30300;Ναύπακτος,η;0.44;0;0
34150;Νέα Λάμψακος,η;0.44;0;0
27055;Νέο Χωριό,το;0.44;0;0
31100;Νυδρίον,το;0.44;0;0
34007;Νύφι,το;0.44;0;0
48062;Ξηρόλοφος,ο;0.44;0;0
27150;Ξυλοκέρα,η;0.44;0;0
49150;Οθωνοί,οι;0.44;0;0
82102;Ολύμποι,οι;0.44;0;0
73005;Ορθούνιον,το;0.44;0;0
23052;Πάκια,τα;0.44;0;0
49083;Παλαιοκαστρίτσα,η;0.44;0;0
73004;Παλληκαριανά,τα;0.44;0;0
21059;Παναγία,η;0.44;0;0
34008;Πανόραμα,το;0.44;0;0
73005;Παππαδιανά,τα;0.44;0;0
73004;Παππαδιανά,τα (Τοπική Κοινότητα Κακοδικίου);0.44;0;0
32200;Παραλία Λιβαδόστρας,η;0.44;0;0
34150;Πασάς,ο (νησίς);0.44;0;0
20200;Πάσιον,το;0.44;0;0
47150;Παχυκάλαμος,ο;0.44;0;0
72300;Πεζούλας,ο;0.44;0;0
49084;Πέραμα,το;0.44;0;0
47150;Περάνθη,η;0.44;0;0
20009;Πεταλού,η;0.44;0;0
19015;Πευκιάς,ο;0.44;0;0
29090;Πηγαδάκια,τα;0.44;0;0
70400;Πλουτή,η;0.44;0;0
25200;Ποιμενοχώριον,το;0.44;0;0
47150;Πολύδροσον,το;0.44;0;0
33200;Ποταμοί,οι;0.44;0;0
20006;Πουλλίτσα,η;0.44;0;0
82104;Πρασονήσι,το (νησίς);0.44;0;0
30020;Ρίζα,η;0.44;0;0
48100;Ριζά,τα;0.44;0;0
73004;Ροδοβάνιον,το;0.44;0;0
73009;Ροδοβάνιον,το;0.44;0;0
72300;Ρούσσα Εκκλησία,η;0.44;0;0
72400;Ρωμανός,ο;0.44;0;0
72300;Σανδάλιον,το;0.44;0;0
82300;Σαρακηνόπετρα,η (νησίς);0.44;0;0
73400;Σάσαλος,ο;0.44;0;0
73010;Σάσαλος,ο;0.44;0;0
19007;Σέσι,το;0.44;0;0
85108;Σιάνα,τα;0.44;0;0
81103;Σίγριον,το;0.44;0;0
81112;Σίγριον,το;0.44;0;0
29090;Σκινάρια,τα;0.44;0;0
29091;Σκινάρια,τα;0.44;0;0
34007;Σκυροπούλα,η (νησίς);0.44;0;0
27065;Σμίλα,η;0.44;0;0
27060;Σμίλα,η;0.44;0;0
83200;Σουρήδες,οι;0.44;0;0
25200;Σπαναίικα,τα;0.44;0;0
74053;Σπήλιον,το;0.44;0;0
30400;Σταθμός Σταμνάς,ο;0.44;0;0
48062;Σταυροχώριον,το;0.44;0;0
84500;Στενιαί,αι;0.44;0;0
24002;Στενύκλαρος,ο;0.44;0;0
24001;Στενωσιά,η;0.44;0;0
25008;Στέρνα,η;0.44;0;0
72300;Συκέα,η;0.44;0;0
72059;Συκέα,η;0.44;0;0
33200;Συκιά,η;0.44;0;0
33050;Συκιά,η;0.44;0;0
47040;Συκούλα,η;0.44;0;0
72300;Σωτήρα,η;0.44;0;0
72059;Σωτήρα,η;0.44;0;0
80100;Τριφυλλιάνικα,τα;0.44;0;0
80200;Τριφυλλιάνικα,τα;0.44;0;0
25200;Τσακώνικα,τα;0.44;0;0
74052;Τσαχιανά,τα;0.44;0;0
74054;Τσαχιανά,τα;0.44;0;0
17202;Υμηττός,ο;0.44;0;0
17236;Υμηττός,ο;0.44;0;0
17237;Υμηττός,ο;0.44;0;0
17248;Υμηττός,ο;0.44;0;0
27065;Φαναράς,ο;0.44;0;0
25008;Φαραί,αι;0.44;0;0
19001;Φέριζα,η;0.44;0;0
24002;Φίλια,το;0.44;0;0
48100;Φλάμπουρα,τα;0.44;0;0
23052;Φοινίκιον,το;0.44;0;0
23056;Φοινίκιον,το;0.44;0;0
34150;Φύλλα,τα;0.44;0;0
84002;Χαβουνά,τα;0.44;0;0
34100;Χαλκίς,η;0.44;0;0
34110;Χαλκίς,η;0.44;0;0
34132;Χαλκίς,η;0.44;0;0
34133;Χαλκίς,η;0.44;0;0
72300;Χαμέζιον,το;0.44;0;0
70010;Χάρακας,ο;0.44;0;0
70014;Χαρασόν,το;0.44;0;0
73001;Χασίον,το;0.44;0;0
31100;Χελώνη,η (νησίς);0.44;0;0
82100;Χίος,η;0.44;0;0
82110;Χίος,η;0.44;0;0
82131;Χίος,η;0.44;0;0
70300;Χουμέριον,το;0.44;0;0
30400;Χρυσοβέργιον,το;0.44;0;0
74052;Χώνος,ο;0.44;0;0
74054;Χώνος,ο;0.44;0;0
85101;Ψίνθος,η;0.44;0;0
24200;Αβραμιόν,το;0.43;0;0
30002;Αγία Βαρβάρα,η;0.43;0;0
84002;Αγία Μαρίνα,η;0.43;0;0
82103;Αγιάσματα,τα (Τ.Κ.Λεπτοπόδων);0.43;0;0
19014;Άγιοι Δημήτριος και Παντελεήμων,οι;0.43;0;0
22001;Άγιος Ανδρέας,ο;0.43;0;0
22006;Άγιος Ανδρέας,ο;0.43;0;0
27053;Άγιος Γεώργιος,ο;0.43;0;0
33200;Άγιος Γεώργιος,ο (νησίς);0.43;0;0
49083;Άγιος Γεώργιος,ο (Τ.Κ.Πάγων);0.43;0;0
49084;Άγιος Ιωάννης Περιστερών,ο;0.43;0;0
27200;Άγιος Ιωάννης,ο;0.43;0;0
84501;Άγιος Ιωάννης,ο;0.43;0;0
84502;Άγιος Ιωάννης,ο;0.43;0;0
25200;Άγιος Νικόλαος,ο (Τοπική Κοινότητα Αγίου Νικολάου Κράλης);0.43;0;0
33056;Άγιος Πολύκαρπος,ο;0.43;0;0
82150;Άγιος Στέφανος,ο (νησίς);0.43;0;0
74052;Αγρίδια,τα;0.43;0;0
74054;Αγρίδια,τα;0.43;0;0
10000;Αθήναι,αι;0.43;0;0
10009;Αθήναι,αι;0.43;0;0
10010;Αθήναι,αι;0.43;0;0
10020;Αθήναι,αι;0.43;0;0
10021;Αθήναι,αι;0.43;0;0
10022;Αθήναι,αι;0.43;0;0
10023;Αθήναι,αι;0.43;0;0
10024;Αθήναι,αι;0.43;0;0
10025;Αθήναι,αι;0.43;0;0
10026;Αθήναι,αι;0.43;0;0
10027;Αθήναι,αι;0.43;0;0
10028;Αθήναι,αι;0.43;0;0
10029;Αθήναι,αι;0.43;0;0
10032;Αθήναι,αι;0.43;0;0
10033;Αθήναι,αι;0.43;0;0
10034;Αθήναι,αι;0.43;0;0
10035;Αθήναι,αι;0.43;0;0
10037;Αθήναι,αι;0.43;0;0
10038;Αθήναι,αι;0.43;0;0
10040;Αθήναι,αι;0.43;0;0
10100;Αθήναι,αι;0.43;0;0
10101;Αθήναι,αι;0.43;0;0
10102;Αθήναι,αι;0.43;0;0
10103;Αθήναι,αι;0.43;0;0
10104;Αθήναι,αι;0.43;0;0
10110;Αθήναι,αι;0.43;0;0
10160;Αθήναι,αι;0.43;0;0
10161;Αθήναι,αι;0.43;0;0
10162;Αθήναι,αι;0.43;0;0
10163;Αθήναι,αι;0.43;0;0
10164;Αθήναι,αι;0.43;0;0
10165;Αθήναι,αι;0.43;0;0
10166;Αθήναι,αι;0.43;0;0
10167;Αθήναι,αι;0.43;0;0
10168;Αθήναι,αι;0.43;0;0
10169;Αθήναι,αι;0.43;0;0
10170;Αθήναι,αι;0.43;0;0
10171;Αθήναι,αι;0.43;0;0
10172;Αθήναι,αι;0.43;0;0
10173;Αθήναι,αι;0.43;0;0
10174;Αθήναι,αι;0.43;0;0
10175;Αθήναι,αι;0.43;0;0
10176;Αθήναι,αι;0.43;0;0
10177;Αθήναι,αι;0.43;0;0
10178;Αθήναι,αι;0.43;0;0
10179;Αθήναι,αι;0.43;0;0
10180;Αθήναι,αι;0.43;0;0
10181;Αθήναι,αι;0.43;0;0
10182;Αθήναι,αι;0.43;0;0
10183;Αθήναι,αι;0.43;0;0
10184;Αθήναι,αι;0.43;0;0
10185;Αθήναι,αι;0.43;0;0
10186;Αθήναι,αι;0.43;0;0
10187;Αθήναι,αι;0.43;0;0
10188;Αθήναι,αι;0.43;0;0
10189;Αθήναι,αι;0.43;0;0
10190;Αθήναι,αι;0.43;0;0
10191;Αθήναι,αι;0.43;0;0
10192;Αθήναι,αι;0.43;0;0
10193;Αθήναι,αι;0.43;0;0
10200;Αθήναι,αι;0.43;0;0
10210;Αθήναι,αι;0.43;0;0
10220;Αθήναι,αι;0.43;0;0
10221;Αθήναι,αι;0.43;0;0
10222;Αθήναι,αι;0.43;0;0
10223;Αθήναι,αι;0.43;0;0
10225;Αθήναι,αι;0.43;0;0
10226;Αθήναι,αι;0.43;0;0
10227;Αθήναι,αι;0.43;0;0
10228;Αθήναι,αι;0.43;0;0
10229;Αθήναι,αι;0.43;0;0
10230;Αθήναι,αι;0.43;0;0
10231;Αθήναι,αι;0.43;0;0
10233;Αθήναι,αι;0.43;0;0
10235;Αθήναι,αι;0.43;0;0
10236;Αθήναι,αι;0.43;0;0
10237;Αθήναι,αι;0.43;0;0
10238;Αθήναι,αι;0.43;0;0
10239;Αθήναι,αι;0.43;0;0
10240;Αθήναι,αι;0.43;0;0
10241;Αθήναι,αι;0.43;0;0
10242;Αθήναι,αι;0.43;0;0
10244;Αθήναι,αι;0.43;0;0
10245;Αθήναι,αι;0.43;0;0
10246;Αθήναι,αι;0.43;0;0
10247;Αθήναι,αι;0.43;0;0
10248;Αθήναι,αι;0.43;0;0
10249;Αθήναι,αι;0.43;0;0
10250;Αθήναι,αι;0.43;0;0
10251;Αθήναι,αι;0.43;0;0
10252;Αθήναι,αι;0.43;0;0
10300;Αθήναι,αι;0.43;0;0
10310;Αθήναι,αι;0.43;0;0
10390;Αθήναι,αι;0.43;0;0
10391;Αθήναι,αι;0.43;0;0
10392;Αθήναι,αι;0.43;0;0
10393;Αθήναι,αι;0.43;0;0
10431;Αθήναι,αι;0.43;0;0
10432;Αθήναι,αι;0.43;0;0
10433;Αθήναι,αι;0.43;0;0
10434;Αθήναι,αι;0.43;0;0
10435;Αθήναι,αι;0.43;0;0
10436;Αθήναι,αι;0.43;0;0
10437;Αθήναι,αι;0.43;0;0
10438;Αθήναι,αι;0.43;0;0
10439;Αθήναι,αι;0.43;0;0
10440;Αθήναι,αι;0.43;0;0
10441;Αθήναι,αι;0.43;0;0
10442;Αθήναι,αι;0.43;0;0
10443;Αθήναι,αι;0.43;0;0
10444;Αθήναι,αι;0.43;0;0
10445;Αθήναι,αι;0.43;0;0
10446;Αθήναι,αι;0.43;0;0
10447;Αθήναι,αι;0.43;0;0
10448;Αθήναι,αι;0.43;0;0
10449;Αθήναι,αι;0.43;0;0
10533;Αθήναι,αι;0.43;0;0
10551;Αθήναι,αι;0.43;0;0
10552;Αθήναι,αι;0.43;0;0
10553;Αθήναι,αι;0.43;0;0
10554;Αθήναι,αι;0.43;0;0
10555;Αθήναι,αι;0.43;0;0
10556;Αθήναι,αι;0.43;0;0
10557;Αθήναι,αι;0.43;0;0
10558;Αθήναι,αι;0.43;0;0
10559;Αθήναι,αι;0.43;0;0
10560;Αθήναι,αι;0.43;0;0
10561;Αθήναι,αι;0.43;0;0
10562;Αθήναι,αι;0.43;0;0
10563;Αθήναι,αι;0.43;0;0
10564;Αθήναι,αι;0.43;0;0
10671;Αθήναι,αι;0.43;0;0
10672;Αθήναι,αι;0.43;0;0
10673;Αθήναι,αι;0.43;0;0
10674;Αθήναι,αι;0.43;0;0
10675;Αθήναι,αι;0.43;0;0
10676;Αθήναι,αι;0.43;0;0
10677;Αθήναι,αι;0.43;0;0
10678;Αθήναι,αι;0.43;0;0
10679;Αθήναι,αι;0.43;0;0
10680;Αθήναι,αι;0.43;0;0
10681;Αθήναι,αι;0.43;0;0
10682;Αθήναι,αι;0.43;0;0
10683;Αθήναι,αι;0.43;0;0
11101;Αθήναι,αι;0.43;0;0
11110;Αθήναι,αι;0.43;0;0
11141;Αθήναι,αι;0.43;0;0
11142;Αθήναι,αι;0.43;0;0
11143;Αθήναι,αι;0.43;0;0
11144;Αθήναι,αι;0.43;0;0
11145;Αθήναι,αι;0.43;0;0
11201;Αθήναι,αι;0.43;0;0
11210;Αθήναι,αι;0.43;0;0
11251;Αθήναι,αι;0.43;0;0
11252;Αθήναι,αι;0.43;0;0
11253;Αθήναι,αι;0.43;0;0
11254;Αθήναι,αι;0.43;0;0
11255;Αθήναι,αι;0.43;0;0
11256;Αθήναι,αι;0.43;0;0
11257;Αθήναι,αι;0.43;0;0
11301;Αθήναι,αι;0.43;0;0
11310;Αθήναι,αι;0.43;0;0
11343;Αθήναι,αι;0.43;0;0
11361;Αθήναι,αι;0.43;0;0
11362;Αθήναι,αι;0.43;0;0
11363;Αθήναι,αι;0.43;0;0
11364;Αθήναι,αι;0.43;0;0
11401;Αθήναι,αι;0.43;0;0
11402;Αθήναι,αι;0.43;0;0
11403;Αθήναι,αι;0.43;0;0
11410;Αθήναι,αι;0.43;0;0
11471;Αθήναι,αι;0.43;0;0
11472;Αθήναι,αι;0.43;0;0
11473;Αθήναι,αι;0.43;0;0
11474;Αθήναι,αι;0.43;0;0
11475;Αθήναι,αι;0.43;0;0
11476;Αθήναι,αι;0.43;0;0
11501;Αθήναι,αι;0.43;0;0
11502;Αθήναι,αι;0.43;0;0
11503;Αθήναι,αι;0.43;0;0
11510;Αθήναι,αι;0.43;0;0
11521;Αθήναι,αι;0.43;0;0
11522;Αθήναι,αι;0.43;0;0
11523;Αθήναι,αι;0.43;0;0
11524;Αθήναι,αι;0.43;0;0
11526;Αθήναι,αι;0.43;0;0
11527;Αθήναι,αι;0.43;0;0
11528;Αθήναι,αι;0.43;0;0
11601;Αθήναι,αι;0.43;0;0
11602;Αθήναι,αι;0.43;0;0
11603;Αθήναι,αι;0.43;0;0
11610;Αθήναι,αι;0.43;0;0
11631;Αθήναι,αι;0.43;0;0
11632;Αθήναι,αι;0.43;0;0
11633;Αθήναι,αι;0.43;0;0
11634;Αθήναι,αι;0.43;0;0
11635;Αθήναι,αι;0.43;0;0
11636;Αθήναι,αι;0.43;0;0
11680;Αθήναι,αι;0.43;0;0
11701;Αθήναι,αι;0.43;0;0
11702;Αθήναι,αι;0.43;0;0
11703;Αθήναι,αι;0.43;0;0
11704;Αθήναι,αι;0.43;0;0
11710;Αθήναι,αι;0.43;0;0
11741;Αθήναι,αι;0.43;0;0
11742;Αθήναι,αι;0.43;0;0
11743;Αθήναι,αι;0.43;0;0
11744;Αθήναι,αι;0.43;0;0
11745;Αθήναι,αι;0.43;0;0
11780;Αθήναι,αι;0.43;0;0
11782;Αθήναι,αι;0.43;0;0
11801;Αθήναι,αι;0.43;0;0
11810;Αθήναι,αι;0.43;0;0
11851;Αθήναι,αι;0.43;0;0
11852;Αθήναι,αι;0.43;0;0
11853;Αθήναι,αι;0.43;0;0
11854;Αθήναι,αι;0.43;0;0
11855;Αθήναι,αι;0.43;0;0
16141;Αθήναι,αι;0.43;0;0
25100;Αίγιον,το;0.43;0;0
27065;Αλμυρίκι,το;0.43;0;0
27060;Αλμυρίκι,το;0.43;0;0
30002;Αμμούσα,η;0.43;0;0
84500;Αμονακλιός,ο;0.43;0;0
84502;Αμονακλιός,ο;0.43;0;0
72055;Ανδριανός,ο;0.43;0;0
34150;Ανθηδώνα,η;0.43;0;0
25200;Άνω Αχαΐα,η;0.43;0;0
84501;Άνω Γαύριο,το;0.43;0;0
70006;Άνω Καρουζανά,τα;0.43;0;0
70010;Αποσελέμιον,το;0.43;0;0
46030;Αρίλλας,ο;0.43;0;0
70300;Αρκαλοχώριον,το;0.43;0;0
27065;Αρχαία Πίσα,η;0.43;0;0
49084;Ασπάι,το;0.43;0;0
72150;Ατζιμπράγα,τα;0.43;0;0
27300;Αυγείον,το;0.43;0;0
27150;Βαρβάσαινα,η;0.43;0;0
83100;Βαρέλλα,η;0.43;0;0
84501;Βαρίδι,το;0.43;0;0
25008;Βασιλικόν,το;0.43;0;0
34002;Βασιλικόν,το;0.43;0;0
81300;Βατερά,τα;0.43;0;0
73007;Βαφές,ο;0.43;0;0
20006;Βέλον,το;0.43;0;0
20002;Βέλον,το;0.43;0;0
70016;Βελούλιον,το;0.43;0;0
28084;Βεντουράτα,τα;0.43;0;0
28082;Βεντουράτα,τα;0.43;0;0
47150;Βίγλα,η;0.43;0;0
25200;Βραχναίικα,τα;0.43;0;0
25005;Βραχναίικα,τα;0.43;0;0
20150;Γαλατάκιον,το;0.43;0;0
70006;Γαλατάς,ο;0.43;0;0
25200;Γερουσαίικα,τα;0.43;0;0
25005;Γερουσαίικα,τα;0.43;0;0
25006;Γκουμαίικα,τα;0.43;0;0
70200;Γρηγορία,η;0.43;0;0
28100;Δεμουτσαντάτα,τα;0.43;0;0
20009;Δερβένι,το;0.43;0;0
32009;Δήλεσι,το;0.43;0;0
32011;Δήλεσι,το;0.43;0;0
48062;Δίκορφον,το;0.43;0;0
85104;Διμυλιά,η;0.43;0;0
85106;Διμυλιά,η;0.43;0;0
21250;Διχάλια,τα;0.43;0;0
20200;Δουρβατιώνα,η;0.43;0;0
72400;Δράκος,ο;0.43;0;0
73002;Δρομόνερον,το;0.43;0;0
34150;Δροσιά,η;0.43;0;0
27065;Δρούβα,η;0.43;0;0
23062;Δρύαλος,ο;0.43;0;0
23063;Δρύαλος,ο;0.43;0;0
73004;Δρυς,ο;0.43;0;0
72300;Έξω Μουλιανά,τα;0.43;0;0
72057;Έξω Μουλιανά,τα;0.43;0;0
23062;Έξω Νύμφιον,το;0.43;0;0
49084;Επισκοπιανά,τα;0.43;0;0
49150;Ερεικούσσα,η;0.43;0;0
70400;Ζαρός,ο;0.43;0;0
70002;Ζαρός,ο;0.43;0;0
30200;Ζεστή,η;0.43;0;0
73006;Ζυμπραγός,ο;0.43;0;0
30200;Θεοδωρακαίικα,τα;0.43;0;0
73400;Θεοδωριανά,τα;0.43;0;0
73012;Θεοδωριανά,τα;0.43;0;0
25008;Ίσωμα,το;0.43;0;0
32200;Καλαμάκι,το;0.43;0;0
25200;Καλαμάκιον,το (Τοπική Κοινότητα Αγίου Νικολάου Κράλης);0.43;0;0
29090;Καλλιθέα,η;0.43;0;0
47150;Καλογερικόν,το;0.43;0;0
24002;Καλύβια,τα;0.43;0;0
72150;Κάλυβος,ο;0.43;0;0
19015;Καμάρι,το;0.43;0;0
48100;Κανάλιον,το;0.43;0;0
30019;Κανδήλα,η;0.43;0;0
74150;Καπεδιανά,τα;0.43;0;0
27052;Καπελέτον,το;0.43;0;0
25200;Καραίικα,τα;0.43;0;0
31100;Καριώται,οι;0.43;0;0
20150;Κατακάλιον,το;0.43;0;0
30001;Κατοχή,η;0.43;0;0
30007;Κατοχή,η;0.43;0;0
27150;Κατσαρός,ο;0.43;0;0
74053;Κατσογρίδα,η;0.43;0;0
72053;Κάτω Λούμας,ο;0.43;0;0
23200;Καυκί,το;0.43;0;0
49100;Κέρκυρα,η;0.43;0;0
49101;Κέρκυρα,η;0.43;0;0
49110;Κέρκυρα,η;0.43;0;0
49131;Κέρκυρα,η;0.43;0;0
49132;Κέρκυρα,η;0.43;0;0
30400;Κεφαλόβρυσος,ο;0.43;0;0
74061;Κλησίδιον,το;0.43;0;0
80100;Κομηνιάνικα,τα;0.43;0;0
73500;Κοντόπουλα,τα;0.43;0;0
84500;Κόρθιον,το;0.43;0;0
70400;Κουμάσα,η;0.43;0;0
70012;Κουμάσα,η;0.43;0;0
83300;Κουντουμάς,ο;0.43;0;0
80100;Κουσουνάριον,το;0.43;0;0
80200;Κουσουνάριον,το;0.43;0;0
26500;Κρήνη,η;0.43;0;0
84200;Κτικάδος,ο;0.43;0;0
74052;Κυνηγιανά,τα;0.43;0;0
70100;Κώμες,οι;0.43;0;0
29092;Λαγκαδάκια,τα;0.43;0;0
73001;Λαγκαδάς,ο;0.43;0;0
23062;Λαγοκοίλιον,το;0.43;0;0
28300;Λεύκη,η;0.43;0;0
70300;Λευκοχώριον,το;0.43;0;0
22029;Λιβάδι,το;0.43;0;0
33056;Λόγγος,ο;0.43;0;0
47150;Λουτρότοπος,ο;0.43;0;0
20009;Λυγιά,η;0.43;0;0
31100;Μαδουρή,η (νησίς);0.43;0;0
33056;Μαλάματα,τα;0.43;0;0
19001;Μαλιαστέκα,η;0.43;0;0
33056;Μαναγούλη,η;0.43;0;0
30001;Μάστρον,το;0.43;0;0
81103;Μεγαλονήσιον,το (νησίς);0.43;0;0
20200;Μελίσσιον,το;0.43;0;0
84501;Μερμηγκιές,οι;0.43;0;0
84500;Μέσα Χωρίον,το;0.43;0;0
84502;Μέσα Χωρίον,το;0.43;0;0
82102;Μεστά,τα;0.43;0;0
83104;Μετόχι,το;0.43;0;0
70016;Μετόχια Σοκαρά,τα;0.43;0;0
21055;Μετόχιον,το;0.43;0;0
48100;Μιχαλίτσιον,το;0.43;0;0
74061;Μοναστηράκιον,το;0.43;0;0
19001;Μονή Κακής Θαλάσσης,η;0.43;0;0
28200;Μονοπολάτα,τα;0.43;0;0
74055;Μούντρος,ο;0.43;0;0
74058;Μούντρος,ο;0.43;0;0
70007;Μοχός,ο;0.43;0;0
70005;Μοχός,ο;0.43;0;0
47150;Μύτικας,ο;0.43;0;0
34600;Νέα Αρτάκη,η;0.43;0;0
27055;Νέα Καλυβάκια,τα;0.43;0;0
73005;Νέα Ρούματα,τα;0.43;0;0
27052;Νεάπολις,η;0.43;0;0
24002;Νεοχώριον,το;0.43;0;0
47041;Νεοχώριον,το;0.43;0;0
30400;Νησάκι,το;0.43;0;0
49100;Νικολάτικα,τα;0.43;0;0
83301;Ξήντα,τα;0.43;0;0
20200;Οικοδομικός Συνεταιρισμός Υπαλλήλων ΔΕΗ,ο;0.43;0;0
23062;Οίτυλον,το;0.43;0;0
27053;Όλγα,η;0.43;0;0
32001;Όρμος Αγίου Ιωάννου,ο;0.43;0;0
32010;Όρμος Αγίου Ιωάννου,ο;0.43;0;0
49100;Παλιοκάλυβα,τα;0.43;0;0
32006;Παναγία Καλαμιώτισσα,η;0.43;0;0
27200;Παναγία,η;0.43;0;0
32001;Παραλία,η;0.43;0;0
72300;Παρασπόριον,το;0.43;0;0
27065;Πελόπιον,το;0.43;0;0
27060;Πελόπιον,το;0.43;0;0
12000;Περιστέριον,το;0.43;0;0
12010;Περιστέριον,το;0.43;0;0
12100;Περιστέριον,το;0.43;0;0
12101;Περιστέριον,το;0.43;0;0
12102;Περιστέριον,το;0.43;0;0
12103;Περιστέριον,το;0.43;0;0
12104;Περιστέριον,το;0.43;0;0
12105;Περιστέριον,το;0.43;0;0
12106;Περιστέριον,το;0.43;0;0
12110;Περιστέριον,το;0.43;0;0
12131;Περιστέριον,το;0.43;0;0
12132;Περιστέριον,το;0.43;0;0
12133;Περιστέριον,το;0.43;0;0
12134;Περιστέριον,το;0.43;0;0
12135;Περιστέριον,το;0.43;0;0
12136;Περιστέριον,το;0.43;0;0
12137;Περιστέριον,το;0.43;0;0
49081;Περουλάδες,οι;0.43;0;0
27053;Πηγάδιον,το;0.43;0;0
32009;Πλάκα Δήλεσι,η;0.43;0;0
32011;Πλάκα Δήλεσι,η;0.43;0;0
30020;Πλατανίτης,ο;0.43;0;0
27065;Πλάτανος,ο;0.43;0;0
84200;Πλατιά,τα;0.43;0;0
84201;Πλατιά,τα;0.43;0;0
30012;Πογωνιά,η;0.43;0;0
24008;Πολίχνη,η;0.43;0;0
19015;Πόντιοι,οι;0.43;0;0
27065;Πουρνάριον,το;0.43;0;0
27060;Πουρνάριον,το;0.43;0;0
81103;Πόχης,ο (νησίς);0.43;0;0
27150;Πράσινον,το;0.43;0;0
71500;Προφήτης Ηλίας,ο;0.43;0;0
70010;Πύργος,ο;0.43;0;0
25200;Ράχη,η;0.43;0;0
28086;Ρίζα,η;0.43;0;0
83103;Ριζοβράχος,ο;0.43;0;0
26335;Ρυάκι,το;0.43;0;0
25200;Σαγαίικα,τα;0.43;0;0
25005;Σαγαίικα,τα;0.43;0;0
74053;Σακτούρια,τα;0.43;0;0
34007;Σαρακηνόν,το (νησίς);0.43;0;0
25100;Σελιανίτικα,τα;0.43;0;0
23062;Σκαλτσοτιάνικα,τα;0.43;0;0
33056;Σκάλωμα,το;0.43;0;0
73005;Σκονίζον,το;0.43;0;0
29090;Σκουληκάδον,το;0.43;0;0
27056;Σκουπάς,ο;0.43;0;0
70006;Σμάριον,το;0.43;0;0
31084;Σπαρτοχώριον,το;0.43;0;0
31083;Σπαρτοχώριον,το;0.43;0;0
72055;Σταυροχώριον,το;0.43;0;0
70016;Στέρναι,αι;0.43;0;0
27065;Στρέφιον,το;0.43;0;0
27060;Στρέφιον,το;0.43;0;0
49084;Στρογγυλή,η;0.43;0;0
19015;Συκάμινον,το;0.43;0;0
23052;Συκέα,η;0.43;0;0
19001;Συντερίνα,η;0.43;0;0
72055;Σχινοκάψαλα,τα;0.43;0;0
28086;Τζανάτα,τα;0.43;0;0
80100;Τραβασαριάνικα,τα;0.43;0;0
30200;Τρελάγκαθα,τα;0.43;0;0
21250;Τρίστρατον,το;0.43;0;0
80100;Τσικαλαριά,τα;0.43;0;0
24002;Τσουκαλαίικα,τα;0.43;0;0
48062;Τσουκνίδα,η;0.43;0;0
73400;Τσουρουνιανά,τα;0.43;0;0
27065;Φλόκας,ο;0.43;0;0
27060;Φλόκας,ο;0.43;0;0
23062;Φλομοχώριον,το;0.43;0;0
23062;Φραγκούλιας,ο;0.43;0;0
23063;Φραγκούλιας,ο;0.43;0;0
31100;Φρύνιον,το;0.43;0;0
34400;Φτελιά Παραλίας Καστέλλας,η;0.43;0;0
25200;Φυλακές,οι;0.43;0;0
25018;Φυλακές,οι;0.43;0;0
22300;Φωκιανό,το;0.43;0;0
73002;Φωτακάδον,το;0.43;0;0
25200;Χαϊκάλιον,το;0.43;0;0
22008;Χάνια,τα;0.43;0;0
22001;Χειμερινή Μελιγού,η;0.43;0;0
70008;Χοχλακιαί,αι;0.43;0;0
49084;Χρυσηίς,η;0.43;0;0
24001;Χωματάδα,η;0.43;0;0
72200;Ψαθί,το;0.43;0;0
49080;Ψαράς,ο;0.43;0;0
19015;Αγία Αικατερίνη,η;0.42;0;0
22001;Αγία Αναστασία,η;0.42;0;0
80100;Αγία Αναστασία,η;0.42;0;0
80200;Αγία Αναστασία,η;0.42;0;0
12300;Αγία Βαρβάρα,η;0.42;0;0
12301;Αγία Βαρβάρα,η;0.42;0;0
12310;Αγία Βαρβάρα,η;0.42;0;0
12351;Αγία Βαρβάρα,η;0.42;0;0
33058;Αγία Ειρήνη,η;0.42;0;0
21059;Αγία Παρασκευή,η;0.42;0;0
28081;Αγία Σοφία,η;0.42;0;0
19003;Αγία Τριάδα,η;0.42;0;0
70100;Άγιαι Παρασκιαί,αι;0.42;0;0
82103;Αγιάσματα,τα (Τ.Κ.Κεράμου);0.42;0;0
19015;Άγιος Αθανάσιος,ο;0.42;0;0
27150;Άγιος Γεώργιος,ο (Τ.Κ.Αγίου Γεωργίου);0.42;0;0
49083;Άγιος Γεώργιος,ο (Τ.Κ.Αρμενάδων);0.42;0;0
34500;Άγιος Δημήτριος,ο;0.42;0;0
34017;Άγιος Δημήτριος,ο;0.42;0;0
20150;Άγιος Κοσμάς,ο;0.42;0;0
30002;Άγιος Νικόλαος,ο;0.42;0;0
33058;Άγιος Νικόλαος,ο;0.42;0;0
33200;Άγιος Νικόλαος,ο;0.42;0;0
33050;Άγιος Νικόλαος,ο;0.42;0;0
33058;Άγιος Σπυρίδων,ο;0.42;0;0
25200;Άγιος Στέφανος,ο;0.42;0;0
27056;Αγραπιδιά,η;0.42;0;0
28300;Αετός,ο;0.42;0;0
28200;Αθέρας,ο;0.42;0;0
84500;Αϊπάτια,τα;0.42;0;0
84502;Αϊπάτια,τα;0.42;0;0
23062;Ακρογιάλιο,το;0.42;0;0
23071;Ακρογιάλιο,το;0.42;0;0
28086;Αλειμματάς,ο;0.42;0;0
28082;Αλειμματάς,ο;0.42;0;0
27150;Αλφειούσα,η;0.42;0;0
27058;Αλφειούσα,η;0.42;0;0
27200;Αμαλιάς,η;0.42;0;0
24200;Αμπελόραχη,η;0.42;0;0
34500;Ανθούπολη,η;0.42;0;0
18010;Ανίτσαιον,το;0.42;0;0
19001;Άνω Δασκαλειό,το;0.42;0;0
70300;Άνω Πουλιά,η;0.42;0;0
25200;Απιδεών,ο;0.42;0;0
74061;Αποδούλου,το;0.42;0;0
74059;Αποδούλου,το;0.42;0;0
70016;Αποΐνιον,το;0.42;0;0
25200;Απόστολοι,οι;0.42;0;0
70006;Απόστολοι,οι;0.42;0;0
25005;Απόστολοι,οι;0.42;0;0
30200;Αρβανιταίικα,τα;0.42;0;0
21200;Άργος,το;0.42;0;0
21201;Άργος,το;0.42;0;0
21210;Άργος,το;0.42;0;0
21231;Άργος,το;0.42;0;0
21232;Άργος,το;0.42;0;0
74055;Αργυρούπολις,η;0.42;0;0
24200;Αριστοδήμειον,το;0.42;0;0
24013;Αριστοδήμειον,το;0.42;0;0
74052;Αρχαία Ελεύθερνα,η;0.42;0;0
85104;Αρχίπολις,η;0.42;0;0
85106;Αρχίπολις,η;0.42;0;0
20300;Ασπρόκαμπος,ο;0.42;0;0
19300;Ασπρόπυργος,ο;0.42;0;0
19301;Ασπρόπυργος,ο;0.42;0;0
30006;Αστακός,ο;0.42;0;0
22001;Άστρος,το;0.42;0;0
84501;Ατένι,το (Τ.Κ. Αρνά);0.42;0;0
49081;Αφιών,ο;0.42;0;0
33200;Αψηφιά,η (νησίς);0.42;0;0
70400;Βαλής,ο;0.42;0;0
70012;Βαλής,ο;0.42;0;0
24002;Βαλύρα,η;0.42;0;0
23062;Βάμβακα,η;0.42;0;0
23063;Βάμβακα,η;0.42;0;0
22001;Βάρβογλη,η;0.42;0;0
23062;Βελούσι,το;0.42;0;0
23063;Βελούσι,το;0.42;0;0
84200;Βεναρδάτος,ο;0.42;0;0
84201;Βεναρδάτος,ο;0.42;0;0
20150;Βλασαίικα,τα;0.42;0;0
20006;Βοχαϊκόν,το;0.42;0;0
27055;Βρίνα,η;0.42;0;0
33200;Γενημάκια,τα;0.42;0;0
33050;Γενημάκια,τα;0.42;0;0
80100;Γερακάριον,το;0.42;0;0
80200;Γερακάριον,το;0.42;0;0
73006;Γρα Κερά,η;0.42;0;0
27065;Διεθνής Ολυμπιακή Ακαδημία,η;0.42;0;0
23200;Διρόν,το;0.42;0;0
28084;Δραπανίτικα,τα;0.42;0;0
28085;Δραπανίτικα,τα;0.42;0;0
24001;Ελαιόφυτον,το;0.42;0;0
25003;Ελαιών,ο;0.42;0;0
20150;Εξαμίλια,τα;0.42;0;0
20006;Ευαγγελίστρια,η;0.42;0;0
30014;Ευηνοχώριον,το;0.42;0;0
72300;Ζάκρος,η;0.42;0;0
20006;Ζευγολατείον,το;0.42;0;0
24002;Ζευγολατείον,το;0.42;0;0
20001;Ζευγολατείον,το;0.42;0;0
72400;Ζούρβα,η;0.42;0;0
26500;Θέα,η;0.42;0;0
74061;Θρόνος,ο;0.42;0;0
20150;Θυμέλη,η;0.42;0;0
82150;Θυμιανά,τα;0.42;0;0
25200;Θωμαίικα,τα;0.42;0;0
21250;Ίναχος,ο;0.42;0;0
18030;Καημένη Χώρα,η;0.42;0;0
23062;Καινούργια Χώρα,η;0.42;0;0
23071;Καινούργια Χώρα,η;0.42;0;0
73004;Κακοδίκιον,το;0.42;0;0
82102;Καλαμωτή,η;0.42;0;0
73004;Καλλιθέα,η;0.42;0;0
83200;Καλλιθέα,η;0.42;0;0
83102;Καλλιθέα,η;0.42;0;0
27300;Καλύβια,τα;0.42;0;0
34001;Καλύβια,τα;0.42;0;0
27055;Καμίνια,τα;0.42;0;0
27150;Καπανδρίτιον,το;0.42;0;0
84200;Καρδιανή,η;0.42;0;0
84201;Καρδιανή,η;0.42;0;0
24200;Καρτερόλιον,το;0.42;0;0
48100;Καστροσυκιά,η;0.42;0;0
29090;Καταστάριον,το;0.42;0;0
30014;Κάτω Βασιλική,η;0.42;0;0
24022;Κάτω Δολοί,οι;0.42;0;0
24016;Κάτω Δολοί,οι;0.42;0;0
27200;Κάτω Κερτεζαίικα,τα;0.42;0;0
20400;Κάτω Πιτσά,τα;0.42;0;0
20013;Κάτω Πιτσά,τα;0.42;0;0
19007;Κάτω Σούλιον,το;0.42;0;0
80100;Κάτω Χώρα,η;0.42;0;0
73500;Κατωχώριον,το;0.42;0;0
72300;Κελλάρια,τα;0.42;0;0
24008;Κεντρικόν,το;0.42;0;0
74052;Κεραμωτά,τα;0.42;0;0
21250;Κεφαλάριον,το;0.42;0;0
21250;Κιβέριον,το;0.42;0;0
19442;Κίτσι,το;0.42;0;0
73001;Κίτυρος,η;0.42;0;0
20200;Κοκκινιά,η;0.42;0;0
22001;Κορακοβούνιον,το;0.42;0;0
22006;Κορακοβούνιον,το;0.42;0;0
20004;Κόρφος,ο;0.42;0;0
27054;Κοτρώνι,το;0.42;0;0
49082;Κουρταίικα,τα;0.42;0;0
30500;Κρίκελλος,ο;0.42;0;0
22001;Κρυονέρι,το;0.42;0;0
30014;Κρυονέριον,το;0.42;0;0
74053;Λαμπινή,η;0.42;0;0
72400;Λατσίδα,η;0.42;0;0
83200;Λέκα,η;0.42;0;0
22029;Λιβάδιον,το;0.42;0;0
73001;Λιβάδιον,το;0.42;0;0
80100;Λιβάδιον,το;0.42;0;0
72300;Λιθίναι,αι;0.42;0;0
70400;Λούκια,η;0.42;0;0
70012;Λούκια,η;0.42;0;0
24002;Μαγούλα,η;0.42;0;0
27055;Μακρίσια,τα;0.42;0;0
24002;Μάλτα,η;0.42;0;0
24002;Μαντζάριον,το;0.42;0;0
19001;Μαρίστρα,η;0.42;0;0
27053;Μαρκόπουλον,το;0.42;0;0
84200;Μαρλάς,ο;0.42;0;0
84201;Μαρλάς,ο;0.42;0;0
24011;Μάρμαρο,το;0.42;0;0
20009;Μαύρα Λιθάρια,τα;0.42;0;0
20300;Μαυρολίμνη,η;0.42;0;0
24002;Μελιγαλάς,ο;0.42;0;0
30500;Μενίδιον,το;0.42;0;0
30016;Μενίδιον,το;0.42;0;0
85109;Μεσαναγρός,ο;0.42;0;0
23052;Μεταμόρφωσις,η;0.42;0;0
19001;Μετόχι,το;0.42;0;0
34500;Μηλάκι,το;0.42;0;0
23052;Μητρόπολις,η;0.42;0;0
23068;Μητρόπολις,η;0.42;0;0
83103;Μονή Αγίας Τριάδος,η;0.42;0;0
83101;Μονή Αγίας Τριάδος,η;0.42;0;0
70008;Μονή Αγκαράθου,η;0.42;0;0
71500;Μονή,η;0.42;0;0
28100;Μουσάτα,τα;0.42;0;0
28083;Μουσάτα,τα;0.42;0;0
24001;Μπαλοδημαίικα,τα;0.42;0;0
18900;Μπατσί,το;0.42;0;0
25200;Μπουταίικα,τα;0.42;0;0
25005;Μπουταίικα,τα;0.42;0;0
84100;Μύττακας,ο;0.42;0;0
74053;Νέα Κρύα Βρύση,η;0.42;0;0
19005;Νέα Μάκρη,η;0.42;0;0
23200;Νέα Μαραθέα,η;0.42;0;0
19015;Νέα Πολιτεία,η;0.42;0;0
21100;Νέον Ροεινόν,το;0.42;0;0
47150;Νέος Συνοικισμός Λουτροτόπου,ο;0.42;0;0
18020;Νερατζιά,η;0.42;0;0
22001;Ξηροπήγαδον,το;0.42;0;0
72200;Ορνιάς,ο;0.42;0;0
72056;Ορνιάς,ο;0.42;0;0
30019;Παλιόβαρκα,η;0.42;0;0
19001;Παλιοκαμάριζα,η;0.42;0;0
27056;Παναγιές,οι;0.42;0;0
34500;Παναγίτσα Πούντα,η;0.42;0;0
34500;Παραλία Ζαράκων,η;0.42;0;0
34017;Παραλία Ζαράκων,η;0.42;0;0
34400;Παραλία Πολιτικών,η;0.42;0;0
23052;Παραλία,η;0.42;0;0
23068;Παραλία,η;0.42;0;0
73007;Πάτημα,το;0.42;0;0
26500;Παυλόκαστρον,το;0.42;0;0
70100;Πεζά,τα;0.42;0;0
72150;Πεπόνηδες,οι;0.42;0;0
30002;Περατιά,η;0.42;0;0
24001;Περιβολάκια,τα;0.42;0;0
30500;Πετράλωνα,τα;0.42;0;0
24001;Πήδασος,η;0.42;0;0
30002;Πλαγιά,η;0.42;0;0
30001;Πλατάνια,τα;0.42;0;0
83100;Πλάτανος,ο;0.42;0;0
46100;Πλαταριά,η;0.42;0;0
28086;Πλατείαι,αι;0.42;0;0
28082;Πλατείαι,αι;0.42;0;0
24022;Πλάτωμα,το;0.42;0;0
24016;Πλάτωμα,το;0.42;0;0
49084;Ποντικονήσιον,το (νησίς);0.42;0;0
27055;Πόρος,ο;0.42;0;0
24004;Ποταμιά,η;0.42;0;0
23200;Πριτσιώτικο,το;0.42;0;0
49150;Πτυχία,η (νησίς);0.42;0;0
70010;Πυράθιον,το;0.42;0;0
24005;Ριζόμυλος,ο;0.42;0;0
84500;Ρογόν,το;0.42;0;0
25100;Ροδιά,η;0.42;0;0
30002;Ρούγα,η;0.42;0;0
27300;Ρουπάκιον,το;0.42;0;0
74055;Σαϊτούραι,αι;0.42;0;0
74058;Σαϊτούραι,αι;0.42;0;0
27150;Σαλμώνη,η;0.42;0;0
49081;Σαουλάτικα,τα;0.42;0;0
26500;Σαραβάλιον,το;0.42;0;0
18020;Σαρωνίς,η;0.42;0;0
24002;Σιάμον,το;0.42;0;0
49081;Σιδάριον,το;0.42;0;0
28100;Σιμωτάτα,τα;0.42;0;0
28083;Σιμωτάτα,τα;0.42;0;0
70003;Σινάπιον,το;0.42;0;0
70011;Σινάπιον,το;0.42;0;0
49084;Σκάλα,η;0.42;0;0
71500;Σκαφιδαράς,ο;0.42;0;0
70004;Σκαφίδια,τα;0.42;0;0
28200;Σκινέας,ο;0.42;0;0
84200;Σκλαβοχώριον,το;0.42;0;0
25200;Σπαλιαραίικα,τα;0.42;0;0
31100;Σπάρτη,η (νησίς);0.42;0;0
33058;Σπηλιά,η;0.42;0;0
24002;Σταθμός,ο;0.42;0;0
28300;Σταυρός,ο;0.42;0;0
23051;Στεφανιά,η;0.42;0;0
47150;Συκέαι,αι;0.42;0;0
27300;Σώστιον,το;0.42;0;0
73400;Τζιτζιφιά,η;0.42;0;0
73012;Τζιτζιφιά,η;0.42;0;0
27300;Τραγανόν,το;0.42;0;0
27057;Τραγανόν,το;0.42;0;0
19001;Τριανταφυλλιά,η;0.42;0;0
31084;Τσοκάρι,το (νησίς);0.42;0;0
83300;Τσουρέδες,οι;0.42;0;0
80100;Φατσάδικα,τα;0.42;0;0
72150;Φιορέτζηδες,οι;0.42;0;0
70400;Φουρνοφάραγγον,το;0.42;0;0
73007;Φρες,ο;0.42;0;0
73008;Φρες,ο;0.42;0;0
30400;Χαλίκιον,το;0.42;0;0
70300;Χανδρού,η;0.42;0;0
74052;Χάνι Αλοΐδων,το;0.42;0;0
74054;Χάνι Αλοΐδων,το;0.42;0;0
33056;Χιλιαδού,η;0.42;0;0
27052;Ψάριον,το;0.42;0;0
84200;Αγάπη,η;0.41;0;0
28081;Αγία Ευφημία,η;0.41;0;0
20006;Αγία Μαρίνα,η;0.41;0;0
70400;Αγία Μαρίνα,η;0.41;0;0
27300;Αγία Μαύρα,η;0.41;0;0
70006;Αγία Παρασκευή,η;0.41;0;0
83100;Αγία Τριάδα,η;0.41;0;0
70010;Αγία Φωτιά,η;0.41;0;0
34500;Άγιοι Απόστολοι,οι;0.41;0;0
34017;Άγιοι Απόστολοι,οι;0.41;0;0
27053;Άγιοι Θεόδωροι,οι;0.41;0;0
82150;Άγιος Αιμιλιανός,ο;0.41;0;0
71500;Άγιος Βλάσιος,ο;0.41;0;0
73006;Άγιος Γεώργιος,ο;0.41;0;0
72300;Άγιος Γεώργιος,ο (Τοπική Κοινότητα Ζάκρου);0.41;0;0
72059;Άγιος Γεώργιος,ο (Τοπική Κοινότητα Ζάκρου);0.41;0;0
20150;Άγιος Δημήτριος,ο;0.41;0;0
23070;Άγιος Δημήτριος,ο;0.41;0;0
23053;Άγιος Ελισσαίος,ο;0.41;0;0
23200;Άγιος Ευστράτιος,ο;0.41;0;0
23070;Άγιος Ιωάννης,ο;0.41;0;0
70400;Άγιος Κύριλλος,ο;0.41;0;0
34013;Άγιος Κωνσταντίνος,ο;0.41;0;0
21052;Άγιος Νικόλαος,ο;0.41;0;0
30400;Άγιος Νικόλαος,ο;0.41;0;0
48100;Άγιος Νικόλαος,ο;0.41;0;0
83300;Άγιος Παντελεήμονας,ο;0.41;0;0
19007;Άγιος Παντελεήμων,ο;0.41;0;0
73001;Άγιος Παύλος,ο;0.41;0;0
81300;Άγιος Φωκάς,ο;0.41;0;0
74053;Αγκουσελιανά,τα;0.41;0;0
84200;Αετοφωλέα,η;0.41;0;0
73001;Αζογυρές,ο (Δ.Κ.Παλαιοχώρας);0.41;0;0
84500;Αλαμαννιά,η;0.41;0;0
84502;Αλαμαννιά,η;0.41;0;0
32001;Αλυκή,η;0.41;0;0
32010;Αλυκή,η;0.41;0;0
24002;Ανδανία,η;0.41;0;0
30500;Ανοιξιάτικον,το;0.41;0;0
27052;Άνω Κουρτέσιον,το;0.41;0;0
80100;Άνω Λιβάδιον,το;0.41;0;0
49100;Άνω Μαθράκι,το (Άνω Πάντα,η);0.41;0;0
84300;Άνω Ποταμιά,η;0.41;0;0
85700;Απέριον,το;0.41;0;0
20150;Αρακούκια,η;0.41;0;0
26500;Αραχοβίτικα,τα;0.41;0;0
26504;Αραχοβίτικα,τα;0.41;0;0
23062;Αρεόπολις,η;0.41;0;0
19001;Αρί,το;0.41;0;0
49081;Αρίλλας,ο (Δημοτική Κοινότητα Μαγουλάδων);0.41;0;0
73005;Ασκορδαλός,ο;0.41;0;0
19007;Αύρα,η;0.41;0;0
49081;Αφιωνίτικα,τα;0.41;0;0
72053;Βάλτος,ο;0.41;0;0
83300;Βαρδαράδες,οι;0.41;0;0
31082;Βασιλική,η;0.41;0;0
19001;Βένιο Δασκαλειού,το;0.41;0;0
80100;Βιαράδικα,τα;0.41;0;0
74061;Βισταγή,η;0.41;0;0
83301;Βουδαντάδες,οι;0.41;0;0
70013;Βούται,αι;0.41;0;0
30014;Γαλατάς,ο;0.41;0;0
23062;Γκλέζι,το;0.41;0;0
23063;Γκλέζι,το;0.41;0;0
33058;Γλυφάδα,η;0.41;0;0
25200;Γομοστόν,το;0.41;0;0
23062;Γονέα,η;0.41;0;0
74053;Δαριβιανά,τα;0.41;0;0
17200;Δάφνη,η;0.41;0;0
17201;Δάφνη,η;0.41;0;0
17210;Δάφνη,η;0.41;0;0
17234;Δάφνη,η;0.41;0;0
17235;Δάφνη,η;0.41;0;0
17249;Δάφνη,η;0.41;0;0
74053;Δρίμισκος,η;0.41;0;0
74052;Δροσιά,η;0.41;0;0
83100;Δροσιά,η;0.41;0;0
30200;Δροσιά,η;0.41;0;0
74054;Δροσιά,η;0.41;0;0
19200;Ελευσίς,η;0.41;0;0
19201;Ελευσίς,η;0.41;0;0
84501;Επάνω Φελλός,ο;0.41;0;0
70008;Επισκοπή,η;0.41;0;0
21250;Ήρα,η;0.41;0;0
34400;Θεοτόκος,η;0.41;0;0
25002;Θεριανόν,το;0.41;0;0
34015;Καγκαδαίοι,οι;0.41;0;0
73400;Καλάθεναι,αι;0.41;0;0
31100;Καλλιγόνιον,το;0.41;0;0
18020;Καλλονή,η;0.41;0;0
73004;Καμάρια,τα;0.41;0;0
73009;Καμάρια,τα;0.41;0;0
29090;Καμπίον,το;0.41;0;0
29091;Καμπίον,το;0.41;0;0
25200;Κάπελη,η;0.41;0;0
28080;Καραβόμυλος,ο;0.41;0;0
70100;Καρνάρι,το;0.41;0;0
23200;Καρυούπολις,η;0.41;0;0
82150;Καρφάς,ο;0.41;0;0
74150;Κάστελλος,ο;0.41;0;0
74052;Καστρίον,το;0.41;0;0
74054;Καστρίον,το;0.41;0;0
24002;Κατσαρός,ο;0.41;0;0
30500;Κατσούλι,το;0.41;0;0
80100;Κατσούνιον,το;0.41;0;0
22001;Κάτω Βέρβενα,τα;0.41;0;0
20150;Κάτω Εξαμίλια,τα;0.41;0;0
20400;Κάτω Λουτρόν,το;0.41;0;0
20013;Κάτω Λουτρόν,το;0.41;0;0
74150;Κάτω Μαλάκιον,το;0.41;0;0
70300;Κάτω Πουλιά,η;0.41;0;0
70100;Κελλιά,τα;0.41;0;0
84005;Κένταρχος,ο;0.41;0;0
71500;Κεραμούτσιον,το;0.41;0;0
73400;Κεφάλιον,το;0.41;0;0
73012;Κεφάλιον,το;0.41;0;0
20006;Κοκκώνιον,το;0.41;0;0
20002;Κοκκώνιον,το;0.41;0;0
47150;Κομμένον,το;0.41;0;0
28200;Κοντογενάδα,η;0.41;0;0
18010;Κοντός,ο;0.41;0;0
23062;Κορογονιάνικα,τα;0.41;0;0
23071;Κορογονιάνικα,τα;0.41;0;0
24004;Κοτρωνάκια,τα;0.41;0;0
19023;Κουλιδάς,ο;0.41;0;0
23200;Κουλούκα,η;0.41;0;0
83104;Κουμαίικα,τα;0.41;0;0
83100;Κουμαριώνας,ο;0.41;0;0
19006;Κουμίντρι,το;0.41;0;0
27055;Κρέστενα,τα;0.41;0;0
70400;Κρότος,ο;0.41;0;0
27055;Κρουνοί,οι;0.41;0;0
83302;Κυπαρίσσι Αρεθούσης,το;0.41;0;0
70003;Κυπάρισσος,η;0.41;0;0
70011;Κυπάρισσος,η;0.41;0;0
27052;Κώμη,η;0.41;0;0
85300;Λαγούδι - Ζια,το;0.41;0;0
25100;Λαμπίριον,το;0.41;0;0
25009;Λαμπίριον,το;0.41;0;0
27052;Λάπας,ο;0.41;0;0
25200;Λεύκος,ο;0.41;0;0
23200;Λίμνη,η;0.41;0;0
24004;Λογγά,η;0.41;0;0
24010;Λογγά,η;0.41;0;0
25100;Λόγγος,ο;0.41;0;0
25009;Λόγγος,ο;0.41;0;0
25200;Λουσικά,τα;0.41;0;0
24002;Λουτρόν,το;0.41;0;0
21250;Μαγούλα,η;0.41;0;0
30001;Μαγούλα,η;0.41;0;0
24200;Μάδενα,η;0.41;0;0
73400;Μαλάθυρος,η;0.41;0;0
73010;Μαλάθυρος,η;0.41;0;0
19001;Μαλιακούκι,το;0.41;0;0
84200;Μαμάδος,ο;0.41;0;0
84201;Μαμάδος,ο;0.41;0;0
49082;Μανεσάτικα,τα;0.41;0;0
21055;Μάνεσης,ο;0.41;0;0
84400;Μαράθιον,το;0.41;0;0
82300;Μαργαρίτι,το (νησίς);0.41;0;0
28084;Μαρκουλάτα,τα;0.41;0;0
30001;Μάρμαρα,τα;0.41;0;0
73400;Μελισσιά,η;0.41;0;0
73012;Μελισσιά,η;0.41;0;0
85700;Μενεταί,αι;0.41;0;0
30400;Μέσα Πηγάδι,το;0.41;0;0
29100;Μέσον Γερακάριον,το;0.41;0;0
48062;Μεσοπόταμον,το;0.41;0;0
23062;Μίνα,η;0.41;0;0
23063;Μίνα,η;0.41;0;0
25200;Μοιραίικα,τα;0.41;0;0
82150;Μονολιά,η;0.41;0;0
24200;Μοσχοχώριον,το;0.41;0;0
20006;Μπολάτιον,το;0.41;0;0
30400;Μπούζα,η;0.41;0;0
20300;Μπούτσι,το;0.41;0;0
24500;Μύλοι,οι;0.41;0;0
83103;Μύλοι,οι;0.41;0;0
70100;Μυρτιά,η;0.41;0;0
83100;Μωραϊτοχώρι,το;0.41;0;0
21250;Νέον Ηραίον,το;0.41;0;0
47150;Νέος Συνοικισμός,ο;0.41;0;0
30001;Νεοχώριον,το;0.41;0;0
83100;Νικόλα,η;0.41;0;0
70003;Ξηρολιά,η;0.41;0;0
24002;Οιχαλία,η;0.41;0;0
24019;Οιχαλία,η;0.41;0;0
25200;Παλαιά Περιστέρα,η;0.41;0;0
24001;Παλαιόνερον,το;0.41;0;0
27054;Παλιό Πρασιδάκι,το;0.41;0;0
34013;Παναγία,η;0.41;0;0
70016;Παναγία,η;0.41;0;0
70300;Παναγία,η;0.41;0;0
84100;Παπούρι,το;0.41;0;0
33056;Παραλία Σεργούλας,η;0.41;0;0
33058;Παραλία Τολοφώνος,η;0.41;0;0
25003;Παραλία Τραπέζης,η;0.41;0;0
49084;Παραμόνας,ο;0.41;0;0
72400;Πατσόπουλος,ο;0.41;0;0
73007;Πεμόνια,τα;0.41;0;0
73008;Πεμόνια,τα;0.41;0;0
84200;Περάστρα,η;0.41;0;0
80100;Περλεγκιάνικα,τα;0.41;0;0
80200;Περλεγκιάνικα,τα;0.41;0;0
30001;Πεταλάς,ο (νησίς);0.41;0;0
70010;Πλακιώτισσα,η;0.41;0;0
74061;Πλατάνια,τα;0.41;0;0
74062;Πλατάνια,τα;0.41;0;0
49082;Πλάτανος,ο;0.41;0;0
31082;Πόντη Αγίου Πέτρου,η;0.41;0;0
28086;Πόρος,ο;0.41;0;0
34001;Ποτάμιον,το;0.41;0;0
25003;Πούντα,η;0.41;0;0
80100;Προγκίον,το;0.41;0;0
80200;Προγκίον,το;0.41;0;0
70003;Πύργος,ο;0.41;0;0
70011;Πύργος,ο;0.41;0;0
28100;Ραζάτα,τα;0.41;0;0
19001;Ρουμουντί,το;0.41;0;0
70400;Ρουφάς,ο;0.41;0;0
28080;Σάμη,η;0.41;0;0
70006;Σαμπάς,ο;0.41;0;0
70008;Σγουροκεφάλιον,το;0.41;0;0
24002;Σκάλα,η;0.41;0;0
31084;Σκορπίδι,το (νησίς);0.41;0;0
31100;Σκορπιός,ο (νησίς);0.41;0;0
70200;Σκούρβουλα,τα;0.41;0;0
19001;Σπηλιαζέζα,η;0.41;0;0
25200;Σταθμός,ο;0.41;0;0
24500;Στασιόν,το;0.41;0;0
27053;Σταφιδόκαμπος,ο;0.41;0;0
20400;Συκέα,η;0.41;0;0
25006;Συλιβαινιώτικα,τα;0.41;0;0
19001;Τζαρδαβίλα Μόκριζας,η;0.41;0;0
28084;Τουλιάτα,τα;0.41;0;0
34007;Τραχύ,το;0.41;0;0
19001;Τρεχαντιέρα,η;0.41;0;0
24200;Τρίοδος,η;0.41;0;0
24013;Τρίοδος,η;0.41;0;0
23062;Τσικκαλιά,τα;0.41;0;0
23071;Τσικκαλιά,τα;0.41;0;0
84200;Υστέρνια,τα;0.41;0;0
25200;Υψηλή Ράχη,η;0.41;0;0
34013;Φηγιάς,ο;0.41;0;0
70300;Φιλίσια,τα;0.41;0;0
30200;Φιλοθέη,η;0.41;0;0
33058;Φλαμπουράκια,τα;0.41;0;0
24005;Φόροι,οι;0.41;0;0
31100;Φορτί,το (νησίς);0.41;0;0
21300;Φούρνοι,οι;0.41;0;0
20004;Φραγκολίμανο,το;0.41;0;0
84100;Χαλανδριανή,η;0.41;0;0
22001;Χάνι Γκρίγκου,το;0.41;0;0
84501;Χάρτες,οι;0.41;0;0
72400;Χαυγάς,ο;0.41;0;0
49080;Χλοματιανά,τα;0.41;0;0
24002;Χριστοφιλαίικα,τα;0.41;0;0
24004;Χωματερόν,το;0.41;0;0
26500;Ψαθόπυργος,ο;0.41;0;0
26504;Ψαθόπυργος,ο;0.41;0;0
83100;Αγία Ζώνη,η;0.40;0;0
25200;Αγιοβλασίτικα,τα;0.40;0;0
21056;Άγιος Αντώνιος,ο;0.40;0;0
21060;Άγιος Αντώνιος,ο;0.40;0;0
74150;Άγιος Γεώργιος,ο;0.40;0;0
74058;Άγιος Γεώργιος,ο;0.40;0;0
17242;Άγιος Δημήτριος,ο;0.40;0;0
17251;Άγιος Δημήτριος,ο;0.40;0;0
17300;Άγιος Δημήτριος,ο;0.40;0;0
17301;Άγιος Δημήτριος,ο;0.40;0;0
17310;Άγιος Δημήτριος,ο;0.40;0;0
17341;Άγιος Δημήτριος,ο;0.40;0;0
17342;Άγιος Δημήτριος,ο;0.40;0;0
17343;Άγιος Δημήτριος,ο;0.40;0;0
29090;Άγιος Δημήτριος,ο;0.40;0;0
74061;Άγιος Ιωάννης,ο;0.40;0;0
74059;Άγιος Ιωάννης,ο;0.40;0;0
31100;Άγιος Νικήτας,ο;0.40;0;0
31080;Άγιος Νικήτας,ο;0.40;0;0
31082;Άγιος Νικόλαος Νηράς,ο;0.40;0;0
49080;Άγιος Νικόλαος,ο;0.40;0;0
22001;Άγιος Στέφανος,ο;0.40;0;0
49081;Άγιος Στέφανος,ο (Δημοτική Κοινότητα Αυλιωτών);0.40;0;0
72300;Αζοκέραμος,ο;0.40;0;0
30002;Άι Γιάννης,ο;0.40;0;0
12200;Αιγάλεω,το;0.40;0;0
12201;Αιγάλεω,το;0.40;0;0
12210;Αιγάλεω,το;0.40;0;0
12241;Αιγάλεω,το;0.40;0;0
12242;Αιγάλεω,το;0.40;0;0
12243;Αιγάλεω,το;0.40;0;0
12244;Αιγάλεω,το;0.40;0;0
25006;Αιγείρα,η;0.40;0;0
25010;Αιγείρα,η;0.40;0;0
19012;Αιγόσθενα,τα;0.40;0;0
30400;Αιτωλικόν,το;0.40;0;0
30002;Άκτιον,το;0.40;0;0
24002;Αλλαγή,η;0.40;0;0
24009;Άμμος,η;0.40;0;0
24012;Άμμος,η;0.40;0;0
29092;Άμπελος,η;0.40;0;0
27051;Ανδραβίδα,η;0.40;0;0
49082;Ανεμογιαννάτικα,τα;0.40;0;0
21055;Ανύφιον,το;0.40;0;0
29100;Άνω Γερακάριον,το;0.40;0;0
74052;Άνω Τριπόδον,το;0.40;0;0
49082;Αρβανιτακαίικα,τα;0.40;0;0
49080;Αργυράδες,οι;0.40;0;0
83100;Αργυρός,ο;0.40;0;0
49081;Αρίλλας,ο (Τοπική Κοινότητα Καββαδάδων);0.40;0;0
74150;Αρμένοι,οι;0.40;0;0
70016;Ασήμιον,το;0.40;0;0
21100;Ασπρόβρυση,η;0.40;0;0
70100;Αστρακοί,οι;0.40;0;0
85300;Ασφενδιού,το;0.40;0;0
84501;Ατένι,το (Τ.Κ.Κατακοίλου);0.40;0;0
25200;Αχαϊκόν,το;0.40;0;0
30002;Βαγιά,η (νησίς);0.40;0;0
48062;Βαλανιδόραχη,η;0.40;0;0
30001;Βαλτίον,το;0.40;0;0
20300;Βαμβακές,οι;0.40;0;0
30002;Βαρκό,το;0.40;0;0
28100;Βλαχάτα,τα;0.40;0;0
28083;Βλαχάτα,τα;0.40;0;0
82102;Βοκαριά,η;0.40;0;0
30002;Βολίμι,το;0.40;0;0
70006;Βόνη,η;0.40;0;0
30002;Βόνιτσα,η;0.40;0;0
73001;Βουτάς,ο;0.40;0;0
19003;Βραυρώνα,η;0.40;0;0
70008;Γαλίφα,η;0.40;0;0
82300;Γλαστριά,η (νησίς);0.40;0;0
70007;Γωνίαι,αι;0.40;0;0
70005;Γωνίαι,αι;0.40;0;0
27200;Δανικά,τα;0.40;0;0
19001;Δασκαλειό,το;0.40;0;0
20150;Δάφνη,η;0.40;0;0
25003;Διακοπτόν,το;0.40;0;0
49150;Διάπλο,το (νησίς);0.40;0;0
27054;Δράκος,ο;0.40;0;0
19001;Ελαιοχώριον,το;0.40;0;0
74052;Ελεύθερνα,η;0.40;0;0
19001;Ελιές Δασκαλειού,οι;0.40;0;0
22029;Ελληνικό,το;0.40;0;0
72150;Έξω Λακκώνια,τα;0.40;0;0
72300;Επάνω Επισκοπή,η;0.40;0;0
72059;Επάνω Επισκοπή,η;0.40;0;0
24006;Ευαγγελισμός,ο;0.40;0;0
28100;Ζόλα,τα;0.40;0;0
70006;Ζωφόροι,οι;0.40;0;0
74052;Θεοδώρα,η;0.40;0;0
74054;Θεοδώρα,η;0.40;0;0
31084;Θηλιά,η (νησίς);0.40;0;0
34400;Θηλυκόντας,ο;0.40;0;0
28086;Θηράμονας,ο;0.40;0;0
28082;Θηράμονας,ο;0.40;0;0
70006;Θραψανόν,το;0.40;0;0
20150;Θυμαριώνα,η;0.40;0;0
85109;Ίστριος,η;0.40;0;0
27300;Καβάσιλας,ο;0.40;0;0
49082;Καγκάτικα,τα;0.40;0;0
74061;Καλόγερος,ο;0.40;0;0
70300;Καλόν Χωρίον,το;0.40;0;0
20400;Καμάριον,το;0.40;0;0
20013;Καμάριον,το;0.40;0;0
27050;Καραβάκι,το;0.40;0;0
27200;Καρδαμάς,ο;0.40;0;0
24011;Καρυαί,αι;0.40;0;0
24021;Καρυαί,αι;0.40;0;0
27050;Κάστρον,το;0.40;0;0
28100;Κάστρον,το;0.40;0;0
28083;Κάστρον,το;0.40;0;0
82102;Καταρράκτης,ο;0.40;0;0
19015;Κατηφόρι,το;0.40;0;0
24150;Κατσαραίικα,τα;0.40;0;0
28084;Κατσαράτα,τα;0.40;0;0
20150;Κάτω Αλμυρή,η;0.40;0;0
24150;Κάτω Βέργα,η;0.40;0;0
29100;Κάτω Γερακάριον,το;0.40;0;0
70006;Κάτω Καρουζανά,τα;0.40;0;0
25200;Κάτω Λιμνοχώριον,το;0.40;0;0
74055;Κάτω Πόρος,ο;0.40;0;0
27065;Κάτω Στρέφι,το;0.40;0;0
27060;Κάτω Στρέφι,το;0.40;0;0
85700;Κατώδιο,το;0.40;0;0
27150;Κεραμιδιά,η;0.40;0;0
20200;Κιάτο,το;0.40;0;0
20004;Κιουρκάτι,το;0.40;0;0
72300;Κλησίδιον,το;0.40;0;0
27150;Κολιρέικες Παράγκες,οι;0.40;0;0
83200;Κοντακαίικα,τα;0.40;0;0
27300;Κόροιβος,ο;0.40;0;0
21250;Κουγαίικα,τα;0.40;0;0
34006;Κουκάκι,το;0.40;0;0
73007;Κουρνά,η;0.40;0;0
49080;Κουσπάδες,οι;0.40;0;0
18020;Κρυφτή,η;0.40;0;0
20150;Κυράς Βρύση,η;0.40;0;0
27150;Λασταίικα,τα;0.40;0;0
27300;Λευκοχώριον,το;0.40;0;0
82132;Λευκωνιά,η;0.40;0;0
70006;Λιλιανόν,το;0.40;0;0
82102;Λιμένας Λιθίου,ο;0.40;0;0
25200;Λιμνοχώριον,το;0.40;0;0
73007;Λιτσάρδα,η;0.40;0;0
73008;Λιτσάρδα,η;0.40;0;0
20150;Λουτρά Ωραίας Ελένης,τα;0.40;0;0
70004;Λουτράκιον,το (Τ.Κ.Κάτω Σύμης);0.40;0;0
26443;Μαγούλα,η;0.40;0;0
34008;Μαγούλα,η;0.40;0;0
26504;Μαγούλα,η;0.40;0;0
49150;Μαθράκιον,το;0.40;0;0
25200;Μανεταίικα,τα;0.40;0;0
33056;Μαραθιάς,ο;0.40;0;0
72150;Μαρνέλληδες,οι;0.40;0;0
24200;Μαυρομμάτιον,το;0.40;0;0
19100;Μέγαρα,τα;0.40;0;0
74052;Μελισσουργάκιον,το;0.40;0;0
24002;Μερόπη,η;0.40;0;0
73005;Μεσκλά,τα;0.40;0;0
30200;Μεσόκαμπος,ο;0.40;0;0
24001;Μεσοχώριον,το;0.40;0;0
82132;Μονή Αγίου Κωνσταντίνου Φραγκοβουνίου,η;0.40;0;0
49084;Μοραΐτικα,τα;0.40;0;0
27055;Μοσχούλα,η;0.40;0;0
24002;Μούστα,η;0.40;0;0
70300;Μπαδιά,η;0.40;0;0
73400;Μπερπαθιανά,τα;0.40;0;0
73012;Μπερπαθιανά,τα;0.40;0;0
49080;Μπούκαρης,ο;0.40;0;0
30500;Μπούκκα,η;0.40;0;0
23062;Μπρίκιον,το;0.40;0;0
23063;Μπρίκιον,το;0.40;0;0
21250;Μύλοι,οι;0.40;0;0
20300;Μυλοκοπή,η;0.40;0;0
84002;Μυλοπόταμος,ο;0.40;0;0
48100;Νέα Θέσις,η;0.40;0;0
30014;Νέα Καλυδών,η;0.40;0;0
30002;Νέα Καμαρίνα,η;0.40;0;0
19006;Νέα Πέραμος,η;0.40;0;0
30200;Νέα Υδραγωγεία,τα;0.40;0;0
49080;Νεοχωράκιον,το;0.40;0;0
70300;Νιπιδιτός,ο;0.40;0;0
20400;Ξυλόκαστρον,το;0.40;0;0
74052;Ομάλα,η;0.40;0;0
74054;Ομάλα,η;0.40;0;0
83100;Παλαιόκαστρον,το;0.40;0;0
74053;Παλαιόλουτρα,τα;0.40;0;0
84500;Παλαιόπολη,η;0.40;0;0
47150;Παλαιοσκαμιά,η;0.40;0;0
48060;Παναγία,η (νησίς);0.40;0;0
83100;Παναΐτσα,η;0.40;0;0
82150;Παραλία Αγίας Φωτεινής,η;0.40;0;0
22029;Παραλία Τυρού,η;0.40;0;0
22029;Παραλία,η;0.40;0;0
48062;Παραλία,η;0.40;0;0
48060;Πάργα,η;0.40;0;0
28100;Περατάτα,τα;0.40;0;0
28083;Περατάτα,τα;0.40;0;0
30012;Περιβόλια,τα;0.40;0;0
73002;Πεταλιανά,τα;0.40;0;0
80100;Πετρούνιον,το;0.40;0;0
80200;Πετρούνιον,το;0.40;0;0
74061;Πετροχώριον,το;0.40;0;0
74062;Πετροχώριον,το;0.40;0;0
48100;Πήδημα Κυράς,το;0.40;0;0
73001;Πλάτανος,ο;0.40;0;0
30400;Πόρος,ο (νησίς);0.40;0;0
25006;Ποταμίτικος Γιαλός,ο;0.40;0;0
74150;Πρασιαί,αι;0.40;0;0
24150;Προφήτης Ηλίας,ο;0.40;0;0
21100;Πυργιώτικα,τα;0.40;0;0
73006;Πύργος,ο;0.40;0;0
23062;Ριγανόχωρα,τα;0.40;0;0
71500;Ροδιά,η;0.40;0;0
70010;Ροτάσιον,το;0.40;0;0
49080;Ρουμανάδες,οι;0.40;0;0
70300;Ρουσσοχώρια,τα;0.40;0;0
85104;Σάλακος,η;0.40;0;0
85106;Σάλακος,η;0.40;0;0
73007;Σελλία,τα;0.40;0;0
73008;Σελλία,τα;0.40;0;0
20150;Σιδερώνα,η;0.40;0;0
12461;Σκαραμαγκάς,ο;0.40;0;0
24002;Σολάκιον,το;0.40;0;0
73007;Σούρη,η;0.40;0;0
73008;Σούρη,η;0.40;0;0
49080;Σπαρτερά,τα;0.40;0;0
70013;Σταυράκια,τα;0.40;0;0
20003;Στενό,το;0.40;0;0
84501;Στιβάρι,το;0.40;0;0
82300;Στροβίλι,το (νησίς);0.40;0;0
34015;Στύρα,τα;0.40;0;0
27052;Συμπάνιον,το;0.40;0;0
24001;Σχινόλακκα,η;0.40;0;0
84501;Σχόλη,η;0.40;0;0
18020;Τακτικούπολις,η;0.40;0;0
25100;Τέμενη,η;0.40;0;0
25003;Τερψιθέα,η;0.40;0;0
73400;Τοπόλια,τα;0.40;0;0
70010;Τουρλωτή,η;0.40;0;0
29100;Τραγάκιον,το;0.40;0;0
49150;Τραχειά,η (νησίς);0.40;0;0
33058;Τριζόνια,τα (νησίς);0.40;0;0
71500;Τύλισος,η;0.40;0;0
24004;Φαλάνθη,η;0.40;0;0
72150;Φλαμουριανά,τα;0.40;0;0
84100;Φοινικιά,η;0.40;0;0
74061;Φουρφουράς,ο;0.40;0;0
74062;Φουρφουράς,ο;0.40;0;0
19015;Χαλκούτσιον,το;0.40;0;0
27150;Χανάκια,τα;0.40;0;0
33058;Χάνια,τα;0.40;0;0
23062;Χαριά,η;0.40;0;0
23063;Χαριά,η;0.40;0;0
48060;Χρυσογιάλι,το;0.40;0;0
84500;Χώναι,αι;0.40;0;0
84502;Χώναι,αι;0.40;0;0
23200;Χωσιάριον,το;0.40;0;0
23070;Αγία Κυριακή,η;0.39;0;0
34013;Αγία Μαρίνα,η;0.39;0;0
84500;Αγία Μαρίνα,η;0.39;0;0
83100;Αγία Μαρκέλλα,η;0.39;0;0
34008;Αγία Τριάς,η (νησίς);0.39;0;0
84302;Αγιά,η;0.39;0;0
84301;Αγιά,η;0.39;0;0
19013;Αγίασμα,το;0.39;0;0
19014;Άγιοι Απόστολοι,οι;0.39;0;0
33200;Άγιος Ανδρέας,ο;0.39;0;0
33050;Άγιος Ανδρέας,ο;0.39;0;0
72400;Άγιος Αντώνιος,ο;0.39;0;0
23200;Άγιος Βασίλειος,ο (Τ.Κ.Αγίου Βασιλείου);0.39;0;0
27054;Άγιος Ηλίας,ο;0.39;0;0
24004;Άγιος Ισίδωρος,ο;0.39;0;0
33058;Άγιος Ιωάννης,ο (νησίς);0.39;0;0
83200;Άγιος Κωνσταντίνος,ο;0.39;0;0
30012;Άγιος Νικόλαος,ο (νησίς);0.39;0;0
33058;Άγιος Νικόλαος,ο (νησίς);0.39;0;0
22029;Άγιος Χριστόφορος,ο;0.39;0;0
27150;Αγρίδιον,το;0.39;0;0
27058;Αγρίδιον,το;0.39;0;0
34001;Αετός,ο;0.39;0;0
84100;Άη Μιχάλης,ο;0.39;0;0
84008;Αιγιάλη,η;0.39;0;0
73400;Αϊκυργιάννης,ο;0.39;0;0
73010;Αϊκυργιάννης,ο;0.39;0;0
27150;Αλφειός,ο;0.39;0;0
24009;Αλώνια,τα;0.39;0;0
34006;Αμάρυνθος,η;0.39;0;0
27200;Αμπελόκαμπος,ο;0.39;0;0
72400;Αμυγδαλέα,η;0.39;0;0
24009;Ανεμόμυλος,ο;0.39;0;0
27131;Ανθόπυργος,ο;0.39;0;0
74150;Άνω Βαλσαμόνερον,το;0.39;0;0
25100;Άνω Ζήρια,η;0.39;0;0
25009;Άνω Ζήρια,η;0.39;0;0
21056;Άνω Καρνεζαίικα,τα;0.39;0;0
21060;Άνω Καρνεζαίικα,τα;0.39;0;0
70010;Άνω Καστελλιανά,τα;0.39;0;0
70004;Άνω Κόρνιας,ο;0.39;0;0
84300;Άνω Σαγκρίον,το;0.39;0;0
73002;Ανώσκελη,η;0.39;0;0
29092;Απελάτι,το;0.39;0;0
16400;Αργυρούπολις,η;0.39;0;0
16401;Αργυρούπολις,η;0.39;0;0
16410;Αργυρούπολις,η;0.39;0;0
16451;Αργυρούπολις,η;0.39;0;0
16452;Αργυρούπολις,η;0.39;0;0
24009;Άρις,ο;0.39;0;0
24012;Άρις,ο;0.39;0;0
19016;Άρτεμη,η;0.39;0;0
19702;Άρτεμη,η;0.39;0;0
24009;Αρφαρά,τα;0.39;0;0
24007;Αρφαρά,τα;0.39;0;0
70006;Αρχάγγελος,ο;0.39;0;0
21059;Αρχαία Επίδαυρος,η;0.39;0;0
29090;Ασκός,ο;0.39;0;0
29091;Ασκός,ο;0.39;0;0
20006;Άσσος,ο;0.39;0;0
85700;Αυλώνα,η;0.39;0;0
83100;Βαθύ,το;0.39;0;0
25100;Βαλιμίτικα,τα;0.39;0;0
27052;Βάρδα,η;0.39;0;0
30012;Βαρκό,το;0.39;0;0
49080;Βασιλάτικα,τα;0.39;0;0
71500;Βασιλείαι,αι;0.39;0;0
73002;Βασιλιανά,τα;0.39;0;0
24200;Βελίκα,η;0.39;0;0
19001;Βίντζι Δασκαλειού,το;0.39;0;0
49080;Βιταλάδες,οι;0.39;0;0
72150;Βλάχηδες,οι;0.39;0;0
82103;Βολισσός,η;0.39;0;0
23200;Βουτρούβη,η;0.39;0;0
49080;Βραγκανιώτικα,τα;0.39;0;0
20006;Βραχάτιον,το;0.39;0;0
34006;Γαλάζια Νερά,τα;0.39;0;0
70006;Γαλενιανόν,το;0.39;0;0
27300;Γαστούνη,η;0.39;0;0
20150;Γέφυρα Ισθμού,η;0.39;0;0
24006;Δεντρούλια,τα;0.39;0;0
27050;Δήμητρα,η;0.39;0;0
49150;Διάκοπο,το (νησίς);0.39;0;0
23200;Δίχοβα,η;0.39;0;0
82102;Δότια,τα;0.39;0;0
49080;Δραγωτινά,τα;0.39;0;0
34007;Έξω Ποδιές,οι (νησίς);0.39;0;0
34008;Ερέτρια,η;0.39;0;0
70006;Ευαγγελισμός,ο;0.39;0;0
27052;Θανασουλαίικα,τα;0.39;0;0
27131;Ιτιά,η;0.39;0;0
20004;Κάβος,ο;0.39;0;0
24500;Κάκκαβας,ο;0.39;0;0
25200;Καλαμάκιον,το (Τοπική Κοινότητα Λιμνοχωρίου);0.39;0;0
70014;Καλόν Χωρίον,το;0.39;0;0
73006;Καμάρα,η (Τ.Κ.Δελιανών);0.39;0;0
25002;Καμενίτσα,η;0.39;0;0
84300;Κανακάριον,το;0.39;0;0
70400;Κανδήλα,η;0.39;0;0
70012;Κανδήλα,η;0.39;0;0
70300;Καραβάδος,ο;0.39;0;0
27052;Καρβουναίικα,τα;0.39;0;0
27050;Καρδιακαύτιον,το;0.39;0;0
70006;Καστέλλιον,το;0.39;0;0
84002;Καστριανή,η;0.39;0;0
30500;Κατάφουρκον,το;0.39;0;0
26500;Κάτω Αραχοβίτικα,τα;0.39;0;0
27150;Κάτω Βαρβάσαινα,η;0.39;0;0
20200;Κάτω Διμηνιόν,το;0.39;0;0
26500;Κάτω Καστρίτσιον,το;0.39;0;0
26504;Κάτω Καστρίτσιον,το;0.39;0;0
73002;Κάτω Κεφάλα,η;0.39;0;0
84300;Κάτω Σαγκρίον,το;0.39;0;0
83100;Κέδρον,το;0.39;0;0
82150;Κεραμεία,τα;0.39;0;0
70003;Κερατοκεφάλιον,το;0.39;0;0
82300;Κέρτης,ο (νησίς);0.39;0;0
70010;Κεφαλάδος,ο;0.39;0;0
73007;Κεφαλάς,ο;0.39;0;0
73008;Κεφαλάς,ο;0.39;0;0
20150;Κεχριαί,αι;0.39;0;0
19100;Κινέτα,η;0.39;0;0
84002;Κοκκινάδα,η;0.39;0;0
49080;Κορακάδες,οι;0.39;0;0
34015;Κουβέλλαι,αι;0.39;0;0
18030;Κουνουπίτσα,η;0.39;0;0
24300;Κουντρίον,το;0.39;0;0
21250;Κουρτάκιον,το;0.39;0;0
27053;Κουρτέσιον,το;0.39;0;0
49080;Κρητικά,τα;0.39;0;0
23052;Κρισά,η;0.39;0;0
23056;Κρισά,η;0.39;0;0
29100;Κυψέλη,η;0.39;0;0
27055;Λαδικόν,το;0.39;0;0
27058;Λαδικόν,το;0.39;0;0
19100;Λάκκα Καλογήρου,η;0.39;0;0
74061;Λαμπιώται,οι;0.39;0;0
74062;Λαμπιώται,οι;0.39;0;0
31100;Λευκάς,η;0.39;0;0
83200;Λιβαδάκι,το;0.39;0;0
73007;Λικοτιναρέα,η;0.39;0;0
73008;Λικοτιναρέα,η;0.39;0;0
22001;Λιμανάκια,τα;0.39;0;0
82102;Λιμένας,ο;0.39;0;0
19014;Λιμνιώνας,ο;0.39;0;0
70016;Λούραι,αι;0.39;0;0
70012;Λούραι,αι;0.39;0;0
80100;Λουραντιάνικα,τα;0.39;0;0
27050;Λυγιά,η;0.39;0;0
20400;Λυκοποριά,η;0.39;0;0
20012;Λυκοποριά,η;0.39;0;0
49082;Μαγαζιά,τα;0.39;0;0
73007;Μαθές,ο;0.39;0;0
74052;Μακρυγιάννης,ο;0.39;0;0
74054;Μακρυγιάννης,ο;0.39;0;0
74052;Μακρυγιάννιον,το;0.39;0;0
72200;Μακρυλιά,η;0.39;0;0
30020;Μακύνεια,η;0.39;0;0
34008;Μαλακώντα,η;0.39;0;0
29092;Μαραθιάς,ο;0.39;0;0
49080;Μαραθιάς,ο;0.39;0;0
28086;Μαυράτα,τα;0.39;0;0
28082;Μαυράτα,τα;0.39;0;0
82103;Μελανιός,ο;0.39;0;0
34007;Μέσα Πόδια,τα (νησίς);0.39;0;0
49080;Μεσογγή,η;0.39;0;0
30200;Μεσολόγγιον,το;0.39;0;0
28100;Μονή Αγίου Ανδρέου,η;0.39;0;0
70400;Μονή Απεζανών,η;0.39;0;0
70009;Μονή Απεζανών,η;0.39;0;0
18900;Μονή Κοιμήσεως Θεοτόκου Φανερωμένης,η;0.39;0;0
83200;Μονή Προφήτου Ηλιού,η;0.39;0;0
74150;Μονοπάριον,το;0.39;0;0
72200;Μουρνιαί,αι;0.39;0;0
72056;Μουρνιαί,αι;0.39;0;0
70006;Μπιτζαριανό,το;0.39;0;0
74053;Μυξόρρουμα,το;0.39;0;0
27052;Νέα Μανολάς,η;0.39;0;0
19015;Νέα Παλάτια,τα;0.39;0;0
27052;Νέον Βουπράσιον,το;0.39;0;0
22001;Νεοχώριον,το;0.39;0;0
20006;Νεράντζα,η;0.39;0;0
20002;Νεράντζα,η;0.39;0;0
18020;Νησίδα,η;0.39;0;0
48100;Νικόπολις,η;0.39;0;0
25200;Νιφοραίικα,τα;0.39;0;0
73005;Ντερές,ο;0.39;0;0
83302;Ξανθή,η;0.39;0;0
29100;Ξηροκάστελλον,το;0.39;0;0
27054;Ξηροχώριον,το;0.39;0;0
85600;Ξίσος,το;0.39;0;0
73007;Παϊδοχώριον,το;0.39;0;0
73008;Παϊδοχώριον,το;0.39;0;0
30012;Πάλαιρος,η;0.39;0;0
24006;Παλιάλωνα,τα;0.39;0;0
83300;Παναγιά,η;0.39;0;0
34015;Παναγία,η;0.39;0;0
73006;Πανέθημος,η;0.39;0;0
73400;Παππαδιανά,τα;0.39;0;0
73012;Παππαδιανά,τα;0.39;0;0
20200;Παραλία,η;0.39;0;0
23200;Πασσαβάς,ο;0.39;0;0
70100;Πατσίδες,αι;0.39;0;0
83200;Πεταλίδες,οι;0.39;0;0
19001;Πεύκα,τα;0.39;0;0
70400;Πηγαϊδάκια,τα;0.39;0;0
70009;Πηγαϊδάκια,τα;0.39;0;0
73002;Πηγή,η;0.39;0;0
24009;Πήδημα,το;0.39;0;0
74052;Πιγουνιανά,τα;0.39;0;0
24200;Πιπερίτσα,η;0.39;0;0
83300;Πλαγιά,η;0.39;0;0
82150;Πλάκα,η;0.39;0;0
19015;Πλατάνια Ωρωπού,τα;0.39;0;0
49150;Πλατειά,η (νησίς);0.39;0;0
28300;Πλατρειθιάς,ο;0.39;0;0
24009;Πλατύ,το;0.39;0;0
70006;Πολυθέα,η;0.39;0;0
21055;Πουλλακίδα,η;0.39;0;0
27054;Πρασιδάκιον,το;0.39;0;0
34003;Πρασούδα,η (νησίς);0.39;0;0
33058;Πρασούδι,το (νησίς);0.39;0;0
23200;Πρωτοβά,η;0.39;0;0
21250;Πυργέλλα,η;0.39;0;0
24022;Πύργος,ο;0.39;0;0
24024;Πύργος,ο;0.39;0;0
19009;Ραφήνα,η;0.39;0;0
19701;Ραφήνα,η;0.39;0;0
27050;Ρεγκλαίικα,τα;0.39;0;0
74055;Ρούστικα,τα;0.39;0;0
74058;Ρούστικα,τα;0.39;0;0
82103;Σιδηρούντα,η;0.39;0;0
71500;Σίλαμος,ο;0.39;0;0
70006;Σκλαβεροχώριον,το;0.39;0;0
85700;Σπόα,τα;0.39;0;0
70008;Σταμνοί,οι;0.39;0;0
84002;Σταυρουδάκι,το;0.39;0;0
25200;Στεναΐτικα,τα;0.39;0;0
19100;Στίκας,ο;0.39;0;0
70016;Στόλοι,οι;0.39;0;0
70012;Στόλοι,οι;0.39;0;0
80100;Στραπόδιον,το;0.39;0;0
46100;Σύβοτα,τα;0.39;0;0
72200;Συκιά,η;0.39;0;0
72056;Συκιά,η;0.39;0;0
27131;Συντριάδα,η;0.39;0;0
27054;Σχίνοι,οι;0.39;0;0
70006;Τζίγκουνα,η;0.39;0;0
23062;Τριανταφυλλιά,η;0.39;0;0
23063;Τριανταφυλλιά,η;0.39;0;0
74052;Φαράτσιον,το;0.39;0;0
74054;Φαράτσιον,το;0.39;0;0
28100;Φάρσα,τα;0.39;0;0
70010;Φίλιπποι,οι;0.39;0;0
73007;Φονές,ο;0.39;0;0
28200;Χαβδάτα,τα;0.39;0;0
72150;Χαμηλόν,το;0.39;0;0
73007;Χάμπαθα,τα;0.39;0;0
24004;Χαρακοπιό,το;0.39;0;0
83103;Χώρα,η;0.39;0;0
19012;Ψάθα,η;0.39;0;0
24004;Ψηλή Ράχη,η;0.39;0;0
28084;Ψιλιθριάς,ο;0.39;0;0
49150;Ψύλλος ένα,ο (νησίς);0.39;0;0
74052;Αβδανίται,οι;0.38;0;0
74054;Αβδανίται,οι;0.38;0;0
70010;Αγία Άννα,η;0.38;0;0
82150;Αγία Ερμιόνη,η;0.38;0;0
83200;Αγία Κυριακή,η;0.38;0;0
83102;Αγία Κυριακή,η;0.38;0;0
19007;Αγία Μαρίνα,η;0.38;0;0
74053;Αγία Πελαγία,η;0.38;0;0
20300;Αγία Σωτήρα,η;0.38;0;0
21055;Αγία Τριάδα,η;0.38;0;0
18030;Άγιοι Θεόδωροι,οι;0.38;0;0
21100;Άγιος Αδριανός,ο;0.38;0;0
26500;Άγιος Βασίλειος,ο;0.38;0;0
74053;Άγιος Βασίλειος,ο;0.38;0;0
26504;Άγιος Βασίλειος,ο;0.38;0;0
23200;Άγιος Βασίλειος,ο (Τ.Κ.Νεοχωρίου);0.38;0;0
19001;Άγιος Γεώργιος Θορικού,ο;0.38;0;0
28300;Άγιος Ιωάννης,ο;0.38;0;0
29100;Άγιος Κήρυκος,ο;0.38;0;0
23062;Άγιος Κυπριανός,ο;0.38;0;0
23071;Άγιος Κυπριανός,ο;0.38;0;0
18020;Άγιος Νεκτάριος,ο;0.38;0;0
27050;Άγιος Παντελεήμονας,ο;0.38;0;0
20004;Άγιος Πέτρος,ο;0.38;0;0
30020;Άγιος Πολύκαρπος,ο;0.38;0;0
26500;Άγιος Στέφανος,ο;0.38;0;0
71500;Άγιος Σύλλας,ο;0.38;0;0
70006;Άγνος,η;0.38;0;0
72300;Αγριλιά,η;0.38;0;0
72059;Αγριλιά,η;0.38;0;0
19100;Αιγειρούσαι,αι;0.38;0;0
25002;Αλισσός,ο;0.38;0;0
21250;Αλμυρός,ο;0.38;0;0
18010;Άλωνες,οι;0.38;0;0
29100;Αλώνια,τα;0.38;0;0
83301;Αμάλον,το;0.38;0;0
48062;Αμμουδιά,η;0.38;0;0
72400;Αμυγδαλόλακκος,ο;0.38;0;0
84500;Άνδρος,η;0.38;0;0
27054;Ανήλιον,το;0.38;0;0
24009;Άνθεια,η;0.38;0;0
74053;Άνω Μυξόρρουμα,το;0.38;0;0
70400;Απόλυχνος,ο;0.38;0;0
84008;Αρκεσίνη,η;0.38;0;0
24006;Ασπροχόρτι,το;0.38;0;0
28300;Άτοκος,η (νησίς);0.38;0;0
71500;Αχλάδα,η;0.38;0;0
72300;Αχλάδια,τα;0.38;0;0
23200;Βαθύ,το;0.38;0;0
31084;Βαθύ,το;0.38;0;0
31083;Βαθύ,το;0.38;0;0
24004;Βασιλίτσιον,το;0.38;0;0
83300;Βαώνη,η;0.38;0;0
18010;Βλάχηδες,οι;0.38;0;0
49082;Βλαχοπουλάτικα,τα;0.38;0;0
28200;Βλυχάτα,τα;0.38;0;0
27052;Βουπράσιον,το;0.38;0;0
27050;Βρανάς,ο;0.38;0;0
27053;Βυτιναίικα,τα;0.38;0;0
74061;Βωλεώνες,οι;0.38;0;0
70300;Γαρίπα,η;0.38;0;0
70400;Γκαγκάλαι,αι;0.38;0;0
70012;Γκαγκάλαι,αι;0.38;0;0
83300;Γλαρέδο,το;0.38;0;0
27150;Γλυκόριζο,το;0.38;0;0
24006;Γριζόκαμπος,ο;0.38;0;0
73006;Δελιανά,τα;0.38;0;0
25100;Διγελιώτικα,τα;0.38;0;0
70016;Διονύσιον,το;0.38;0;0
24200;Δρακονέριον,το;0.38;0;0
70300;Δραπέτιον,το;0.38;0;0
18030;Δριτσαίικα,τα;0.38;0;0
84006;Δρυοπίς,η;0.38;0;0
18900;Ελληνικό,το;0.38;0;0
82102;Εμπορειός,ο;0.38;0;0
19500;Εργατικές Κατοικίες,οι - Άγιος Ιωάννης Ρώσσος,ο;0.38;0;0
19001;Ζάστανο,το;0.38;0;0
72300;Ζου,η;0.38;0;0
83100;Ζωοδόχος Πηγή,η;0.38;0;0
21055;Ηραίον,το;0.38;0;0
49082;Ιερομόναχος,ο;0.38;0;0
28300;Ιθάκη,η;0.38;0;0
28301;Ιθάκη,η;0.38;0;0
27150;Καβασιλάκια,τα;0.38;0;0
73007;Κάινα,η;0.38;0;0
73008;Κάινα,η;0.38;0;0
19001;Κακή Θάλασσα,η;0.38;0;0
29100;Καλιπάδον,το;0.38;0;0
27055;Καλλίκωμον,το;0.38;0;0
27058;Καλλίκωμον,το;0.38;0;0
24022;Καλύβαι,αι;0.38;0;0
27050;Καλύβια,τα;0.38;0;0
72200;Καμάρα,η;0.38;0;0
83100;Καμάρα,η (Δημοτική Κοινότητα Βαθέος);0.38;0;0
19015;Κάμπος Ωρωπού,ο;0.38;0;0
28100;Καραβάδος,ο;0.38;0;0
28083;Καραβάδος,ο;0.38;0;0
46030;Καραβοστάσι,το;0.38;0;0
32006;Καρυώτι,το;0.38;0;0
73007;Κάστελλος,ο;0.38;0;0
28086;Κατελειός,ο;0.38;0;0
28082;Κατελειός,ο;0.38;0;0
19012;Κάτω Αλεποχώριον,το;0.38;0;0
20006;Κάτω Άσσος,ο;0.38;0;0
25200;Κάτω Αχαΐα,η;0.38;0;0
70010;Κάτω Καστελλιανά,τα;0.38;0;0
72053;Κάτω Πιναί,αι;0.38;0;0
48100;Κάτω Ριζά,τα;0.38;0;0
74053;Κάτω Σακτούρια,τα;0.38;0;0
31084;Κατωμέριον,το;0.38;0;0
31083;Κατωμέριον,το;0.38;0;0
73002;Καφούρος,ο;0.38;0;0
29092;Κερίον,το;0.38;0;0
74052;Κεφάλιον,το;0.38;0;0
74054;Κεφάλιον,το;0.38;0;0
28300;Κιόνιον,το;0.38;0;0
83300;Κιόνιον,το;0.38;0;0
27050;Κοκκάλα,η;0.38;0;0
24004;Κόμποι,οι;0.38;0;0
49082;Κοντογιαννάτικα,τα;0.38;0;0
18100;Κορυδαλλός,ο;0.38;0;0
18101;Κορυδαλλός,ο;0.38;0;0
18102;Κορυδαλλός,ο;0.38;0;0
18110;Κορυδαλλός,ο;0.38;0;0
18120;Κορυδαλλός,ο;0.38;0;0
18121;Κορυδαλλός,ο;0.38;0;0
18122;Κορυδαλλός,ο;0.38;0;0
72400;Κουδούμαλος,ο;0.38;0;0
49082;Κούτσιον,το;0.38;0;0
25006;Κράθιον,το;0.38;0;0
73006;Κρύα Βρύση,η;0.38;0;0
25100;Κυανή Ακτή,η;0.38;0;0
24500;Κυπαρισσία,η;0.38;0;0
84200;Κώμη,η;0.38;0;0
84400;Κώστος,ο;0.38;0;0
73005;Λαγγός,ο;0.38;0;0
25200;Λακκόπετρα,η;0.38;0;0
21250;Λάλουκας,ο;0.38;0;0
70400;Λαλουμάς,ο;0.38;0;0
70002;Λαλουμάς,ο;0.38;0;0
24006;Λαχανάδα,η;0.38;0;0
20006;Λέχαιον,το;0.38;0;0
20011;Λέχαιον,το;0.38;0;0
24004;Λιβαδάκια,τα;0.38;0;0
23062;Λιμένιον,το;0.38;0;0
73400;Λουσακιαί,αι;0.38;0;0
20300;Λουτράκιον,το;0.38;0;0
34013;Λυκόρεμα,το;0.38;0;0
28084;Μάγγανος,ο;0.38;0;0
73007;Μάζα,η;0.38;0;0
48100;Μάζωμα,το;0.38;0;0
21056;Μαραθέα,η;0.38;0;0
27200;Μαραθέα,η;0.38;0;0
21060;Μαραθέα,η;0.38;0;0
49082;Μαστοράτικα,τα;0.38;0;0
28084;Ματσουκάτα,τα;0.38;0;0
70300;Μαχαιρά,η;0.38;0;0
27050;Μάχος,ο;0.38;0;0
19001;Μεγάλα Πεύκα,τα;0.38;0;0
84300;Μέση Ποταμιά,η;0.38;0;0
27052;Μετόχιον,το;0.38;0;0
70300;Μοναστηράκιον,το;0.38;0;0
18040;Μονή Αγίας Τριάδος,η;0.38;0;0
71500;Μονή Αγίου Παντελεήμονος,η;0.38;0;0
73002;Μουλαμεριανά,τα;0.38;0;0
73400;Μουρίον,το;0.38;0;0
73010;Μουρίον,το;0.38;0;0
72200;Μύθοι,οι;0.38;0;0
72056;Μύθοι,οι;0.38;0;0
84300;Μύλοι,οι;0.38;0;0
24200;Μυλωνάς,ο;0.38;0;0
23051;Μυρτέα,η;0.38;0;0
23055;Μυρτέα,η;0.38;0;0
21250;Νέα Κίος,η;0.38;0;0
21053;Νέα Κίος,η;0.38;0;0
17100;Νέα Σμύρνη,η;0.38;0;0
17101;Νέα Σμύρνη,η;0.38;0;0
17102;Νέα Σμύρνη,η;0.38;0;0
17110;Νέα Σμύρνη,η;0.38;0;0
17121;Νέα Σμύρνη,η;0.38;0;0
17122;Νέα Σμύρνη,η;0.38;0;0
17123;Νέα Σμύρνη,η;0.38;0;0
17124;Νέα Σμύρνη,η;0.38;0;0
48100;Νεοχώριον,το;0.38;0;0
70010;Νεοχώριον,το;0.38;0;0
49080;Νότος,ο;0.38;0;0
73007;Ξηροστέρνιον,το;0.38;0;0
73008;Ξηροστέρνιον,το;0.38;0;0
24200;Ξινός,ο;0.38;0;0
74052;Ορθές,ο;0.38;0;0
74055;Παλαίλιμνος,ο;0.38;0;0
74058;Παλαίλιμνος,ο;0.38;0;0
73007;Παλαιλώνιον,το;0.38;0;0
73008;Παλαιλώνιον,το;0.38;0;0
20150;Παλαιό Καλαμάκι,το;0.38;0;0
49080;Παλαιοχώριον,το;0.38;0;0
21100;Παληοχώρα,η;0.38;0;0
21055;Παναρίτης,ο;0.38;0;0
84200;Πάνορμος,ο;0.38;0;0
84201;Πάνορμος,ο;0.38;0;0
20132;Παράδεισος,ο;0.38;0;0
25200;Παραλία Νιφοραιίκων,η;0.38;0;0
48062;Παραλία,η;0.38;0;0
49080;Περιβόλιον,το;0.38;0;0
20006;Περιγιάλιον,το;0.38;0;0
20011;Περιγιάλιον,το;0.38;0;0
24005;Πεταλίδιον,το;0.38;0;0
49080;Πετριτή,η;0.38;0;0
25200;Πίσω Συκέα,η;0.38;0;0
71500;Πλαϊτης,ο;0.38;0;0
73007;Πλάτανος,ο;0.38;0;0
73008;Πλάτανος,ο;0.38;0;0
84100;Πλατύ Βουνί,το;0.38;0;0
19003;Ποριά,τα;0.38;0;0
19001;Πόρτο Εννιά,το;0.38;0;0
83103;Πούντες,οι;0.38;0;0
80100;Πούρκον,το;0.38;0;0
70010;Πραιτώρια,τα;0.38;0;0
82101;Πρασονήσια,τα (νησίς);0.38;0;0
25002;Προφήτης Ελισσαίος,ο;0.38;0;0
27100;Πύργος,ο;0.38;0;0
27101;Πύργος,ο;0.38;0;0
27110;Πύργος,ο;0.38;0;0
27131;Πύργος,ο;0.38;0;0
28086;Ρατζακλίον,το;0.38;0;0
28082;Ρατζακλίον,το;0.38;0;0
24004;Ρίον,το;0.38;0;0
27200;Ροβιάτα,η;0.38;0;0
27200;Σαβάλια,τα;0.38;0;0
48060;Σαρακίνικο,το;0.38;0;0
19015;Σκάλα Ωρωπού,η;0.38;0;0
19029;Σκάλα Ωρωπού,η;0.38;0;0
72053;Σκινιάς,ο;0.38;0;0
72400;Σούβλος,ο;0.38;0;0
23051;Σούλιον,το;0.38;0;0
30020;Σπαρτοράχη,η;0.38;0;0
72200;Σταυρός,ο;0.38;0;0
18900;Στενόν,το;0.38;0;0
20009;Στόμιον,το;0.38;0;0
27050;Στρουμπούλη,η;0.38;0;0
27053;Στρούσιον,το;0.38;0;0
23062;Συχαλάσματα,τα;0.38;0;0
23071;Συχαλάσματα,τα;0.38;0;0
72150;Σχίσμα,το (Τ.Κ..Μέσα Λακκωνίων);0.38;0;0
74150;Σωματάς,ο;0.38;0;0
17700;Ταύρος,ο;0.38;0;0
17701;Ταύρος,ο;0.38;0;0
17710;Ταύρος,ο;0.38;0;0
17758;Ταύρος,ο;0.38;0;0
17778;Ταύρος,ο;0.38;0;0
24005;Τζάνες,ο;0.38;0;0
21250;Τημένιον,το;0.38;0;0
27131;Τραγανό,το (Δ.Κ.Πύργου);0.38;0;0
73400;Τριαλώνια,τα;0.38;0;0
84003;Τρουλάκι,το;0.38;0;0
71500;Τσαγκαράκιον,το;0.38;0;0
23062;Τσόπακας,ο;0.38;0;0
23063;Τσόπακας,ο;0.38;0;0
70010;Φαβριανά,τα;0.38;0;0
23051;Φιλήσιον,το;0.38;0;0
23070;Φλόκα,η;0.38;0;0
74053;Φρατίον,το;0.38;0;0
29092;Χαμουζάς,ο;0.38;0;0
74150;Χρομοναστήριον,το;0.38;0;0
29100;Ψαραίικα,τα;0.38;0;0
19001;Αγία Μαρίνα Μικρολίμανου,η;0.37;0;0
19443;Αγία Μαρίνα,η;0.37;0;0
19100;Αγία Τριάς,η;0.37;0;0
73001;Άγιοι Θεόδωροι,οι;0.37;0;0
73007;Άγιοι Πάντες,οι;0.37;0;0
73008;Άγιοι Πάντες,οι;0.37;0;0
23062;Άγιος Αθανάσιος,ο;0.37;0;0
23071;Άγιος Αθανάσιος,ο;0.37;0;0
74055;Άγιος Γεώργιος,ο;0.37;0;0
74058;Άγιος Γεώργιος,ο;0.37;0;0
83200;Άγιος Ηλίας,ο;0.37;0;0
48100;Άγιος Θωμάς,ο;0.37;0;0
82102;Άγιος Ιωάννης,ο;0.37;0;0
19015;Άγιος Κωνσταντίνος,ο;0.37;0;0
24009;Άγιος Κωνσταντίνος,ο;0.37;0;0
23053;Άγιος Νικόλαος,ο;0.37;0;0
72300;Άγιος Νικόλαος,ο;0.37;0;0
24009;Άγιος Φλώρος,ο;0.37;0;0
20132;Άγιος Χαράλαμπος,ο;0.37;0;0
18030;Άγιος Χαράλαμπος,ο (Βρωμολίμνη,η);0.37;0;0
72400;Αγόροι,οι;0.37;0;0
19500;Αγριλέζα,η;0.37;0;0
71500;Αθάνατοι,οι;0.37;0;0
24009;Αίπεια,η;0.37;0;0
18020;Ακτή Αγάπης,η;0.37;0;0
74052;Αλιακές,οι;0.37;0;0
74054;Αλιακές,οι;0.37;0;0
20300;Αλκυόνα,η;0.37;0;0
82102;Αλμυρός,ο;0.37;0;0
25200;Αλυκαί,αι;0.37;0;0
70100;Αμπελά,τα;0.37;0;0
24200;Ανάληψις,η;0.37;0;0
82104;Αντίψαρα,τα (νησίς);0.37;0;0
71500;Άνω Καλέσια,τα;0.37;0;0
85200;Άργος,το;0.37;0;0
27053;Αρετή,η;0.37;0;0
24009;Αριοχώριον,το;0.37;0;0
22001;Αρκαδικό Χωριό,το;0.37;0;0
22006;Αρκαδικό Χωριό,το;0.37;0;0
72300;Αρνικόν,το;0.37;0;0
18863;Αρπιδόνι,το (νησίς);0.37;0;0
20131;Αρχαίο Λιμάνι,το;0.37;0;0
24009;Ασπροπουλιά,η;0.37;0;0
83100;Ασπροχόρτι,το;0.37;0;0
73006;Άστρικας,ο;0.37;0;0
83302;Αυλάκιον,το;0.37;0;0
70300;Αυλή,η;0.37;0;0
21300;Αυλώνα,η;0.37;0;0
23062;Βάθεια,η;0.37;0;0
23071;Βάθεια,η;0.37;0;0
73400;Βάθη,η;0.37;0;0
73012;Βάθη,η;0.37;0;0
23051;Βαλτάκι,το;0.37;0;0
73007;Βάμος,ο;0.37;0;0
73008;Βάμος,ο;0.37;0;0
29090;Βαρβάρα,η;0.37;0;0
29091;Βαρβάρα,η;0.37;0;0
27050;Βαρθολομιό,το;0.37;0;0
70400;Βασιλικά Ανώγεια,τα;0.37;0;0
70012;Βασιλικά Ανώγεια,τα;0.37;0;0
70400;Βασιλική,η;0.37;0;0
70012;Βασιλική,η;0.37;0;0
27050;Βατιώνας,ο;0.37;0;0
74061;Βιζάριον,το;0.37;0;0
74062;Βιζάριον,το;0.37;0;0
70014;Βορός,ο;0.37;0;0
25002;Βραχναίικα,τα;0.37;0;0
27150;Βυτιναίικα,τα (Τ.Κ.Βυτιναιίκων);0.37;0;0
83100;Γαλάζιο,το;0.37;0;0
49080;Γαρδένος,ο;0.37;0;0
25002;Γιαλός,ο;0.37;0;0
49082;Γραμματικαίικα,τα;0.37;0;0
21250;Δαλαμανάρα,η;0.37;0;0
83302;Δεκάκια,τα;0.37;0;0
28200;Δελλαπορτάτα,τα;0.37;0;0
70010;Δεμάτιον,το;0.37;0;0
49082;Δενδιάτικα,τα;0.37;0;0
27200;Δουναίικα,τα;0.37;0;0
73007;Δράπανος,ο;0.37;0;0
73008;Δράπανος,ο;0.37;0;0
84400;Έλητας,ο;0.37;0;0
23053;Ελίκα,η;0.37;0;0
72053;Επάνω Πιναί,αι;0.37;0;0
28084;Ευρετή,η;0.37;0;0
34001;Ζαρμπουταίϊκα,τα;0.37;0;0
73400;Ζαχαριανά,τα;0.37;0;0
84501;Ζόρκος,ο;0.37;0;0
19500;Θορικόν,το;0.37;0;0
25200;Ιονική Ακτή,η;0.37;0;0
20150;Κάβος,ο;0.37;0;0
30019;Κάλαμος,ο;0.37;0;0
31081;Κάλαμος,ο;0.37;0;0
74052;Καλανδαρέ,η;0.37;0;0
24022;Καλιαναίικα,τα;0.37;0;0
24016;Καλιαναίικα,τα;0.37;0;0
17600;Καλλιθέα,η;0.37;0;0
17601;Καλλιθέα,η;0.37;0;0
17602;Καλλιθέα,η;0.37;0;0
17603;Καλλιθέα,η;0.37;0;0
17605;Καλλιθέα,η;0.37;0;0
17610;Καλλιθέα,η;0.37;0;0
17661;Καλλιθέα,η;0.37;0;0
17671;Καλλιθέα,η;0.37;0;0
17672;Καλλιθέα,η;0.37;0;0
17673;Καλλιθέα,η;0.37;0;0
17674;Καλλιθέα,η;0.37;0;0
17675;Καλλιθέα,η;0.37;0;0
17676;Καλλιθέα,η;0.37;0;0
17680;Καλλιθέα,η;0.37;0;0
70200;Καλοχωραφίτης,ο;0.37;0;0
29100;Καλπάκι,το;0.37;0;0
70010;Καλύβια,τα;0.37;0;0
72055;Καλυβίτης,ο;0.37;0;0
25002;Καμίνια,τα;0.37;0;0
73400;Κάμπος,ο (Τοπική Κοινότητα Κάμπου);0.37;0;0
73012;Κάμπος,ο (Τοπική Κοινότητα Κάμπου);0.37;0;0
71500;Καπετανάκι Μετόχι,το;0.37;0;0
73006;Καρές,αι;0.37;0;0
24005;Καρυά,η;0.37;0;0
34001;Κάρυστος,η;0.37;0;0
70300;Κασάνος,ο;0.37;0;0
82101;Κάστρον,το;0.37;0;0
25002;Κάτω Αλισσός,ο;0.37;0;0
70010;Κάτω Καλύβια,τα;0.37;0;0
70100;Κερά Ελαιούσα,η;0.37;0;0
73400;Κερά,η;0.37;0;0
73400;Κεραμωτή,η;0.37;0;0
73012;Κεραμωτή,η;0.37;0;0
18700;Κερατσίνιον,το;0.37;0;0
18701;Κερατσίνιον,το;0.37;0;0
18702;Κερατσίνιον,το;0.37;0;0
18710;Κερατσίνιον,το;0.37;0;0
18755;Κερατσίνιον,το;0.37;0;0
18756;Κερατσίνιον,το;0.37;0;0
18757;Κερατσίνιον,το;0.37;0;0
18758;Κερατσίνιον,το;0.37;0;0
70200;Κισσοί,οι;0.37;0;0
23062;Κοκκάλα,η;0.37;0;0
23071;Κοκκάλα,η;0.37;0;0
74053;Κοξαρέ,η;0.37;0;0
20100;Κόρινθος,η;0.37;0;0
20101;Κόρινθος,η;0.37;0;0
20110;Κόρινθος,η;0.37;0;0
20131;Κόρινθος,η;0.37;0;0
47150;Κορωνησία,η;0.37;0;0
84501;Κουμάρι,το;0.37;0;0
84501;Κούτσι,το;0.37;0;0
83302;Κρεμαστή,η;0.37;0;0
73300;Κρύο Νερό,το;0.37;0;0
82102;Κώμη,η;0.37;0;0
28300;Λαζαρέτο,το (νησίς);0.37;0;0
23053;Λάχιον,το;0.37;0;0
18900;Λέρος,η (νησίς);0.37;0;0
49080;Λευκίμμη,η;0.37;0;0
27053;Λεχαινά,τα;0.37;0;0
82102;Λιλικάς,ο;0.37;0;0
29100;Λιμονταίϊκα,τα;0.37;0;0
49080;Λίνια,η;0.37;0;0
24200;Λούτσου Χάνια,τα;0.37;0;0
49082;Μακράτικα,τα;0.37;0;0
82103;Μαναγρός,ο;0.37;0;0
27052;Μανολάς,η;0.37;0;0
34013;Μαρμάριον,το;0.37;0;0
82104;Μαστρογιώργη,το (νησίς);0.37;0;0
73003;Μαχαιροί,οι;0.37;0;0
12461;Μεγάλη Κυρά,η (νησίς);0.37;0;0
18030;Μεγάλο Ποτάμι,το;0.37;0;0
73002;Μέσα Βουκολιαί,αι;0.37;0;0
24200;Μεσσήνη,η;0.37;0;0
12461;Μικρή Κυρά,η (νησίς);0.37;0;0
19001;Μικρολίμανο,το;0.37;0;0
18040;Μονή Αγίου Νικολάου,η;0.37;0;0
74061;Μονή Ασωμάτων,η;0.37;0;0
27053;Μονή Βλαχερνών,η;0.37;0;0
27068;Μονή Βλαχερνών,η;0.37;0;0
84400;Μονή Λογγοβάρδας,η;0.37;0;0
49082;Μπογδανάτικα,τα;0.37;0;0
24005;Μποστανιά,η;0.37;0;0
27054;Μπούρμπουλας,ο;0.37;0;0
18020;Μύλος,ο;0.37;0;0
27053;Μυρσίνη,η;0.37;0;0
27150;Μυρτέα,η;0.37;0;0
30019;Μύτικας,ο;0.37;0;0
49080;Μώλος,ο;0.37;0;0
83103;Νέα Πόλη,η;0.37;0;0
21100;Νέα Τίρυνς,η;0.37;0;0
23062;Νέον Οίτυλον,το;0.37;0;0
27053;Νεοχώριον,το;0.37;0;0
49080;Νεοχώριον,το;0.37;0;0
24006;Νεραντζιές,οι;0.37;0;0
18400;Νίκαια,η;0.37;0;0
18401;Νίκαια,η;0.37;0;0
18402;Νίκαια,η;0.37;0;0
18410;Νίκαια,η;0.37;0;0
18450;Νίκαια,η;0.37;0;0
18451;Νίκαια,η;0.37;0;0
18452;Νίκαια,η;0.37;0;0
18453;Νίκαια,η;0.37;0;0
18454;Νίκαια,η;0.37;0;0
73007;Νίπος,το;0.37;0;0
30200;Νότιος Δίαυλος,ο;0.37;0;0
24150;Ξεροκάμπι,το;0.37;0;0
49082;Οζιάς,ο;0.37;0;0
84500;Όρμος Κορθίου,ο;0.37;0;0
84502;Όρμος Κορθίου,ο;0.37;0;0
74053;Παλέ,η;0.37;0;0
19001;Πανόραμα Μικρολίμανου,το;0.37;0;0
20150;Πανόραμα,το;0.37;0;0
25002;Παραλία Αλισσού,η;0.37;0;0
25006;Παραλία Ποροβίτσης,η;0.37;0;0
34013;Παραλία Φηγιά,η;0.37;0;0
18010;Παχεία Ράχη,η;0.37;0;0
23200;Πετροβούνιον,το;0.37;0;0
27200;Πετρούλαι,αι;0.37;0;0
73400;Πλαγιά,η;0.37;0;0
83302;Πλαγιά,η;0.37;0;0
84002;Πλαγιά,η;0.37;0;0
73012;Πλαγιά,η;0.37;0;0
23070;Πορί,το;0.37;0;0
49080;Ποτάμια,τα;0.37;0;0
24001;Πύλα,η;0.37;0;0
85700;Πυλαί,αι;0.37;0;0
24500;Ράχαι,αι;0.37;0;0
27050;Ρωμέικα,τα;0.37;0;0
27200;Ρωμέικα,τα;0.37;0;0
27055;Σαμικόν,το;0.37;0;0
22029;Σαμπατική,η;0.37;0;0
29100;Σαρακηνάδον,το;0.37;0;0
20009;Σαρανταπηχιώτικα,τα;0.37;0;0
20012;Σαρανταπηχιώτικα,τα;0.37;0;0
74061;Σάτα,η;0.37;0;0
74059;Σάτα,η;0.37;0;0
72400;Σεληνάρι,το;0.37;0;0
23200;Σελινίτσα,η;0.37;0;0
82103;Σκαριώτης,ο;0.37;0;0
70008;Σκόπελα,τα;0.37;0;0
23200;Σκουτάριον,το;0.37;0;0
23062;Σπίρα,η;0.37;0;0
23071;Σπίρα,η;0.37;0;0
70016;Στάβιαι,αι;0.37;0;0
24005;Συκαλόραχη,η;0.37;0;0
72300;Σφάκα,η (Τοπική Κοινότητα Σφάκας);0.37;0;0
72057;Σφάκα,η (Τοπική Κοινότητα Σφάκας);0.37;0;0
73400;Σφακοπηγάδιον,το;0.37;0;0
18010;Σφεντούριον,το;0.37;0;0
19007;Σχινιάς,ο;0.37;0;0
25200;Ταξιάρχαι,οι;0.37;0;0
19001;Τζονίμα,η;0.37;0;0
71500;Τίμιος Σταυρός,ο;0.37;0;0
27150;Τραγανό,το (Τ.Κ.Αγίου Ιωάννου);0.37;0;0
28084;Τσελεντάτα,τα;0.37;0;0
73400;Τσικαλαριά,τα;0.37;0;0
19001;Τσουργέλι,το (νησίς);0.37;0;0
28200;Φαβατάτα,τα;0.37;0;0
73007;Φίλιππος,ο;0.37;0;0
72400;Φινοκαλιά,η;0.37;0;0
20300;Φλάμπουρο,το;0.37;0;0
28300;Φρίκες,αι;0.37;0;0
49084;Χαλικούνας,ο;0.37;0;0
19003;Χαμολιά,η;0.37;0;0
83100;Χαραυγή,η;0.37;0;0
19001;Χελώνα,η (νησίς);0.37;0;0
83300;Χριστός,ο;0.37;0;0
18020;Ψήφτα,η;0.37;0;0
70007;Αβδού,το;0.36;0;0
70005;Αβδού,το;0.36;0;0
23062;Αγγειαδάκιον,το;0.36;0;0
23063;Αγγειαδάκιον,το;0.36;0;0
23062;Αγία Βαρβάρα,η;0.36;0;0
23063;Αγία Βαρβάρα,η;0.36;0;0
80100;Αγία Μόνη,η;0.36;0;0
80200;Αγία Μόνη,η;0.36;0;0
83100;Αγία Παρασκευή,η;0.36;0;0
84401;Άγιος Ανδρέας,ο;0.36;0;0
24200;Άγιος Αυγουστίνος,ο;0.36;0;0
19500;Άγιος Γεράσιμος,ο;0.36;0;0
49080;Άγιος Γεώργιος,ο;0.36;0;0
19443;Άγιος Δημήτριος,ο;0.36;0;0
18200;Άγιος Ιωάννης Ρέντης,ο;0.36;0;0
18201;Άγιος Ιωάννης Ρέντης,ο;0.36;0;0
18202;Άγιος Ιωάννης Ρέντης,ο;0.36;0;0
18210;Άγιος Ιωάννης Ρέντης,ο;0.36;0;0
18233;Άγιος Ιωάννης Ρέντης,ο;0.36;0;0
18511;Άγιος Ιωάννης Ρέντης,ο;0.36;0;0
24004;Άγιος Ιωάννης,ο;0.36;0;0
27150;Άγιος Ιωάννης,ο;0.36;0;0
84005;Άγιος Ιωάννης,ο;0.36;0;0
23053;Άγιος Κωνσταντίνος,ο;0.36;0;0
23200;Άγιος Κωνσταντίνος,ο;0.36;0;0
74055;Άγιος Κωνσταντίνος,ο;0.36;0;0
74058;Άγιος Κωνσταντίνος,ο;0.36;0;0
23070;Άγιος Στέφανος,ο;0.36;0;0
23070;Άγιος Φωκάς,ο;0.36;0;0
29092;Άη Γιάννης,ο;0.36;0;0
83100;Άη Θανάσης,ο;0.36;0;0
24009;Αίθαια,η;0.36;0;0
70016;Ακάμωτος,η;0.36;0;0
34001;Ακρωτήρι,το;0.36;0;0
25200;Ακρωτήριο Αράξου,το;0.36;0;0
23062;Αλύπα,η;0.36;0;0
74150;Αμνάτος,η;0.36;0;0
84008;Αμοργός,η;0.36;0;0
29100;Αμπελόκηποι,οι;0.36;0;0
70400;Αμπελούζος,ο;0.36;0;0
70012;Αμπελούζος,ο;0.36;0;0
73400;Αμυγδαλοκεφάλιον,το;0.36;0;0
73012;Αμυγδαλοκεφάλιον,το;0.36;0;0
27050;Ανάληψη,η;0.36;0;0
23062;Ανω Γαρδενίτσα,η;0.36;0;0
23071;Ανω Γαρδενίτσα,η;0.36;0;0
19500;Άνω Θορικόν,το;0.36;0;0
23062;Άνω Μπουλαριοί,οι;0.36;0;0
23071;Άνω Μπουλαριοί,οι;0.36;0;0
49082;Απεργάτικα,τα;0.36;0;0
73005;Αποθήκαι,αι;0.36;0;0
84003;Απολλωνία,η;0.36;0;0
25200;Άραξος,ο;0.36;0;0
85200;Αργινώντα,τα;0.36;0;0
21100;Αργολικόν,το;0.36;0;0
23052;Αριάνα,η;0.36;0;0
23068;Αριάνα,η;0.36;0;0
24500;Αρμενιοί,οι;0.36;0;0
29100;Βανάτον,το;0.36;0;0
85109;Βάτιον,το;0.36;0;0
49082;Βελιανιτάτικα,τα;0.36;0;0
28084;Βιγλί,το;0.36;0;0
73001;Βλιθιάς,ο;0.36;0;0
24004;Βουνάρια,τα;0.36;0;0
83200;Βρύσαι,αι;0.36;0;0
49082;Γάιος,ο;0.36;0;0
84005;Γαλανή,η;0.36;0;0
74052;Γαράζον,το;0.36;0;0
74054;Γαράζον,το;0.36;0;0
72200;Γδόχια,τα;0.36;0;0
72056;Γδόχια,τα;0.36;0;0
28084;Γερμενάτα,τα;0.36;0;0
23200;Γύθειον,το;0.36;0;0
23053;Δαιμονία,η;0.36;0;0
82104;Δακαλιό,το (νησίς);0.36;0;0
19001;Δασκαλειό,το (νησίς);0.36;0;0
21300;Δισκούρια,τα;0.36;0;0
74052;Δοξαρόν,το;0.36;0;0
74054;Δοξαρόν,το;0.36;0;0
28100;Δοριζάτα,τα;0.36;0;0
28083;Δοριζάτα,τα;0.36;0;0
70008;Επάνω Βάθεια,η;0.36;0;0
74052;Επισκοπή,η;0.36;0;0
74054;Επισκοπή,η;0.36;0;0
27150;Επιτάλιον,το;0.36;0;0
27058;Επιτάλιον,το;0.36;0;0
74055;Ζουρίδιον,το;0.36;0;0
74058;Ζουρίδιον,το;0.36;0;0
27050;Θίνες,οι;0.36;0;0
70300;Ίνιον,το;0.36;0;0
20150;Ισθμία,η;0.36;0;0
20010;Ισθμία,η;0.36;0;0
34015;Καβαλλιανή,η (νησίς);0.36;0;0
49080;Κάβος,ο;0.36;0;0
72150;Κακοκάμωται,αι;0.36;0;0
84501;Καλαμάκι,το;0.36;0;0
24005;Καλαμάκιον,το;0.36;0;0
84002;Κάλαμος,ο;0.36;0;0
83302;Καλαμουρίδα,η;0.36;0;0
74055;Καλονύκτης,ο;0.36;0;0
74058;Καλονύκτης,ο;0.36;0;0
19001;Καλοπήγαδο,το;0.36;0;0
23200;Καμάρες,οι;0.36;0;0
23062;Καμπινάρες,οι;0.36;0;0
74052;Κάμπος Δοξαρού,ο;0.36;0;0
74054;Κάμπος Δοξαρού,ο;0.36;0;0
83100;Κάμπος,ο;0.36;0;0
83302;Κάμπος,ο;0.36;0;0
23062;Καραβάς,ο;0.36;0;0
23071;Καραβάς,ο;0.36;0;0
83302;Καραβόσταμον,το;0.36;0;0
30020;Καραούλια,τα;0.36;0;0
21056;Καρνεζαίικα,τα;0.36;0;0
21060;Καρνεζαίικα,τα;0.36;0;0
82102;Καρύντα,η;0.36;0;0
27200;Κασιδιάρης,ο;0.36;0;0
49082;Κατσιμάτικα,τα;0.36;0;0
71500;Κάτω Καλέσια,τα;0.36;0;0
84200;Κάτω Κλείσμα,το;0.36;0;0
83301;Κάτω Λομβαρδάδες,οι;0.36;0;0
84501;Κάτω Φελλός,ο;0.36;0;0
23062;Καφιόνα,η;0.36;0;0
23063;Καφιόνα,η;0.36;0;0
73400;Καψανιανά,τα;0.36;0;0
73010;Καψανιανά,τα;0.36;0;0
28100;Κεραμειαί,αι;0.36;0;0
28083;Κεραμειαί,αι;0.36;0;0
23062;Κηπούλα,η;0.36;0;0
23071;Κηπούλα,η;0.36;0;0
23062;Κοίτα,η;0.36;0;0
23071;Κοίτα,η;0.36;0;0
83100;Κοκκάριον,το;0.36;0;0
34013;Κοκκίνης,ο;0.36;0;0
84500;Κόλυμπος,ο;0.36;0;0
73001;Κοντοκυνήγιον,το;0.36;0;0
29090;Κορίθιον,το;0.36;0;0
29091;Κορίθιον,το;0.36;0;0
82103;Κοσκινάς,ο;0.36;0;0
73400;Κουκουναρά,η;0.36;0;0
72400;Κουνάλιον,το;0.36;0;0
23062;Κούνος,ο;0.36;0;0
23071;Κούνος,ο;0.36;0;0
84300;Κουρουνοχώριον,το;0.36;0;0
21300;Κρανίδιον,το;0.36;0;0
34013;Κρύα Βρύση,η;0.36;0;0
83302;Κυπαρίσσιον,το;0.36;0;0
29092;Λαγανάς,ο;0.36;0;0
23062;Λάκκος,ο;0.36;0;0
23063;Λάκκος,ο;0.36;0;0
18020;Λεμονοδάσος,το;0.36;0;0
82104;Λήμνος,η;0.36;0;0
25200;Λιμανάκι,το;0.36;0;0
19023;Λιμήν Μαρκοπούλου,ο;0.36;0;0
49082;Λογγός,ο;0.36;0;0
28100;Λουρδάτα,τα;0.36;0;0
28083;Λουρδάτα,τα;0.36;0;0
83301;Μαγγανίτης,ο;0.36;0;0
24004;Μακρά Άμμος,η;0.36;0;0
19100;Μακρόνησος,η (νησίς);0.36;0;0
84200;Μαλλί,το;0.36;0;0
74052;Μαργαρίται,αι;0.36;0;0
23062;Μαρματσούκα,η;0.36;0;0
23063;Μαρματσούκα,η;0.36;0;0
74150;Μεγάλο Μετόχι,το;0.36;0;0
18030;Μεγαλοχώριον,το;0.36;0;0
28100;Μενεγάτα,τα;0.36;0;0
82102;Μερικούντα,η;0.36;0;0
18020;Μεταμόρφωσις,η;0.36;0;0
73006;Μετόχιον,το;0.36;0;0
24009;Μικρομάνη,η;0.36;0;0
83300;Μονή Λευκάδος Ευαγγελισμός,η;0.36;0;0
84700;Μονή Προφήτου Ηλιού,η;0.36;0;0
84701;Μονή Προφήτου Ηλιού,η;0.36;0;0
84005;Μονή Ταξιαρχών,η;0.36;0;0
84400;Μονή Χριστού Δάσους,η;0.36;0;0
49082;Μουγκελάτικα,τα;0.36;0;0
49082;Μποϊκάτικα,τα;0.36;0;0
72300;Μυρσίνη,η;0.36;0;0
72057;Μυρσίνη,η;0.36;0;0
82102;Νεκτά,η;0.36;0;0
23062;Νικάνδρειον,το;0.36;0;0
23063;Νικάνδρειον,το;0.36;0;0
34015;Νιμπορειό,το;0.36;0;0
23070;Νόμια,τα;0.36;0;0
23062;Ξεπαπαδιάνικα,τα;0.36;0;0
26500;Οβριά,η;0.36;0;0
82101;Οινούσσαι,αι (νησίς);0.36;0;0
74053;Ορνέ,η;0.36;0;0
23062;Πάγκια,τα;0.36;0;0
23071;Πάγκια,τα;0.36;0;0
27200;Παλαιοχώριον,το;0.36;0;0
24500;Παλιοβλασσάδα,η;0.36;0;0
21100;Παναγία,η;0.36;0;0
24004;Παναμπέλια,τα;0.36;0;0
19500;Πάνορμος,ο;0.36;0;0
82101;Παπαποντικάδικο,το (νησίς);0.36;0;0
25200;Παραλία Καλαμακίου,η;0.36;0;0
25200;Παραλία Κάτω Αχαΐας,η;0.36;0;0
74052;Πασαλίται,αι;0.36;0;0
19100;Πάχη,η;0.36;0;0
23051;Περιστέριον,το;0.36;0;0
20300;Πετρίτα,η;0.36;0;0
73400;Πολυρρηνία,η;0.36;0;0
28300;Ποντικός,ο (νησίς);0.36;0;0
22001;Πόρτες,οι;0.36;0;0
48100;Πρέβεζα,η;0.36;0;0
74150;Πρινέδες,οι;0.36;0;0
24022;Προάστιον,το;0.36;0;0
28100;Προκοπάτα,τα;0.36;0;0
83103;Πυθαγόρειο,το;0.36;0;0
23062;Πύργος Διρού,ο;0.36;0;0
23063;Πύργος Διρού,ο;0.36;0;0
27055;Ράχαι,αι;0.36;0;0
26500;Ρίον,το;0.36;0;0
26504;Ρίον,το;0.36;0;0
73400;Ρόκκα,η;0.36;0;0
74150;Ρουσσοσπίτιον,το;0.36;0;0
84200;Ρόχαρης,ο;0.36;0;0
18870;Σαλαμίς,η;0.36;0;0
18900;Σαλαμίς,η;0.36;0;0
18904;Σαλαμίς,η;0.36;0;0
18910;Σαλαμίς,η;0.36;0;0
27052;Σαμαραίικα,τα;0.36;0;0
72053;Σέλλαι,αι;0.36;0;0
20300;Σκαλωσιά,η;0.36;0;0
73001;Σπανιάκος,ο;0.36;0;0
18950;Σπιθάρι,το;0.36;0;0
18902;Σπιθάρι,το;0.36;0;0
27150;Σταματελαίικα,τα;0.36;0;0
23062;Σταυρίον,το;0.36;0;0
23071;Σταυρίον,το;0.36;0;0
72300;Σταυρωμένος,ο;0.36;0;0
20300;Στέρνα,η;0.36;0;0
84008;Στρούμπος,ο;0.36;0;0
70007;Σφενδύλιον,το;0.36;0;0
70005;Σφενδύλιον,το;0.36;0;0
34013;Σφυριδούπολη,η;0.36;0;0
18010;Τζίκηδες,οι;0.36;0;0
27054;Τρανή Λάκα,η;0.36;0;0
23062;Τροχάλακας,ο;0.36;0;0
23071;Τροχάλακας,ο;0.36;0;0
72400;Τσαμπίον,το;0.36;0;0
25002;Τσουκαλαίικα,τα;0.36;0;0
83100;Φλόκα,η;0.36;0;0
27055;Φραγκοκκλησιά,η;0.36;0;0
84002;Φωτημάριον,το;0.36;0;0
23062;Χαλικιά Βάττα,η;0.36;0;0
24004;Χράνοι,οι;0.36;0;0
24010;Χράνοι,οι;0.36;0;0
82103;Χωρή,η;0.36;0;0
48100;Ψαθάκι,το;0.36;0;0
23062;Ψίον,το;0.36;0;0
23071;Ψίον,το;0.36;0;0
23200;Αγερανός,ο;0.35;0;0
84500;Αγία Ελεούσα,η;0.35;0;0
84502;Αγία Ελεούσα,η;0.35;0;0
27200;Αγία Μαρίνα,η;0.35;0;0
24022;Αγία Σοφία,η;0.35;0;0
24004;Αγία Τριάδα,η;0.35;0;0
82104;Άγιο Νικολάκι,το (νησίς);0.35;0;0
20003;Άγιοι Θεόδωροι,οι;0.35;0;0
70400;Άγιος Αντώνιος,ο;0.35;0;0
73006;Άγιος Αντώνιος,ο;0.35;0;0
18020;Άγιος Γεώργιος,ο;0.35;0;0
23051;Άγιος Γεώργιος,ο;0.35;0;0
24004;Άγιος Γεώργιος,ο;0.35;0;0
23062;Άγιος Γεώργιος,ο (Τ.Κ.Κοίτας);0.35;0;0
23071;Άγιος Γεώργιος,ο (Τ.Κ.Κοίτας);0.35;0;0
23062;Άγιος Γεώργιος,ο (Τ.Κ.Μίνας);0.35;0;0
23063;Άγιος Γεώργιος,ο (Τ.Κ.Μίνας);0.35;0;0
27150;Άγιος Ηλίας,ο;0.35;0;0
29100;Άγιος Ιωάννης,ο;0.35;0;0
18020;Άγιος Κωνσταντίνος,ο;0.35;0;0
70004;Άγιος Νικόλαος,ο;0.35;0;0
72400;Άγιος Νικόλαος,ο;0.35;0;0
19500;Άγιος Νικόλαος,ο;0.35;0;0
27053;Άγιος Παντελεήμων,ο;0.35;0;0
82101;Άγιος Παντελεήμων,ο (νησίς);0.35;0;0
82102;Άγιος Στέφανος,ο (νησίς);0.35;0;0
28084;Αγριλιάς,ο;0.35;0;0
23053;Αδιάκοπος,ο;0.35;0;0
18950;Αιάντειον,το;0.35;0;0
18903;Αιάντειον,το;0.35;0;0
70008;Αϊτάνια,τα;0.35;0;0
26500;Ακταίο,το;0.35;0;0
26504;Ακταίο,το;0.35;0;0
29090;Αλικανάς,ο;0.35;0;0
84501;Αλικάνδρος,η;0.35;0;0
19013;Ανάβυσσος,η;0.35;0;0
27150;Ανεμοχώριον,το;0.35;0;0
27058;Ανεμοχώριον,το;0.35;0;0
30020;Αντίρριον,το;0.35;0;0
70400;Αντισκάριον,το;0.35;0;0
70009;Αντισκάριον,το;0.35;0;0
21100;Άρια,η;0.35;0;0
73400;Αρμενοχώριον,το;0.35;0;0
73010;Αρμενοχώριον,το;0.35;0;0
84003;Αρτεμών,ο;0.35;0;0
49082;Αρωνάτικα,τα;0.35;0;0
82101;Ασπαλαθρόκαμπος,ο;0.35;0;0
83100;Αυλάκια,τα;0.35;0;0
70300;Βακιώται,οι;0.35;0;0
24006;Βαράκες,οι;0.35;0;0
16602;Βάρη,η;0.35;0;0
16672;Βάρη,η;0.35;0;0
16772;Βάρη,η;0.35;0;0
16872;Βάρη,η;0.35;0;0
16972;Βάρη,η;0.35;0;0
74052;Βεργιανά,τα;0.35;0;0
23051;Βλαχιώτης,ο;0.35;0;0
23055;Βλαχιώτης,ο;0.35;0;0
84008;Βρούτσης,ο;0.35;0;0
29100;Γαϊτάνιον,το;0.35;0;0
18020;Γαλατάς,ο;0.35;0;0
70400;Γαλιά,η;0.35;0;0
70008;Γάλιπε,η;0.35;0;0
23070;Γέφυρα,η;0.35;0;0
23051;Γλώσσα,η;0.35;0;0
73002;Γλώσσα,η;0.35;0;0
27150;Γρανιτσαίικα,τα;0.35;0;0
82102;Γρίδια,τα;0.35;0;0
84100;Γυάρος,η (νησίς);0.35;0;0
74052;Δαμαβόλος,ο;0.35;0;0
74054;Δαμαβόλος,ο;0.35;0;0
34015;Δήλησο,το;0.35;0;0
23062;Ελαία,η;0.35;0;0
23071;Ελαία,η;0.35;0;0
34015;Ελαφολίμανο,το;0.35;0;0
24004;Επισκοπή,η;0.35;0;0
24010;Επισκοπή,η;0.35;0;0
18040;Ζώγερι,το;0.35;0;0
83103;Ηραίον,το;0.35;0;0
24009;Θουρία,η;0.35;0;0
24006;Καβουριανό,το;0.35;0;0
24006;Καινούργιον Χωρίον,το;0.35;0;0
72300;Καλαβρός,ο;0.35;0;0
72057;Καλαβρός,ο;0.35;0;0
27150;Καλακαίικα,τα;0.35;0;0
74052;Καλαμάς,ο;0.35;0;0
48100;Καλαμίτσι,το;0.35;0;0
23200;Καλύβια,τα;0.35;0;0
24006;Καμάρια,τα;0.35;0;0
84400;Κάμπος,ο;0.35;0;0
21100;Καποδίστριας,ο;0.35;0;0
25200;Καρνάρι,το;0.35;0;0
83103;Καρπόβουλος,ο;0.35;0;0
29100;Καστέλια,τα;0.35;0;0
34001;Καστρί,το;0.35;0;0
27053;Καταρράχι,το;0.35;0;0
84300;Κάτω Ποταμιά,η;0.35;0;0
83302;Κεραμείον,το;0.35;0;0
72200;Κεφάλα,η;0.35;0;0
83103;Κολόνα,η;0.35;0;0
28100;Κομποθεκράτα,τα;0.35;0;0
28100;Κοριάννα,τα;0.35;0;0
28083;Κοριάννα,τα;0.35;0;0
27054;Κοτρωνάκι,το;0.35;0;0
28200;Κουβαλάτα,τα;0.35;0;0
23062;Κουλούμιον,το;0.35;0;0
23063;Κουλούμιον,το;0.35;0;0
27200;Κουρούτας,ο;0.35;0;0
23062;Κουτρέλα,η;0.35;0;0
23063;Κουτρέλα,η;0.35;0;0
74052;Κρασούνας,ο;0.35;0;0
18020;Κυανή Ακτή,η;0.35;0;0
74052;Λαγκά,η;0.35;0;0
72300;Λαγκάδα,η;0.35;0;0
23062;Λαγουδιαί,αι;0.35;0;0
23071;Λαγουδιαί,αι;0.35;0;0
70300;Λαγούτα,η;0.35;0;0
49082;Λάκκα,η;0.35;0;0
73400;Λατζιανά,τα;0.35;0;0
73010;Λατζιανά,τα;0.35;0;0
19500;Λαύριον,το;0.35;0;0
34015;Λεύκα,η;0.35;0;0
82103;Λήμνος,η;0.35;0;0
73004;Λιβαδάς,ο;0.35;0;0
73009;Λιβαδάς,ο;0.35;0;0
82103;Λιμιά,τα;0.35;0;0
84302;Λιώνας,ο;0.35;0;0
84301;Λιώνας,ο;0.35;0;0
28200;Λουκεράτα,τα;0.35;0;0
27052;Λουτρά Υρμίνης,τα;0.35;0;0
84200;Λυχνάφτια,τα;0.35;0;0
83100;Μαούνες,οι;0.35;0;0
72300;Μαρωνία,η;0.35;0;0
27052;Μέγα Πεύκον,το;0.35;0;0
19100;Μεγάλο Νησί,το (νησίς);0.35;0;0
84300;Μέλανες,οι;0.35;0;0
31083;Μέντης,ο - Αλαφονήσι,το (νησίς);0.35;0;0
83103;Μεσόκαμπος,ο;0.35;0;0
24500;Μεταλλείο,το;0.35;0;0
28100;Μεταξάτα,τα;0.35;0;0
73007;Μετόχιον,το;0.35;0;0
72200;Μοναστηράκιον,το;0.35;0;0
27150;Μονή Σκαφιδιάς,η;0.35;0;0
26500;Μπάκαρι,το;0.35;0;0
24004;Μπιτσικόλακα,η;0.35;0;0
29100;Μποχάλη,η;0.35;0;0
27052;Μπρίνια,τα;0.35;0;0
74150;Μύλοι,οι;0.35;0;0
30020;Μυρτιά,η;0.35;0;0
48100;Μύτικας,ο;0.35;0;0
83301;Νάνουρας,ο;0.35;0;0
24022;Νεοχώριον,το;0.35;0;0
24024;Νεοχώριον,το;0.35;0;0
29100;Νερόμυλος,ο;0.35;0;0
82102;Νησάκι,το (νησίς);0.35;0;0
82101;Νησί Πίττας,το (νησίς);0.35;0;0
23062;Ομαλαί,αι;0.35;0;0
27150;Παλάτας,ο;0.35;0;0
27200;Παλούκι,το;0.35;0;0
22001;Παραλία Αγίου Ανδρέου,η;0.35;0;0
22006;Παραλία Αγίου Ανδρέου,η;0.35;0;0
24200;Παραλία Βελίκας,η;0.35;0;0
19100;Παχάκιον,το (νησίς);0.35;0;0
18800;Πέραμα,το;0.35;0;0
18801;Πέραμα,το;0.35;0;0
18810;Πέραμα,το;0.35;0;0
18863;Πέραμα,το;0.35;0;0
49082;Πετράτικα,τα;0.35;0;0
29100;Πευκάκια,τα;0.35;0;0
83103;Ποτάμι Μεσοκάμπου,το;0.35;0;0
84008;Ποταμός,ο;0.35;0;0
83103;Ποτοκάκι,το;0.35;0;0
73003;Πρόβαρμα,το;0.35;0;0
84700;Πύργος Καλλίστης,ο;0.35;0;0
84701;Πύργος Καλλίστης,ο;0.35;0;0
19100;Ρεβυθούσα,η (νησίς);0.35;0;0
18950;Σελήνια,τα;0.35;0;0
18902;Σελήνια,τα;0.35;0;0
23051;Σκάλα,η;0.35;0;0
71500;Σκαλάνιον,το;0.35;0;0
27150;Σκαφιδιά,η;0.35;0;0
23053;Σκλαβούνα,η;0.35;0;0
27150;Σκουροχώριον,το;0.35;0;0
28100;Σπαρτιά,τα;0.35;0;0
28083;Σπαρτιά,τα;0.35;0;0
19001;Συρί,το;0.35;0;0
74052;Τζαννακιανά,τα;0.35;0;0
21100;Τίρυνς,η;0.35;0;0
84400;Τούρλος,ο;0.35;0;0
83301;Τσακάδες,οι;0.35;0;0
73003;Φαράγγιον,το;0.35;0;0
70400;Φλαθιάκαι,αι;0.35;0;0
70012;Φλαθιάκαι,αι;0.35;0;0
26500;Χαντζηλιάκον,το;0.35;0;0
24004;Χελωναριά,η;0.35;0;0
73005;Χλιαρόν,το;0.35;0;0
82104;Ψαρά,τα;0.35;0;0
29100;Ψαρού,η;0.35;0;0
71500;Αγία Ειρήνη,η;0.34;0;0
23062;Αγία Κυριακή,η;0.34;0;0
83302;Αγία Κυριακή,η;0.34;0;0
23071;Αγία Κυριακή,η;0.34;0;0
21100;Αγία Παρασκευή,η;0.34;0;0
74061;Αγία Παρασκευή,η;0.34;0;0
74059;Αγία Παρασκευή,η;0.34;0;0
70400;Άγιοι Δέκα,οι;0.34;0;0
70012;Άγιοι Δέκα,οι;0.34;0;0
74150;Άγιος Ανδρέας,ο;0.34;0;0
71500;Άγιος Γεώργιος ο Μεθυστής,ο;0.34;0;0
18900;Άγιος Γεώργιος,ο (νησίς);0.34;0;0
71500;Άγιος Δημήτριος,ο;0.34;0;0
82103;Άγιος Ισίδωρος,ο;0.34;0;0
18030;Άγιος Νικόλαος,ο;0.34;0;0
27054;Άγιος Νικόλαος,ο;0.34;0;0
70400;Αληθινή,η;0.34;0;0
84100;Αληθινή,η;0.34;0;0
18950;Αμπελάκια,τα;0.34;0;0
18902;Αμπελάκια,τα;0.34;0;0
49082;Αντίπαξος,ο (νησίς);0.34;0;0
73002;Άνω Βούβαι,αι;0.34;0;0
74053;Άνω Ροδάκινον,το;0.34;0;0
74060;Άνω Ροδάκινον,το;0.34;0;0
72400;Ανώγεια,τα;0.34;0;0
74052;Απλαδιανά,τα;0.34;0;0
74054;Απλαδιανά,τα;0.34;0;0
73003;Άπτερα,τα;0.34;0;0
29100;Αργάσιον,το;0.34;0;0
85102;Αρχάγγελος,ο;0.34;0;0
82101;Αρχοντόνησο,το (νησίς);0.34;0;0
85109;Ασκληπιείον,το;0.34;0;0
84400;Άσπρον Χωρίον,το;0.34;0;0
70400;Βαγιονιά,η;0.34;0;0
70012;Βαγιονιά,η;0.34;0;0
73006;Βασιλόπουλον,το;0.34;0;0
83104;Βελανιδιά,η (Τ.Κ.Κουμαιίκων);0.34;0;0
84300;Βίβλος,η;0.34;0;0
18020;Βλαχαίικα,τα;0.34;0;0
73002;Βουκολιαί,αι;0.34;0;0
18020;Βύδιον,το;0.34;0;0
82101;Γαϊδουρόνησος,η (νησίς);0.34;0;0
24004;Γιαλικά,τα;0.34;0;0
83301;Γιαλισκάριον,το;0.34;0;0
49082;Δαλιετάτικα,τα;0.34;0;0
26332;Δεμένικα,τα;0.34;0;0
71500;Δρακουλιάρης,ο;0.34;0;0
29100;Δροσιά,η;0.34;0;0
23062;Δρυ,το;0.34;0;0
23071;Δρυ,το;0.34;0;0
82103;Εζούσα,η;0.34;0;0
85303;Εμπορειός,ο;0.34;0;0
18040;Επισκοπή,η;0.34;0;0
23062;Έρημος,η;0.34;0;0
23063;Έρημος,η;0.34;0;0
83302;Εύδηλος,ο;0.34;0;0
29100;Ζάκυνθος,η;0.34;0;0
27053;Ίκαρος,ο;0.34;0;0
27068;Ίκαρος,ο;0.34;0;0
70008;Καινούργιον Χωρίον,το;0.34;0;0
29100;Καλαμάκιον,το;0.34;0;0
73007;Καλαμίτσιον Αλεξάνδρου,το;0.34;0;0
73008;Καλαμίτσιον Αλεξάνδρου,το;0.34;0;0
73007;Καλαμίτσιον Αμυγδάλιον,το;0.34;0;0
73008;Καλαμίτσιον Αμυγδάλιον,το;0.34;0;0
73001;Κάλαμος,ο;0.34;0;0
29100;Καλλιτέρος,ο;0.34;0;0
25200;Καλόγρια,η;0.34;0;0
72300;Καμάρα,η;0.34;0;0
84008;Καμάριον,το;0.34;0;0
84400;Καμάριον,το;0.34;0;0
74052;Κάμπος  Απλαδιανών,ο;0.34;0;0
74054;Κάμπος  Απλαδιανών,ο;0.34;0;0
80100;Καραβάς,ο;0.34;0;0
80200;Καραβάς,ο;0.34;0;0
23062;Καραβοστάσιον,το;0.34;0;0
18020;Καραπολίτι,το;0.34;0;0
73006;Καρθιανά,τα;0.34;0;0
28300;Καρλονήσιον,το (νησίς);0.34;0;0
84501;Κάτω Άγιος Πέτρος,ο;0.34;0;0
74150;Κάτω Βαλσαμόνερον,το;0.34;0;0
23062;Κάτω Γαρδενίτσα,η;0.34;0;0
23071;Κάτω Γαρδενίτσα,η;0.34;0;0
28086;Κάτω Κατελειός,ο;0.34;0;0
82104;Κάτω Νησί,το (νησίς);0.34;0;0
27053;Κάτω Παναγία,η;0.34;0;0
27068;Κάτω Παναγία,η;0.34;0;0
72150;Κερατίδια,τα;0.34;0;0
23062;Κέρια,η;0.34;0;0
23071;Κέρια,η;0.34;0;0
28100;Κλείσματα,τα;0.34;0;0
28083;Κλείσματα,τα;0.34;0;0
28100;Κοκολάτα,τα;0.34;0;0
84200;Κολυμπήθρα,η;0.34;0;0
70014;Κόξαρη,η;0.34;0;0
84002;Κουκουβαγιά,η;0.34;0;0
23070;Κρεμμύδι,το;0.34;0;0
85108;Κρητηνία,η;0.34;0;0
27150;Κυανή Ακτή,η;0.34;0;0
29100;Κυδώνι,το;0.34;0;0
31084;Κύθρος,ο (νησίς);0.34;0;0
18010;Κυλινδράς,ο;0.34;0;0
28100;Λακήθρα,η;0.34;0;0
85108;Λακκίον,το;0.34;0;0
83300;Λιβάδιον,το;0.34;0;0
29092;Λίμνη Κερίου,η;0.34;0;0
73002;Λίμνη,η;0.34;0;0
73002;Λουκουμιχελιανά,τα;0.34;0;0
24006;Λούτσα,η;0.34;0;0
23051;Μακρινάρα,η;0.34;0;0
23055;Μακρινάρα,η;0.34;0;0
80100;Μανιτοχώριον,το;0.34;0;0
73005;Μανολιόπουλον,το;0.34;0;0
71500;Μαραθίτης,ο;0.34;0;0
27054;Μάραθος,ο;0.34;0;0
29100;Μαργαραίικα,τα;0.34;0;0
34013;Μεγαλόνησος Πεταλιών,η (νησίς);0.34;0;0
18010;Μεσαγρός,ο;0.34;0;0
29090;Μικρό Νησί,το;0.34;0;0
26500;Μιντιλόγλιον,το;0.34;0;0
82103;Μονή Αγίας Μαρκέλλας,η;0.34;0;0
28200;Μονή Υπεραγίας Θεοτόκου Κηπουραίων,η;0.34;0;0
85108;Μονόλιθος,ο;0.34;0;0
18300;Μοσχάτον,το;0.34;0;0
18301;Μοσχάτον,το;0.34;0;0
18310;Μοσχάτον,το;0.34;0;0
18344;Μοσχάτον,το;0.34;0;0
18345;Μοσχάτον,το;0.34;0;0
18346;Μοσχάτον,το;0.34;0;0
30200;Μπαμπακούλα,η;0.34;0;0
73005;Μπαπιόλος,ο;0.34;0;0
18020;Μπούγια,η;0.34;0;0
34001;Μπούρος,ο;0.34;0;0
24004;Μυρτιά,η;0.34;0;0
24004;Νέα Κορώνη,η;0.34;0;0
34015;Νέα Στύρα,τα;0.34;0;0
73002;Νέον Χωρίον,το;0.34;0;0
73003;Νέον Χωρίον,το;0.34;0;0
73008;Νέον Χωρίον,το;0.34;0;0
18020;Νεώριο,το;0.34;0;0
82101;Νησί Παναγιάς,το (νησίς);0.34;0;0
23062;Νόμια,η;0.34;0;0
23071;Νόμια,η;0.34;0;0
72300;Ξεροκαμπιάς,ο;0.34;0;0
23062;Ξερόλακκος,το;0.34;0;0
83300;Ξυλοσύρτης,ο;0.34;0;0
84002;Όρκος,ο;0.34;0;0
83104;Όρμος Κουμαιίκων,ο;0.34;0;0
24004;Παλιόκαμπος,ο;0.34;0;0
49082;Παναγία,η (νησίς);0.34;0;0
73400;Παππαγιαννάκηδες,οι;0.34;0;0
24200;Παραλία Ανάληψης,η;0.34;0;0
27200;Παραλία Μπούκας,η;0.34;0;0
27200;Παραλία,η;0.34;0;0
82101;Πατερόνησο,το (νησίς);0.34;0;0
82102;Πελαγόνησος,η (νησίς);0.34;0;0
73400;Περβολάκια,τα;0.34;0;0
24004;Περούλια,τα;0.34;0;0
28100;Πεσάδα,η;0.34;0;0
28083;Πεσάδα,η;0.34;0;0
31084;Πεταλού,η (νησίς);0.34;0;0
83104;Πεύκος,ο;0.34;0;0
24001;Πισάσκιον,το;0.34;0;0
29100;Πλάνος,ο;0.34;0;0
73200;Πλατάνι,το;0.34;0;0
73002;Ποντικιανά,τα;0.34;0;0
82101;Ποντικονήσι,το (νησίς);0.34;0;0
18010;Πόρτες,οι;0.34;0;0
83200;Ποτάμι,το;0.34;0;0
70007;Ποταμιαί,αι;0.34;0;0
70005;Ποταμιαί,αι;0.34;0;0
30019;Προβάτι,το (νησίς);0.34;0;0
28300;Προβάτιον,το (νησίς);0.34;0;0
84800;Ραλάκιον Χάλακος,το;0.34;0;0
84008;Ραχούλα,η;0.34;0;0
74061;Ρίζικας,ο;0.34;0;0
74059;Ρίζικας,ο;0.34;0;0
73006;Ροδωπός,ο;0.34;0;0
74052;Ρούπαι,αι;0.34;0;0
72150;Ρούσα Λίμνη,η;0.34;0;0
82101;Σάντα Παναγιά,η (νησίς);0.34;0;0
84010;Σίκινος,η;0.34;0;0
70300;Σκινιάς,ο;0.34;0;0
72300;Σκοπή,η;0.34;0;0
19001;Σκύλος,ο (νησίς);0.34;0;0
24150;Σπερχόγεια,η;0.34;0;0
24500;Στάση Σιδηροκάστρου,η;0.34;0;0
73003;Στύλος,ο;0.34;0;0
72300;Τουρλωτή,η;0.34;0;0
72057;Τουρλωτή,η;0.34;0;0
82102;Τραχύλια,τα;0.34;0;0
23051;Τρίνησα,τα;0.34;0;0
84400;Τσουκαλάς,ο;0.34;0;0
24006;Φοινίκη,η;0.34;0;0
24011;Φόνισσα,η;0.34;0;0
24021;Φόνισσα,η;0.34;0;0
83302;Φύτεμα,το;0.34;0;0
24300;Χαλαζόνιον,το;0.34;0;0
74052;Χελιανά,τα;0.34;0;0
74054;Χελιανά,τα;0.34;0;0
74052;Χουμέριον,το;0.34;0;0
24006;Χουνάκια,τα;0.34;0;0
74053;Αγαλιανός,ο;0.33;0;0
84200;Αγία Βαρβάρα,η;0.33;0;0
23070;Αγία Παρασκευή,η;0.33;0;0
18020;Αγία Σωτήρα,η;0.33;0;0
72053;Άγιος Γεώργιος,ο;0.33;0;0
28200;Άγιος Δημήτριος,ο;0.33;0;0
70004;Άγιος Δημήτριος,ο;0.33;0;0
83200;Άγιος Δημήτριος,ο;0.33;0;0
23052;Άγιος Ιωάννης,ο;0.33;0;0
70008;Άγιος Ιωάννης,ο;0.33;0;0
23060;Άγιος Ιωάννης,ο;0.33;0;0
24200;Άγιος Κωνσταντίνος,ο;0.33;0;0
29090;Άγιος Νικόλαος,ο;0.33;0;0
72300;Αζάλιον,το;0.33;0;0
21051;Ακτή Ύδρας,η;0.33;0;0
24150;Αλιμονέικα,τα;0.33;0;0
24006;Αμουλάκι,το;0.33;0;0
24150;Αντικάλαμος,ο;0.33;0;0
28084;Αντιπάτα,τα;0.33;0;0
24022;Άνω Ρίγκλια,τα;0.33;0;0
24024;Άνω Ρίγκλια,τα;0.33;0;0
70400;Απεσωκάριον,το;0.33;0;0
70012;Απεσωκάριον,το;0.33;0;0
28300;Αρκούδιον,το (νησίς);0.33;0;0
23062;Αρχιά,η;0.33;0;0
23071;Αρχιά,η;0.33;0;0
74055;Αρχοντική,η;0.33;0;0
28084;Αστερίς,η (νησίς);0.33;0;0
21051;Αχλαδίτσα,η;0.33;0;0
18010;Βαθύ,το;0.33;0;0
30200;Βασιλάδι,το (νησίς);0.33;0;0
73005;Βατόλακκος,ο;0.33;0;0
82101;Βάτος,η (νησίς);0.33;0;0
83200;Βελανιδιά,η (Δ.Κ.Μαραθοκάμπου);0.33;0;0
83102;Βελανιδιά,η (Δ.Κ.Μαραθοκάμπου);0.33;0;0
83104;Βεργή,η;0.33;0;0
84700;Βόθων,ο;0.33;0;0
16605;Βούλα,η;0.33;0;0
16673;Βούλα,η;0.33;0;0
84700;Βουρβούλος,ο;0.33;0;0
28300;Βρόμωνας,ο (νησίς);0.33;0;0
72053;Βρουχάς,ο;0.33;0;0
73007;Βρύσες,οι;0.33;0;0
73002;Γαβαλομούριον,το;0.33;0;0
73400;Γαλουβάς,ο;0.33;0;0
73006;Γερακιανά,τα;0.33;0;0
27050;Γλύφα,η;0.33;0;0
16501;Γλυφάδα,η;0.33;0;0
16510;Γλυφάδα,η;0.33;0;0
16531;Γλυφάδα,η;0.33;0;0
16561;Γλυφάδα,η;0.33;0;0
16562;Γλυφάδα,η;0.33;0;0
16574;Γλυφάδα,η;0.33;0;0
16600;Γλυφάδα,η;0.33;0;0
16601;Γλυφάδα,η;0.33;0;0
16607;Γλυφάδα,η;0.33;0;0
16610;Γλυφάδα,η;0.33;0;0
16674;Γλυφάδα,η;0.33;0;0
16675;Γλυφάδα,η;0.33;0;0
24150;Γουλίσματα,τα;0.33;0;0
73400;Γρηγοριανά,τα;0.33;0;0
74150;Γωνιά,η;0.33;0;0
84501;Δαμασκηνός,ο;0.33;0;0
73007;Δουλιανά,τα;0.33;0;0
73008;Δουλιανά,τα;0.33;0;0
28300;Δρακονέρα,η (νησίς);0.33;0;0
28100;Δράπανον,το;0.33;0;0
16603;Ελληνικόν,το;0.33;0;0
16604;Ελληνικόν,το;0.33;0;0
16700;Ελληνικόν,το;0.33;0;0
16701;Ελληνικόν,το;0.33;0;0
16710;Ελληνικόν,το;0.33;0;0
16777;Ελληνικόν,το;0.33;0;0
83300;Έξω Φάρος,ο;0.33;0;0
72053;Επάνω Ελούντα,η;0.33;0;0
84100;Επισκοπείον,το;0.33;0;0
73006;Επισκοπή,η;0.33;0;0
84300;Ηράκλεια,η;0.33;0;0
83300;Θέρμα,τα;0.33;0;0
83200;Ισώματα,τα;0.33;0;0
73007;Κάβαλλος,ο;0.33;0;0
27067;Καβούρι,το;0.33;0;0
71500;Καβροχώριον,το;0.33;0;0
17455;Καλαμάκιον,το;0.33;0;0
24133;Καλλιθέα - Κούρτη Ράχη,η;0.33;0;0
83104;Καλογερικό,το;0.33;0;0
28300;Καλόγηρος,ο (νησίς);0.33;0;0
23062;Καλόπυργος,ο;0.33;0;0
23071;Καλόπυργος,ο;0.33;0;0
83104;Κάμπος,ο (Τ.Κ.Σκουραιίκων);0.33;0;0
84302;Κανάκι,το;0.33;0;0
70400;Καστέλλιον,το;0.33;0;0
30019;Καστός,ο;0.33;0;0
31081;Καστός,ο;0.33;0;0
24150;Κατσίκοβον,το;0.33;0;0
70008;Κάτω Βάθεια,η;0.33;0;0
83301;Κάτω Ράχες,οι;0.33;0;0
74150;Καψαλιανά,τα;0.33;0;0
23062;Κεχριάνικα,τα;0.33;0;0
23071;Κεχριάνικα,τα;0.33;0;0
84302;Κλειδώ,η;0.33;0;0
24150;Κοκκινόραχη,η;0.33;0;0
24400;Κοκκινοχωραφά,η;0.33;0;0
23053;Κοντραφουριάνικα,τα;0.33;0;0
84002;Κορησσία,η;0.33;0;0
24001;Κορυφάσιον,το;0.33;0;0
23062;Κότρωνας,ο;0.33;0;0
23066;Κότρωνας,ο;0.33;0;0
24022;Κοτρώνιον,το;0.33;0;0
24023;Κοτρώνιον,το;0.33;0;0
84400;Κουκουμαυλές,οι;0.33;0;0
84200;Κουμελάς,ο;0.33;0;0
28100;Κουντουράτα,τα;0.33;0;0
74055;Κούφη,η;0.33;0;0
84006;Κύθνος,η;0.33;0;0
27053;Κυλλήνη,η;0.33;0;0
27068;Κυλλήνη,η;0.33;0;0
18950;Κυνοσούρα,η;0.33;0;0
18902;Κυνοσούρα,η;0.33;0;0
83104;Κύργιαννη,η;0.33;0;0
24150;Λαίικα,τα;0.33;0;0
27150;Λεβεντοχώριον,το;0.33;0;0
21100;Λευκάκια,τα;0.33;0;0
28200;Λιβάδιον,το;0.33;0;0
23052;Λιμήν Ιέρακος,ο;0.33;0;0
23068;Λιμήν Ιέρακος,ο;0.33;0;0
20300;Λίμνη Βουλιαγμένης,η;0.33;0;0
30001;Λούρος,ο;0.33;0;0
84302;Λυγαρίδια,τα;0.33;0;0
28300;Λυγία,η (νησίς);0.33;0;0
28300;Μάκρη,η (νησίς);0.33;0;0
23053;Μανολαριάνικα,τα;0.33;0;0
85101;Μαριτσά,τα;0.33;0;0
85106;Μαριτσά,τα;0.33;0;0
24022;Μάρμουτσα,τα;0.33;0;0
24500;Μαύρη Λίμνα,η;0.33;0;0
24022;Μεγάλη Μαντίνεια,η;0.33;0;0
21051;Μετόχιον,το;0.33;0;0
70400;Μητρόπολις,η;0.33;0;0
70012;Μητρόπολις,η;0.33;0;0
73006;Μοθιανά,τα;0.33;0;0
18040;Μονή Γεννήσεως Θεοτόκου Ζούρβας,η;0.33;0;0
18020;Μονή Ζωοδόχου Πηγής Καλαυρείας,η;0.33;0;0
73500;Μονή Κυρίας των Αγγέλων Αγίου Ιωάν.Ερ/του Γουβερνέτου,η;0.33;0;0
25002;Μονοδένδριον,το;0.33;0;0
70400;Μονόχωρον,το;0.33;0;0
84501;Μπατσί,το;0.33;0;0
21100;Μπούρτζιον,το (νησίς);0.33;0;0
21100;Ναύπλιον,το;0.33;0;0
23062;Νέασα,η;0.33;0;0
83200;Νέον Καρλοβάσιον,το;0.33;0;0
73300;Νεροκούρος,ο;0.33;0;0
85303;Νικιά,τα;0.33;0;0
73006;Νοχιά,τα;0.33;0;0
28300;Οξεία,η (νησίς);0.33;0;0
83200;Όρμος Αγίου Ισιδώρου,ο;0.33;0;0
83102;Όρμος Αγίου Ισιδώρου,ο;0.33;0;0
83200;Όρμος Μαραθοκάμπου,ο;0.33;0;0
83102;Όρμος Μαραθοκάμπου,ο;0.33;0;0
84200;Όρμος Πανόρμου,ο;0.33;0;0
84201;Όρμος Πανόρμου,ο;0.33;0;0
23200;Παγανέα,η;0.33;0;0
73011;Παλαιά Αγία Ρουμέλη,η;0.33;0;0
19013;Παλαιά Φώκαια,η;0.33;0;0
17500;Παλαιόν Φάληρον,το;0.33;0;0
17501;Παλαιόν Φάληρον,το;0.33;0;0
17502;Παλαιόν Φάληρον,το;0.33;0;0
17503;Παλαιόν Φάληρον,το;0.33;0;0
17510;Παλαιόν Φάληρον,το;0.33;0;0
17561;Παλαιόν Φάληρον,το;0.33;0;0
17562;Παλαιόν Φάληρον,το;0.33;0;0
17563;Παλαιόν Φάληρον,το;0.33;0;0
17564;Παλαιόν Φάληρον,το;0.33;0;0
83200;Παλαιοχώριον,το;0.33;0;0
83102;Παλαιοχώριον,το;0.33;0;0
23070;Παλιά Μονεμβασία,η;0.33;0;0
23053;Παναγία,η;0.33;0;0
22001;Παράλιον Άστρος,το;0.33;0;0
22019;Παράλιον Άστρος,το;0.33;0;0
27150;Πατρονικολαίικα,τα;0.33;0;0
18500;Πειραιεύς,ο;0.33;0;0
18501;Πειραιεύς,ο;0.33;0;0
18502;Πειραιεύς,ο;0.33;0;0
18503;Πειραιεύς,ο;0.33;0;0
18504;Πειραιεύς,ο;0.33;0;0
18505;Πειραιεύς,ο;0.33;0;0
18506;Πειραιεύς,ο;0.33;0;0
18507;Πειραιεύς,ο;0.33;0;0
18508;Πειραιεύς,ο;0.33;0;0
18509;Πειραιεύς,ο;0.33;0;0
18510;Πειραιεύς,ο;0.33;0;0
18512;Πειραιεύς,ο;0.33;0;0
18516;Πειραιεύς,ο;0.33;0;0
18517;Πειραιεύς,ο;0.33;0;0
18518;Πειραιεύς,ο;0.33;0;0
18519;Πειραιεύς,ο;0.33;0;0
18520;Πειραιεύς,ο;0.33;0;0
18521;Πειραιεύς,ο;0.33;0;0
18522;Πειραιεύς,ο;0.33;0;0
18523;Πειραιεύς,ο;0.33;0;0
18524;Πειραιεύς,ο;0.33;0;0
18531;Πειραιεύς,ο;0.33;0;0
18532;Πειραιεύς,ο;0.33;0;0
18533;Πειραιεύς,ο;0.33;0;0
18534;Πειραιεύς,ο;0.33;0;0
18535;Πειραιεύς,ο;0.33;0;0
18536;Πειραιεύς,ο;0.33;0;0
18537;Πειραιεύς,ο;0.33;0;0
18538;Πειραιεύς,ο;0.33;0;0
18539;Πειραιεύς,ο;0.33;0;0
18540;Πειραιεύς,ο;0.33;0;0
18541;Πειραιεύς,ο;0.33;0;0
18542;Πειραιεύς,ο;0.33;0;0
18543;Πειραιεύς,ο;0.33;0;0
18544;Πειραιεύς,ο;0.33;0;0
18545;Πειραιεύς,ο;0.33;0;0
18546;Πειραιεύς,ο;0.33;0;0
18547;Πειραιεύς,ο;0.33;0;0
18600;Πειραιεύς,ο;0.33;0;0
18601;Πειραιεύς,ο;0.33;0;0
18610;Πειραιεύς,ο;0.33;0;0
83104;Πέρρη,η;0.33;0;0
73002;Πετρές,ο;0.33;0;0
24500;Πηγαδούλια,τα;0.33;0;0
24021;Πηγαδούλια,τα;0.33;0;0
18020;Πλάκα,η;0.33;0;0
73400;Πλακάλωνα,τα;0.33;0;0
84005;Πλατύ Γιαλός,ο;0.33;0;0
73400;Πλοκαμιανά,τα;0.33;0;0
73012;Πλοκαμιανά,τα;0.33;0;0
70400;Πλώρα,η;0.33;0;0
70012;Πλώρα,η;0.33;0;0
70400;Πόμπια,η;0.33;0;0
70009;Πόμπια,η;0.33;0;0
18020;Πόρος,ο;0.33;0;0
84400;Πρόδρομος,ο;0.33;0;0
27150;Πυργί,το;0.33;0;0
24500;Ρουζάκιον,το;0.33;0;0
83100;Σάμος,η;0.33;0;0
19013;Σαρωνίς,η;0.33;0;0
74053;Σελλία,τα;0.33;0;0
74060;Σελλία,τα;0.33;0;0
28086;Σκάλα,η;0.33;0;0
28082;Σκάλα,η;0.33;0;0
20300;Σκάλωμα,το;0.33;0;0
73005;Σκινές,ο;0.33;0;0
84002;Σπαθί,το;0.33;0;0
24500;Σπηλιά,η;0.33;0;0
71500;Σπήλια,τα;0.33;0;0
74052;Σταυρωμένος,ο;0.33;0;0
72300;Σφάκα,η (Τοπική Κοινότητα Ζάκρου);0.33;0;0
72057;Σφάκα,η (Τοπική Κοινότητα Ζάκρου);0.33;0;0
83100;Τουρκομυλωνάς,ο;0.33;0;0
30200;Τουρλίς,η (νησίς);0.33;0;0
24001;Τραγάνα,η;0.33;0;0
23070;Τροχαλία,η;0.33;0;0
73003;Τσιβαράς,ο;0.33;0;0
73200;Τσικαλαριά,τα;0.33;0;0
84200;Φερό Χωριό,το;0.33;0;0
28084;Φισκάρδον,το;0.33;0;0
24006;Φοινικούς,ο;0.33;0;0
73400;Φτερόλακκα,τα;0.33;0;0
73400;Χαραυγή,η;0.33;0;0
73400;Χορευτιανά,τα;0.33;0;0
72300;Χοχλακιαί,αι;0.33;0;0
24400;Χοχλαστή,η;0.33;0;0
73005;Ψαθογιάννος,ο;0.33;0;0
27050;Ψηλή Ράχη,η;0.33;0;0
83104;Αβάντι,το;0.32;0;0
21051;Αγία Αικατερίνη,η;0.32;0;0
74150;Αγία Ειρήνη,η;0.32;0;0
83300;Αγία Κυριακή,η;0.32;0;0
23051;Άγιοι Ταξιάρχαι,οι;0.32;0;0
34001;Άγιοι,οι;0.32;0;0
28200;Άγιος Βασίλειος,ο;0.32;0;0
72200;Άγιος Γεώργιος,ο;0.32;0;0
84300;Άγιος Θαλέλαιος,ο;0.32;0;0
21300;Άγιος Ιωάννης,ο;0.32;0;0
83200;Άγιος Νικόλαος,ο;0.32;0;0
84200;Άγιος Ρωμανός,ο;0.32;0;0
84400;Άγιος Χαράλαμπος,ο;0.32;0;0
84100;Αγρός,ο;0.32;0;0
84302;Αζάλας,ο;0.32;0;0
24022;Άι Γιάννα,η;0.32;0;0
73500;Ακρόπολις,η;0.32;0;0
29100;Ακρωτήρι,το;0.32;0;0
18020;Αλυκή,η;0.32;0;0
24006;Ανεμόμυλος,ο;0.32;0;0
24500;Άνω Καλόν Νερόν,το;0.32;0;0
84100;Άνω Σύρος,η;0.32;0;0
70008;Ανώπολις,η;0.32;0;0
28300;Άπασα,η (νησίς);0.32;0;0
28100;Αργοστόλιον,το;0.32;0;0
73003;Αρμένοι,οι;0.32;0;0
85109;Αρνίθα,η;0.32;0;0
21100;Ασίνη,η;0.32;0;0
28084;Άσος,η;0.32;0;0
28085;Άσος,η;0.32;0;0
73006;Άσπρα Νερά,τα;0.32;0;0
73006;Αστράτηγος,ο;0.32;0;0
18950;Αταλάντη,η (νησίς);0.32;0;0
23053;Βαρκό,το;0.32;0;0
73006;Βένιον,το;0.32;0;0
71500;Βλυχιά,η;0.32;0;0
73006;Βούβαι,αι;0.32;0;0
73400;Βουλγάρω,το;0.32;0;0
73010;Βουλγάρω,το;0.32;0;0
84002;Βουρκάριον,το;0.32;0;0
73007;Γαβαλοχώριον,το;0.32;0;0
73008;Γαβαλοχώριον,το;0.32;0;0
28300;Γηρόβαρης,ο (νησίς);0.32;0;0
71500;Γιοφυράκια,τα;0.32;0;0
71500;Γούρναι,αι;0.32;0;0
84200;Δρακονήσιο,το (νησίς);0.32;0;0
18648;Δραπετσώνα,η;0.32;0;0
70008;Ελαία,η;0.32;0;0
84700;Έξω Γωνιά,η;0.32;0;0
84700;Επισκοπή Γωνιάς,η;0.32;0;0
71500;Ζερβού Μετόχιον,το;0.32;0;0
73002;Ζουνάκιον,το;0.32;0;0
83300;Θέρμα Λευκάδος,τα;0.32;0;0
21051;Θερμησία,η;0.32;0;0
83400;Θύμαινα,η (νησίς);0.32;0;0
19013;Θυμάρι,το;0.32;0;0
84400;Κακάπετρα,τα;0.32;0;0
73003;Καλάμι,το;0.32;0;0
24150;Καλάμιον,το;0.32;0;0
73002;Καλλιθέα,η;0.32;0;0
72150;Καλόν Χωρίον,το;0.32;0;0
73006;Καμάρα,η (Τ.Κ.Καλυδονίας);0.32;0;0
71500;Κάμπος,ο;0.32;0;0
21300;Κάμπος,ο (Δ.Κ.Κρανιδίου);0.32;0;0
83200;Κάμπος,ο (Δ.Κ.Μαραθοκάμπου);0.32;0;0
83102;Κάμπος,ο (Δ.Κ.Μαραθοκάμπου);0.32;0;0
18010;Καπότηδες,οι;0.32;0;0
23070;Καστέλλα,η;0.32;0;0
23053;Κατούνια,τα;0.32;0;0
27067;Κάτω Καβούρι,το;0.32;0;0
23062;Κάτω Μπουλαριοί,οι;0.32;0;0
23071;Κάτω Μπουλαριοί,οι;0.32;0;0
27054;Κάτω Ξηροχώρι,το;0.32;0;0
84003;Κάτω Πετάλιον,το;0.32;0;0
19500;Κάτω Ποσειδωνία,η;0.32;0;0
27055;Κάτω Σαμικόν,το;0.32;0;0
84200;Κιόνια,τα;0.32;0;0
84600;Κλουβάς,ο;0.32;0;0
70004;Κοκκαλαρά,η;0.32;0;0
84800;Κόμια,τα;0.32;0;0
30200;Κόμμα,το (νησίς);0.32;0;0
84501;Κυπρί,το;0.32;0;0
70200;Λαγολίον,το;0.32;0;0
83104;Λιμνονάκι,το;0.32;0;0
70200;Λίσταρος,ο;0.32;0;0
84002;Μακρόνησος,η (νησίς);0.32;0;0
73400;Μάκρωνας,ο;0.32;0;0
73010;Μάκρωνας,ο;0.32;0;0
84002;Μαράδες,οι;0.32;0;0
72150;Μαρδάτιον,το;0.32;0;0
73400;Μαρεδιανά,τα;0.32;0;0
74053;Μαριού,το;0.32;0;0
74060;Μαριού,το;0.32;0;0
83301;Μαυριαννός,ο;0.32;0;0
84005;Μεγάλον Χωρίον,το;0.32;0;0
18030;Μέθανα,τα;0.32;0;0
73006;Μελισσουργείον,το;0.32;0;0
84700;Μεσαριά,η;0.32;0;0
74150;Μικρό Μετόχι,το;0.32;0;0
28300;Μόδιο,το (νησίς);0.32;0;0
70008;Μονή Αγίου Ιωάννου Θεολόγου,η;0.32;0;0
73004;Μονή,η;0.32;0;0
73009;Μονή,η;0.32;0;0
84302;Μουτσούνα,η;0.32;0;0
72300;Ξερόκαμπος,ο (Τοπική Κοινότητα Σκοπής);0.32;0;0
72059;Ξερόκαμπος,ο (Τοπική Κοινότητα Σκοπής);0.32;0;0
23070;Ξιφίας,ο;0.32;0;0
84002;Ξύλα,τα;0.32;0;0
84002;Οτζιάς,ο;0.32;0;0
27054;Παναγιά,η (Τ.Κ.Ξηροχωρίου);0.32;0;0
21300;Παραλία Φούρνων,η;0.32;0;0
27150;Παραλία,η;0.32;0;0
27058;Παραλία,η;0.32;0;0
18950;Πέρανι,το;0.32;0;0
18903;Πέρανι,το;0.32;0;0
24022;Πετροβούνιον,το;0.32;0;0
70010;Πλατανιάς,ο;0.32;0;0
73400;Πλάτανος,ο;0.32;0;0
21051;Πλέπιον,το;0.32;0;0
74052;Πλευριανά,τα;0.32;0;0
24022;Πολιάνα,η;0.32;0;0
30019;Πράσο,το (νησίς);0.32;0;0
30001;Προκοπάνιστος,ο (νησίς);0.32;0;0
84401;Πρωτόργια,τα;0.32;0;0
85109;Πυλών,ο;0.32;0;0
72150;Πύργος,ο;0.32;0;0
25002;Ρογίτικα,τα;0.32;0;0
21300;Σαλάντιον,το;0.32;0;0
73006;Σκαφιώται,οι;0.32;0;0
24150;Σπιτάκια,τα;0.32;0;0
70400;Σφαιριανά,τα;0.32;0;0
30001;Σχοινιάς,ο (νησίς);0.32;0;0
28300;Σωρός,η (νησίς);0.32;0;0
84400;Σωτήρες,οι;0.32;0;0
70400;Τρυπητά,τα;0.32;0;0
70012;Τρυπητά,τα;0.32;0;0
28300;Τσακαλονήσιο,το (νησίς);0.32;0;0
30019;Φορμίκουλα,η (νησίς);0.32;0;0
73005;Φουρνές,ο;0.32;0;0
74150;Φραντζεσκιανά Μετόχια,τα;0.32;0;0
73007;Φυλακή,η;0.32;0;0
19001;Χάρακας,ο;0.32;0;0
73400;Χαρχαλιανά,τα;0.32;0;0
34013;Χερσονήσιον,το (νησίς);0.32;0;0
84100;Χρούσα,τα;0.32;0;0
73002;Χρυσαυγή,η;0.32;0;0
73500;Χωρδάκιον,το;0.32;0;0
83100;Ψιλή Άμμος,η;0.32;0;0
18950;Ψυττάλεια,η (νησίς);0.32;0;0
18010;Αγία Μαρίνα,η;0.31;0;0
74150;Αγία Τριάς,η;0.31;0;0
23053;Άγιοι Απόστολοι,οι;0.31;0;0
27067;Άγιος Ανδρέας,ο (Τ.Κ.Κατακόλου);0.31;0;0
70014;Άγιος Γεώργιος,ο;0.31;0;0
73011;Άγιος Γεώργιος,ο;0.31;0;0
83300;Άγιος Κήρυκος,ο;0.31;0;0
84200;Άγιος Μάρκος,ο - Τσιαμπιά,τα;0.31;0;0
20300;Αλκυονίδες,αι (νησίδες);0.31;0;0
29100;Άνω Βασιλικός,ο;0.31;0;0
70004;Άνω Βίγλα,η;0.31;0;0
84600;Άνω Μερά,η;0.31;0;0
84011;Άνω Μεριά,η;0.31;0;0
73400;Άνω Σφηνάριον,το;0.31;0;0
73012;Άνω Σφηνάριον,το;0.31;0;0
74150;Ανώγεια,τα;0.31;0;0
84302;Απόλλων,ο;0.31;0;0
84301;Απόλλων,ο;0.31;0;0
83104;Απόστολος Παύλος,ο;0.31;0;0
83301;Αρμενιστής,ο;0.31;0;0
23051;Αστέριον,το;0.31;0;0
23055;Αστέριον,το;0.31;0;0
73006;Αφράτα,τα;0.31;0;0
73400;Βαρδιανά,τα;0.31;0;0
73500;Βαρύπετρον,το;0.31;0;0
82102;Βενέτικο,το (νησίς);0.31;0;0
21056;Βιβάριον,το;0.31;0;0
21060;Βιβάριον,το;0.31;0;0
16608;Βουλιαγμένη,η;0.31;0;0
16671;Βουλιαγμένη,η;0.31;0;0
84300;Γαλανάδον,το;0.31;0;0
24001;Γιάλοβα,η;0.31;0;0
24300;Γιόλακα,η;0.31;0;0
23053;Δερματιάνικα,τα;0.31;0;0
18950;Δημήτρανι,το;0.31;0;0
18903;Δημήτρανι,το;0.31;0;0
23051;Έλος,το;0.31;0;0
23055;Έλος,το;0.31;0;0
73007;Εξώπολις,η;0.31;0;0
73008;Εξώπολις,η;0.31;0;0
85104;Επάνω Καλαμών,ο;0.31;0;0
85106;Επάνω Καλαμών,ο;0.31;0;0
21051;Ερμιόνη,η;0.31;0;0
19500;Εσπερίδες,οι;0.31;0;0
27054;Ζαχάρω,η;0.31;0;0
27050;Ιονικόν,το;0.31;0;0
24134;Καγκαρέικα,τα;0.31;0;0
27050;Καλαμιά,η;0.31;0;0
84400;Καλάμιον,το;0.31;0;0
74052;Καλλέργος,ο;0.31;0;0
27067;Καλλιθέα,η;0.31;0;0
84500;Καλόγερος,ο (νησίς);0.31;0;0
73006;Καλυδονία,η;0.31;0;0
84003;Καμάραι,αι;0.31;0;0
73007;Καμπιά,τα;0.31;0;0
73008;Καμπιά,τα;0.31;0;0
21300;Κάμπος,ο (Τ.Κ.Κοιλάδος);0.31;0;0
24400;Κάναλος,ο;0.31;0;0
21056;Κάντια,η;0.31;0;0
21060;Κάντια,η;0.31;0;0
21056;Κατσιγιανναίικα,τα;0.31;0;0
21060;Κατσιγιανναίικα,τα;0.31;0;0
72150;Κατσίκια,τα;0.31;0;0
23051;Κάτω Γλυκόβρυση,η;0.31;0;0
23055;Κάτω Γλυκόβρυση,η;0.31;0;0
72200;Κάτω Χωρίον,το;0.31;0;0
74053;Κεραμές,ο;0.31;0;0
27055;Κλειδί,το;0.31;0;0
83100;Κλήμα,το;0.31;0;0
21300;Κοιλάς,η;0.31;0;0
71500;Κολλυβάς,ο;0.31;0;0
27150;Κορακοχώριον,το;0.31;0;0
73002;Κουλκουθιανά,τα;0.31;0;0
73014;Κυπάρισσος,ο;0.31;0;0
74150;Κυριάννα,η;0.31;0;0
18010;Κυψέλη,η;0.31;0;0
24150;Λαγκάδα,η - Δημητρακοπουλέικα,τα;0.31;0;0
28300;Λαμπρινός,ο (νησίς);0.31;0;0
19500;Λεγρενά,τα;0.31;0;0
23051;Λεήμονας,ο;0.31;0;0
28200;Ληξούριον,το;0.31;0;0
18040;Λιμιόνιζα,η (νησίς);0.31;0;0
83200;Λιμνιώνας,ο;0.31;0;0
28200;Λογγός,ο;0.31;0;0
27050;Λουτρά Κυλλήνης,τα;0.31;0;0
71500;Μαλάδες,οι;0.31;0;0
74061;Μάνδρες,οι;0.31;0;0
74059;Μάνδρες,οι;0.31;0;0
84400;Μάρμαρα,τα;0.31;0;0
18950;Μαρούδι,το;0.31;0;0
84400;Μάρπησσα,η;0.31;0;0
84002;Μαύρο,το;0.31;0;0
23053;Μεγάλη Σπηλιά,η;0.31;0;0
84002;Μελισσάκι,το;0.31;0;0
73400;Μεράδα,η;0.31;0;0
18010;Μετόχι,το;0.31;0;0
24150;Μικρά Μαντίνεια,η;0.31;0;0
28200;Μιχαλιτσάτα,τα;0.31;0;0
74052;Μουρτζανά,τα;0.31;0;0
74054;Μουρτζανά,τα;0.31;0;0
27150;Μπούκα,η;0.31;0;0
21056;Νέα Μαραθέα,η;0.31;0;0
21060;Νέα Μαραθέα,η;0.31;0;0
27054;Νεοχώριον,το (Τ.Κ.Ξηροχωρίου);0.31;0;0
73002;Νεριανά,τα;0.31;0;0
24400;Νεροβίγλι,το;0.31;0;0
73011;Νομικιανά,τα;0.31;0;0
73014;Ξηροκάμπιον,το;0.31;0;0
84200;Όρμος Καρδιανής,ο;0.31;0;0
84201;Όρμος Καρδιανής,ο;0.31;0;0
84200;Όρμος Υστερνίων,ο;0.31;0;0
84201;Όρμος Υστερνίων,ο;0.31;0;0
23052;Παπαδιάνικα,τα;0.31;0;0
23056;Παπαδιάνικα,τα;0.31;0;0
26500;Παραλία,η;0.31;0;0
27050;Παραλία,η;0.31;0;0
23053;Παρασπόρια,τα;0.31;0;0
24400;Πελεκητός,ο;0.31;0;0
21051;Πηγάδια,τα;0.31;0;0
84002;Πήσσαι,αι;0.31;0;0
74150;Πίκρης,ο;0.31;0;0
28300;Πίστρος,ο (νησίς);0.31;0;0
83100;Ποσειδώνιον,το;0.31;0;0
28300;Πράσο,το (νησίς);0.31;0;0
85300;Πυλίον,το;0.31;0;0
24001;Πύλος,η;0.31;0;0
73006;Ραβδούχα,η;0.31;0;0
84005;Ράμος,ο;0.31;0;0
24400;Ρίκια,τα;0.31;0;0
28100;Σβορωνάτα,τα;0.31;0;0
84005;Σέριφος,η;0.31;0;0
31082;Σέσουλα,η (νησίς);0.31;0;0
74052;Σκουλούφια,τα;0.31;0;0
28200;Σουλλάροι,οι;0.31;0;0
28300;Σοφία,η (νησίς);0.31;0;0
83104;Συκιά,η;0.31;0;0
21051;Σωληνάριον,το;0.31;0;0
24006;Τάπια,η;0.31;0;0
34013;Τραγονήσιον,το (νησίς);0.31;0;0
84800;Τριοβασάλος,ο;0.31;0;0
83300;Φανάριον,το;0.31;0;0
24500;Φαρακλάδα,η;0.31;0;0
84302;Φαρακλό,το;0.31;0;0
84301;Φαρακλό,το;0.31;0;0
24300;Φιλιατρά,τα;0.31;0;0
28300;Φίλιππος,ο (νησίς);0.31;0;0
24133;Φιλοθέη,η;0.31;0;0
71500;Φόδελε,το;0.31;0;0
84011;Φολέγανδρος,η;0.31;0;0
28084;Χαλικερή,η;0.31;0;0
84302;Χίλια Βρύση,η;0.31;0;0
73400;Χουδαλιανά,τα;0.31;0;0
73010;Χουδαλιανά,τα;0.31;0;0
83400;Χρυσομηλέα,η;0.31;0;0
84003;Χρυσοπηγή,η;0.31;0;0
84005;Αβυσσαλός,ο;0.30;0;0
84001;Αγία Θεοδότη,η;0.30;0;0
24500;Αγιαννάκης,ο;0.30;0;0
21051;Άγιοι Ανάργυροι,οι;0.30;0;0
24133;Άγιοι Πάντες,οι;0.30;0;0
27150;Άγιος Ανδρέας,ο (Τ.Κ.Κορακοχωρίου);0.30;0;0
18030;Άγιος Γεώργιος,ο;0.30;0;0
23053;Άγιος Γεώργιος,ο;0.30;0;0
83100;Άγιος Νικόλαος,ο (νησίς);0.30;0;0
24133;Άγιος Φανούριος,ο;0.30;0;0
84100;Άδειατα,τα;0.30;0;0
73500;Αεροδρόμιον,το;0.30;0;0
23062;Άλικα,τα;0.30;0;0
23071;Άλικα,τα;0.30;0;0
73005;Αλικιανός,ο;0.30;0;0
74052;Αλφά,η;0.30;0;0
73200;Ανεμόμυλοι,οι;0.30;0;0
85302;Αντιμάχεια,η;0.30;0;0
73001;Άνυδροι,οι;0.30;0;0
84100;Άνω Μάννα,το;0.30;0;0
27050;Αρκούδι,το;0.30;0;0
24150;Ασπρόχωμα,το;0.30;0;0
74053;Ασώματος,ο;0.30;0;0
74060;Ασώματος,ο;0.30;0;0
23052;Ασωπός,ο;0.30;0;0
23056;Ασωπός,ο;0.30;0;0
23062;Αχίλλειον,το;0.30;0;0
23071;Αχίλλειον,το;0.30;0;0
18010;Βαΐα,η;0.30;0;0
23053;Βαλτάκι,το;0.30;0;0
29100;Βασιλικός,ο;0.30;0;0
24400;Βατιάς,ο;0.30;0;0
74150;Βεδέροι,οι;0.30;0;0
24500;Βλασσάδα,η;0.30;0;0
73011;Βουβάς,ο;0.30;0;0
24500;Βουνάκι,το;0.30;0;0
28200;Βουνίον,το;0.30;0;0
80100;Βουνόν,το;0.30;0;0
80200;Βουνόν,το;0.30;0;0
84200;Βουρνή,η;0.30;0;0
24300;Βρύσες,οι;0.30;0;0
80100;Γαλανιανά,τα;0.30;0;0
84501;Γαύριο,το;0.30;0;0
24400;Γεφυράκι,το;0.30;0;0
24133;Γιανιτσάνικα,τα - Σκουπιδότοπος,ο;0.30;0;0
74053;Γιαννιού,το;0.30;0;0
74000;Γιαννιού,το;0.30;0;0
84300;Γλινάδον,το;0.30;0;0
84400;Γλυσίδια,τα;0.30;0;0
84400;Γλυφάδες,οι;0.30;0;0
74052;Δαφνέδες,οι;0.30;0;0
74054;Δαφνέδες,οι;0.30;0;0
73400;Δάφνη,η;0.30;0;0
73400;Δερμιζιανά,τα;0.30;0;0
83100;Διαπόρτι,το (νησίς);0.30;0;0
73006;Δρακόνα,η;0.30;0;0
21056;Δρέπανον,το;0.30;0;0
21060;Δρέπανον,το;0.30;0;0
84300;Εγγαραί,αι;0.30;0;0
72150;Ελληνικά,τα;0.30;0;0
73002;Ελληνικόν,το;0.30;0;0
74055;Επισκοπή,η;0.30;0;0
73500;Ζορνάδης,ο;0.30;0;0
84400;Ιστέρνιον,το;0.30;0;0
27054;Καϊάφας,ο;0.30;0;0
80100;Κάλαμος,ο;0.30;0;0
27054;Κάμπος,ο;0.30;0;0
84302;Κάμπος,ο;0.30;0;0
84301;Κάμπος,ο;0.30;0;0
18950;Κανάκια,τα;0.30;0;0
18903;Κανάκια,τα;0.30;0;0
23062;Κάποι,οι;0.30;0;0
23071;Κάποι,οι;0.30;0;0
84700;Καρτεράδος,ο;0.30;0;0
70007;Καρτσινιανός,ο;0.30;0;0
74055;Καρωτή,η;0.30;0;0
27067;Κατάκολον,το;0.30;0;0
74053;Κάτω Ροδάκινον,το;0.30;0;0
74060;Κάτω Ροδάκινον,το;0.30;0;0
19500;Κάτω Σούνιον,το;0.30;0;0
84800;Κήπος,ο;0.30;0;0
18040;Κλιμάκι,το;0.30;0;0
71500;Κνωσός,η;0.30;0;0
73014;Κοιλάδα,η;0.30;0;0
73007;Κόκκινον Χωρίον,το;0.30;0;0
73008;Κόκκινον Χωρίον,το;0.30;0;0
24004;Κορώνη,η;0.30;0;0
21300;Κορωνίς,η (νησίς);0.30;0;0
73400;Κοτσιανά,τα;0.30;0;0
24004;Κούκουρας,ο;0.30;0;0
73006;Κουμούλιον,το;0.30;0;0
84501;Κούρταλη,η;0.30;0;0
80100;Κρυονέριον,το;0.30;0;0
80200;Κρυονέριον,το;0.30;0;0
85700;Κυρά Παναγιά,η;0.30;0;0
24004;Λακούλες,οι;0.30;0;0
28200;Λέπεδα,τα;0.30;0;0
73400;Λυριδιανά,τα;0.30;0;0
71500;Μαδές,ο;0.30;0;0
18040;Μανδράκι,το;0.30;0;0
28200;Μαντζαβινάτα,τα;0.30;0;0
73006;Μαραθοκεφάλα,η;0.30;0;0
74150;Μαρουλάς,ο;0.30;0;0
73014;Μαρουλιαχιανά,τα;0.30;0;0
84700;Μεγαλοχώριον,το;0.30;0;0
23062;Μέζαπος,ο;0.30;0;0
23071;Μέζαπος,ο;0.30;0;0
84100;Μεσαριά,η;0.30;0;0
74150;Μέση,η;0.30;0;0
71500;Μετόχι,το;0.30;0;0
73400;Μετόχιον,το;0.30;0;0
28100;Μηνιά,η;0.30;0;0
23062;Μιαναί,αι;0.30;0;0
23071;Μιαναί,αι;0.30;0;0
23070;Μονεμβασία,η;0.30;0;0
18010;Μονή,η (νησίς);0.30;0;0
73007;Μουρίον,το;0.30;0;0
24400;Μπάρλα,η;0.30;0;0
84001;Μπούρης,ο;0.30;0;0
73500;Μυλωνιανά,τα;0.30;0;0
84400;Μώλος,ο;0.30;0;0
73002;Νερατζιά,η;0.30;0;0
73014;Ξαμουδοχώριον,το;0.30;0;0
74053;Ξηρόκαμπος,ο;0.30;0;0
85700;Όλυμπος,ο;0.30;0;0
84200;Όρμος Αγίου Ιωάννου,ο;0.30;0;0
23062;Οχιά,η;0.30;0;0
23071;Οχιά,η;0.30;0;0
73500;Παζινός,ο;0.30;0;0
18040;Παλαμιδάς,ο;0.30;0;0
84302;Πάνερμος,ο;0.30;0;0
84100;Παρακοπή,η;0.30;0;0
85500;Πάτμος,η;0.30;0;0
26000;Πάτραι,αι;0.30;0;0
26001;Πάτραι,αι;0.30;0;0
26002;Πάτραι,αι;0.30;0;0
26003;Πάτραι,αι;0.30;0;0
26004;Πάτραι,αι;0.30;0;0
26006;Πάτραι,αι;0.30;0;0
26007;Πάτραι,αι;0.30;0;0
26110;Πάτραι,αι;0.30;0;0
26221;Πάτραι,αι;0.30;0;0
26222;Πάτραι,αι;0.30;0;0
26223;Πάτραι,αι;0.30;0;0
26224;Πάτραι,αι;0.30;0;0
26225;Πάτραι,αι;0.30;0;0
26226;Πάτραι,αι;0.30;0;0
26232;Πάτραι,αι;0.30;0;0
26331;Πάτραι,αι;0.30;0;0
26333;Πάτραι,αι;0.30;0;0
26334;Πάτραι,αι;0.30;0;0
26336;Πάτραι,αι;0.30;0;0
26441;Πάτραι,αι;0.30;0;0
26442;Πάτραι,αι;0.30;0;0
26444;Πάτραι,αι;0.30;0;0
26502;Πάτραι,αι;0.30;0;0
26503;Πάτραι,αι;0.30;0;0
26517;Πάτραι,αι;0.30;0;0
19001;Πάτροκλος,ο (νησίς);0.30;0;0
84800;Πέραν Τριοβασάλος,ο;0.30;0;0
70400;Πέριον,το;0.30;0;0
70009;Πέριον,το;0.30;0;0
18950;Περιστέρια,τα;0.30;0;0
24400;Πηγάδια,τα;0.30;0;0
72150;Πίσσιδος,ο;0.30;0;0
83400;Πλαγιά,η;0.30;0;0
84600;Πλιντρί,το;0.30;0;0
73400;Ποταμίδα,η;0.30;0;0
83100;Πρασονήσιο,το (νησίς);0.30;0;0
74150;Πρινές,ο;0.30;0;0
24001;Ρωμανός,ο;0.30;0;0
24006;Σαπιέντζα,η (νησίς);0.30;0;0
84400;Σαρακίνικο,το;0.30;0;0
18011;Σκάλα,η;0.30;0;0
74052;Σκορδίλον,το;0.30;0;0
70014;Σκοτεινόν,το;0.30;0;0
84100;Τάλαντα,τα;0.30;0;0
28084;Τζαμαρελλάτα,τα;0.30;0;0
84400;Τζάνες,ο;0.30;0;0
83301;Τραπάλον,το;0.30;0;0
84400;Τσουκαλιά,τα;0.30;0;0
18040;Ύδρα,η;0.30;0;0
24004;Φανερωμένη,η;0.30;0;0
84600;Φάρος Αρμενιστής,ο;0.30;0;0
71500;Φοινικιά,η;0.30;0;0
84200;Φσίνος,ο;0.30;0;0
23062;Χαρούδα,η;0.30;0;0
23063;Χαρούδα,η;0.30;0;0
23062;Χοτάσια,η;0.30;0;0
74052;Αγιά,η;0.29;0;0
74054;Αγιά,η;0.29;0;0
71414;Άγιοι Θεόδωροι,οι;0.29;0;0
29090;Άγιος Ανδρέας,ο (νησίς);0.29;0;0
84100;Άγιος Δημήτριος,ο;0.29;0;0
84400;Άγιος Ιωάννης Τρυπητής,ο;0.29;0;0
18040;Άγιος Κωνσταντίνος,ο;0.29;0;0
84400;Άγιος Νικόλαος,ο;0.29;0;0
84008;Άγιος Παύλος,ο;0.29;0;0
70008;Άγιος Ρωμανός,ο;0.29;0;0
84200;Άγιος Σώστης,ο;0.29;0;0
18010;Αιγινήτισσα,η;0.29;0;0
84501;Ακαμάτης,ο (νησίς);0.29;0;0
24150;Ακοβίτικα,τα;0.29;0;0
72150;Αμμουδάρα,η;0.29;0;0
71500;Αμμούδι,το;0.29;0;0
73400;Άνω Δραπανιάς,ο;0.29;0;0
84006;Άοσα,η;0.29;0;0
73011;Αργουλές,ο;0.29;0;0
23062;Αρφίγκια,τα;0.29;0;0
19500;Αρχή,η (νησίς);0.29;0;0
73007;Άσπρον,το;0.29;0;0
73008;Άσπρον,το;0.29;0;0
18030;Βαθύ,το;0.29;0;0
72150;Βαθύ,το;0.29;0;0
72200;Βασιλική,η;0.29;0;0
85200;Βοθύνοι,οι;0.29;0;0
73014;Βρύσαι,αι;0.29;0;0
24400;Βρυσόμηλος,ο - Αγία Σωτήρα,η;0.29;0;0
71414;Γάζιον,το;0.29;0;0
18950;Γαϊδούρι,το (νησίς);0.29;0;0
84300;Γαλήνη,η;0.29;0;0
74150;Γάλλος,ο;0.29;0;0
24006;Γεφύρι,το;0.29;0;0
27054;Γιαννιτσοχώριον,το;0.29;0;0
73400;Γραμβουσά,η;0.29;0;0
84100;Δανακός,ο;0.29;0;0
73006;Δαρμαροχώριον,το;0.29;0;0
83400;Δαφνολιές,οι;0.29;0;0
21300;Δορούφι,το (Δ.Κ.Κρανιδίου);0.29;0;0
24500;Δρεκολαίικα,τα;0.29;0;0
24011;Ελαία,η;0.29;0;0
24021;Ελαία,η;0.29;0;0
70200;Έλληνας,ο;0.29;0;0
24300;Εξοχικόν,το;0.29;0;0
24150;Ζουζουλέικα,τα;0.29;0;0
84008;Θολάρια,τα;0.29;0;0
21056;Ίρια,τα;0.29;0;0
21060;Ίρια,τα;0.29;0;0
18010;Κάβος,ο;0.29;0;0
73500;Καθιανά,τα;0.29;0;0
84302;Καλαντός,ο;0.29;0;0
73400;Καλλεργιανά,τα;0.29;0;0
21056;Καλλιθέα,η;0.29;0;0
71500;Καλλιθέα,η;0.29;0;0
21060;Καλλιθέα,η;0.29;0;0
24500;Καλόν Νερόν,το;0.29;0;0
84008;Καλοφάνα,η;0.29;0;0
73003;Καλύβαι,αι;0.29;0;0
84401;Καμάραι,αι;0.29;0;0
84400;Καμάρες,οι;0.29;0;0
83400;Καμάρι,το;0.29;0;0
23052;Καραβοστάσιον,το;0.29;0;0
23056;Καραβοστάσιον,το;0.29;0;0
83100;Κασονήσι,το (νησίς);0.29;0;0
84800;Κατσαρώνας,ο;0.29;0;0
72053;Κάτω Ελούντα,η;0.29;0;0
73400;Κάτω Παλαιόκαστρον,το;0.29;0;0
27053;Καυκαλίδα,η (νησίς);0.29;0;0
27068;Καυκαλίδα,η (νησίς);0.29;0;0
72300;Κιμουριώτης,ο;0.29;0;0
84100;Κίνιον,το;0.29;0;0
70200;Κλήμα,το;0.29;0;0
24006;Κοκκινιά,η;0.29;0;0
18950;Κολώνες,οι;0.29;0;0
18903;Κολώνες,οι;0.29;0;0
73011;Κομιτάδες,οι;0.29;0;0
21051;Κουβέρτα,η;0.29;0;0
73500;Κουνουπιδιανά,τα;0.29;0;0
73400;Κουρθιανά,τα;0.29;0;0
70400;Κουσές,ο;0.29;0;0
24100;Κουτιβέϊκα,τα;0.29;0;0
70014;Κουτουλουφάριον,το;0.29;0;0
24006;Λάμπες,οι;0.29;0;0
84200;Λαούτη,η;0.29;0;0
71500;Λινοπεράματα,τα;0.29;0;0
73014;Λουτράκιον,το;0.29;0;0
85102;Μαλών,ο;0.29;0;0
34001;Μανδηλού,η (νησίς);0.29;0;0
84501;Μεγάλο,το (νησίς);0.29;0;0
84502;Μεγάλο,το (νησίς);0.29;0;0
18011;Μεγαλοχώρι,το;0.29;0;0
24500;Μεμί,το;0.29;0;0
73002;Μετόχιον Σιριλίου,το;0.29;0;0
84800;Μήλος,η;0.29;0;0
70400;Μοίραι,αι;0.29;0;0
85102;Μοναστήριον η Τσαμπίκα,το;0.29;0;0
84401;Μονή Αγίου Αντωνίου,η;0.29;0;0
84005;Μονή Ευαγγελιστρίας,η;0.29;0;0
70200;Μονή Οδηγητρίας,η;0.29;0;0
73500;Μουζουράς,ο;0.29;0;0
83400;Μπαλί,το;0.29;0;0
74053;Μύρθιος,η;0.29;0;0
74060;Μύρθιος,η;0.29;0;0
18040;Μώλος,ο;0.29;0;0
18950;Ν. Κανάκια,τα (νησίς);0.29;0;0
18950;Ν. Πέρα,η (νησίς);0.29;0;0
70400;Ξεροκάμπια,τα;0.29;0;0
72100;Ξηρόκαμπος,ο;0.29;0;0
84800;Ξυλοκερατιά,η;0.29;0;0
84008;Όρμος Αιγιάλης,ο;0.29;0;0
84100;Πάγος,ο;0.29;0;0
85200;Παλιόνησος,η;0.29;0;0
27054;Πανόραμα,το;0.29;0;0
71500;Παντάνασσα,η;0.29;0;0
24150;Πάνω Γαλάρι - Καμπινάρι,το;0.29;0;0
18020;Περγάρι,το;0.29;0;0
18010;Πέρδικα,η;0.29;0;0
21300;Πετροθάλασσα,η (Φλάμπουρα);0.29;0;0
24001;Πετροχώριον,το;0.29;0;0
73200;Πιθάριον,το;0.29;0;0
70014;Πισκοπιανόν,το;0.29;0;0
23053;Πλατανιάς,ο;0.29;0;0
70400;Πλάτανος,ο;0.29;0;0
70012;Πλάτανος,ο;0.29;0;0
73002;Πολεμάρχιον,το;0.29;0;0
84501;Πράσσο,το (νησίς);0.29;0;0
24022;Πραστοβά,η;0.29;0;0
85600;Ρουκουνιώτης,ο;0.29;0;0
73002;Σιρίλιον,το;0.29;0;0
73006;Σπηλιά,η;0.29;0;0
73500;Στέρναι,αι;0.29;0;0
83100;Στρογγυλό,το (νησίς);0.29;0;0
84005;Συκαμιά,η;0.29;0;0
84200;Τήνος,η;0.29;0;0
21056;Τολόν,το;0.29;0;0
72300;Τοπλού,το;0.29;0;0
84800;Τρυπητή,η;0.29;0;0
73400;Φαλελιανά,τα;0.29;0;0
70200;Φανερωμένη,η;0.29;0;0
84006;Φλαμπούρια,τα;0.29;0;0
28200;Χαβριάτα,τα;0.29;0;0
73400;Χαιρεθιανά,τα;0.29;0;0
70400;Χουστουλιανά,τα;0.29;0;0
70012;Χουστουλιανά,τα;0.29;0;0
84001;Ψάθη,η;0.29;0;0
72300;Αγία Ειρήνη,η;0.28;0;0
80100;Αγία Πελαγία,η;0.28;0;0
80200;Αγία Πελαγία,η;0.28;0;0
73001;Αγία Τριάς,η;0.28;0;0
73005;Αγιά,η;0.28;0;0
84800;Άγιοι Ανάργυροι,οι;0.28;0;0
84300;Άγιος Αρσένιος,ο;0.28;0;0
18040;Άγιος Γεώργιος,ο (νησίς);0.28;0;0
84006;Άγιος Στέφανος,ο;0.28;0;0
84600;Άγιος Στέφανος,ο;0.28;0;0
84200;Άγιος Φωκάς,ο;0.28;0;0
84400;Αγκαιριά,η;0.28;0;0
84300;Αγκίδια,τα;0.28;0;0
84100;Αζόλιμνος,ο (Δημοτική Κοινότητα Μάννα);0.28;0;0
18010;Αίγινα,η;0.28;0;0
84302;Ακρωτήρι,το;0.28;0;0
84401;Αμπελάς,ο;0.28;0;0
73006;Βαγί,το;0.28;0;0
23062;Βαθιά,η;0.28;0;0
85200;Βαθύς,ο;0.28;0;0
21300;Βερβερούδα,η;0.28;0;0
84100;Βήσσα,η;0.28;0;0
73002;Βλαχερωνίτισσα,η;0.28;0;0
74052;Βλυχάδα,η;0.28;0;0
74057;Βλυχάδα,η;0.28;0;0
18040;Βλυχός,ο;0.28;0;0
73011;Βρασκάς,ο;0.28;0;0
24400;Βρομονέριον,το;0.28;0;0
84501;Γάιδαρος,ο (νησίς);0.28;0;0
23062;Γερολιμήν,ο;0.28;0;0
23071;Γερολιμήν,ο;0.28;0;0
73007;Γεωργιούπολις,η;0.28;0;0
84400;Γλυφά,τα;0.28;0;0
70014;Γούβαι,αι;0.28;0;0
80100;Διακόφτι,το;0.28;0;0
80200;Διακόφτι,το;0.28;0;0
21300;Δορούφι,το (Τ.Κ.Κοιλάδος);0.28;0;0
84400;Δρυός,ο;0.28;0;0
84200;Δύσβατον,το (νησίς);0.28;0;0
84700;Έξω Κατοικίες,οι;0.28;0;0
74052;Έρφοι,οι;0.28;0;0
18040;Ζωγκαίϊκα,τα;0.28;0;0
84700;Ημεροβίγλιον,το;0.28;0;0
84700;Θήρα,η;0.28;0;0
84702;Θηρασία,η;0.28;0;0
27054;Θολόν,το;0.28;0;0
27054;Κακόβατος,ο;0.28;0;0
24100;Καλαμάτα,η;0.28;0;0
24101;Καλαμάτα,η;0.28;0;0
24102;Καλαμάτα,η;0.28;0;0
24103;Καλαμάτα,η;0.28;0;0
24110;Καλαμάτα,η;0.28;0;0
24131;Καλαμάτα,η;0.28;0;0
24133;Καλαμάτα,η;0.28;0;0
72200;Καλόγεροι,οι;0.28;0;0
29100;Καλονήσι,το (νησίς);0.28;0;0
84300;Καλοταρίτισσα,η;0.28;0;0
70400;Καλύβια,τα;0.28;0;0
85105;Καλυθιαί,αι;0.28;0;0
83400;Καμπί Χρυσομηλέας,το;0.28;0;0
84002;Καμπί,το;0.28;0;0
24500;Καρτελάς,ο;0.28;0;0
27054;Κάτω Ταξιάρχαι,οι;0.28;0;0
83400;Κεραμειδού,η;0.28;0;0
84008;Κέρος,η (νησίς);0.28;0;0
24022;Κιτριαί,αι;0.28;0;0
24016;Κιτριαί,αι;0.28;0;0
84401;Κολυμπήθρες,οι;0.28;0;0
73014;Κοντομάριον,το;0.28;0;0
84002;Κούνδουρος,ο;0.28;0;0
73400;Κουνουπίτσα,η;0.28;0;0
73005;Κουφός,ο;0.28;0;0
24006;Κρητικά,τα;0.28;0;0
24400;Λαγκουβάρδος,ο;0.28;0;0
24400;Λαγκούβαρδος,ο;0.28;0;0
21300;Λάκκες,οι;0.28;0;0
24300;Λεμπεστενά,τα;0.28;0;0
84006;Λεύκες,οι;0.28;0;0
84401;Λιβάδια,τα;0.28;0;0
84005;Λιβάδιον,το;0.28;0;0
73011;Λιβανιανά,τα;0.28;0;0
84002;Λιγιά,η;0.28;0;0
18011;Λιμενάρια,τα;0.28;0;0
23053;Λίμνες,οι (Τ.Κ.Παντανάσσης);0.28;0;0
83100;Μακρόνησο,το (νησίς);0.28;0;0
84100;Μάννα,το;0.28;0;0
23062;Μαρμάρι,το;0.28;0;0
23071;Μαρμάρι,το;0.28;0;0
84600;Μαρμαρονήσιο,το (νησίς);0.28;0;0
24300;Μερολίθι,το;0.28;0;0
84300;Μερσίνη,η;0.28;0;0
84700;Μέσα Κατοικίες,οι;0.28;0;0
18050;Μονή Αγίων Πάντων,η;0.28;0;0
80100;Μονή Μυρτιδίων,η;0.28;0;0
73006;Μονή Οδηγητρίας Κυρίας Γωνιάς,η;0.28;0;0
84300;Μονή Χρυσοστόμου,η;0.28;0;0
73300;Μουρνιές,οι;0.28;0;0
24022;Μπαζιγέικα,τα;0.28;0;0
24150;Μπουρνιάς,ο;0.28;0;0
18950;Ν. Περιστέρια,τα (νησίς);0.28;0;0
18903;Ν. Περιστέρια,τα (νησίς);0.28;0;0
23053;Νεάπολη Βοιών,η;0.28;0;0
27054;Νεοχώριον,το (Τ.Κ.Νεοχωρίου);0.28;0;0
84700;Όρμος Αθηνιός,ο;0.28;0;0
84701;Όρμος Αθηνιός,ο;0.28;0;0
71500;Παλαιόκαστρο,το;0.28;0;0
23062;Πάλιρος,το;0.28;0;0
23071;Πάλιρος,το;0.28;0;0
84700;Παναγία Καλού,η;0.28;0;0
21056;Παραλία Ασίνης,η;0.28;0;0
23053;Παραλία,η;0.28;0;0
84400;Παράσπορος,ο;0.28;0;0
84400;Πάρος,η;0.28;0;0
73014;Πατελλάριον,το;0.28;0;0
73500;Περιβόλια,τα;0.28;0;0
21300;Πετροθάλασσα Ερμιόνης,η;0.28;0;0
84400;Πίσω Λιβάδιον,το;0.28;0;0
73007;Πλάκα,η;0.28;0;0
73008;Πλάκα,η;0.28;0;0
84501;Πλατύ,το (νησίς);0.28;0;0
85800;Πόλιον,το;0.28;0;0
23062;Πόρτο Κάγιο,το;0.28;0;0
23071;Πόρτο Κάγιο,το;0.28;0;0
21300;Πορτοχέλιον,το;0.28;0;0
73500;Ποτιστήρια,τα;0.28;0;0
71500;Πρασσάς,ο;0.28;0;0
24022;Ρίγκλια,τα;0.28;0;0
24024;Ρίγκλια,τα;0.28;0;0
83104;Σαμιοπούλα,η (νησίς);0.28;0;0
24500;Σεργιάνι,το;0.28;0;0
74052;Σίσαι,αι;0.28;0;0
74057;Σίσαι,αι;0.28;0;0
73011;Σκαλωτή,η;0.28;0;0
24001;Σφακτηρία,η (νησίς);0.28;0;0
84302;Ταξιάρχης,ο;0.28;0;0
84301;Ταξιάρχης,ο;0.28;0;0
84600;Τούρλος,ο;0.28;0;0
74150;Τρία Μοναστήρια,τα;0.28;0;0
18950;Τρίνησα,η - Τρίμεσα,η (νησίς);0.28;0;0
24500;Φαρμάκα,η;0.28;0;0
72150;Φορτί,το;0.28;0;0
83400;Φούρνοι,οι;0.28;0;0
84800;Φυροπόταμος,ο;0.28;0;0
84006;Αγία Ειρήνη,η;0.27;0;0
24300;Αγία Κυριακή,η;0.27;0;0
72053;Αγία Παρασκευή,η;0.27;0;0
24300;Αγία Πεθαμένη,η;0.27;0;0
84302;Αγιασσός,η;0.27;0;0
84600;Άγιος Ιωάννης Διακόφτης,ο;0.27;0;0
83400;Άγιος Ιωάννης Θερμαστής,ο;0.27;0;0
73011;Άγιος Νεκτάριος,ο;0.27;0;0
73200;Άγιος Νικόλαος,ο;0.27;0;0
85700;Άγιος Νικόλαος,ο;0.27;0;0
70014;Αγριανά,τα;0.27;0;0
85104;Αερολιμήν,ο;0.27;0;0
85106;Αερολιμήν,ο;0.27;0;0
84100;Αζόλιμνος,ο (Δημοτική Κοινότητα Βάρης);0.27;0;0
73007;Αλμυρίδα,η;0.27;0;0
73008;Αλμυρίδα,η;0.27;0;0
84400;Αλυκή,η;0.27;0;0
84006;Απόκριση,η;0.27;0;0
18010;Απόνησος,η (νησίς);0.27;0;0
84800;Αρετή,η;0.27;0;0
73007;Ασπρουλιάνοι,οι;0.27;0;0
74150;Ατσιπόπουλον,το;0.27;0;0
24500;Βαθύ,το;0.27;0;0
23053;Βιγκλάφια,τα;0.27;0;0
84400;Βουτάκος,ο (Δ.Κ. Πάρου);0.27;0;0
84400;Βουτάκος,ο (Τ.Κ.Αγκαιριάς);0.27;0;0
72200;Γαβρίλης,ο;0.27;0;0
84100;Γαλησσάς,ο;0.27;0;0
84005;Γάνεμα,το;0.27;0;0
24500;Γιαννίτσαινα,η;0.27;0;0
73006;Δέμπλα,η;0.27;0;0
74150;Δίλοφο,το;0.27;0;0
73007;Δράμια,τα;0.27;0;0
73400;Δραπανιάς,ο;0.27;0;0
84001;Επάνω Κάμπος,ο;0.27;0;0
73005;Επισκοπή,η;0.27;0;0
84006;Επισκοπή,η;0.27;0;0
83400;Θυμαινάκι,το (νησίς);0.27;0;0
21300;Θυνί,το;0.27;0;0
72150;Ίστρον,το;0.27;0;0
72200;Καβούσιον,το;0.27;0;0
24022;Καλαμίτσι,το;0.27;0;0
84600;Καλαφάτη,η;0.27;0;0
84006;Καλό Λιβάδι,το;0.27;0;0
74052;Καλό Χωράφι,το;0.27;0;0
73500;Καλόρρουμα,το;0.27;0;0
84008;Καλοταρίτισσα,η;0.27;0;0
84700;Καμάριον,το;0.27;0;0
85200;Καμάριον,το;0.27;0;0
73006;Καμισιανά,τα;0.27;0;0
73500;Καμπάνιον,το;0.27;0;0
85500;Κάμπος,ο;0.27;0;0
83301;Καρκινάγριον,το;0.27;0;0
84008;Καστελόπετρα,η;0.27;0;0
84003;Κάστρον,το;0.27;0;0
74053;Κάτω Μονή Πρέβελη,η;0.27;0;0
74060;Κάτω Μονή Πρέβελη,η;0.27;0;0
84004;Κίμωλος,η;0.27;0;0
73400;Κολένη,η;0.27;0;0
73006;Κολυμβάρι,το;0.27;0;0
85102;Κολύμπια,τα;0.27;0;0
21056;Κορωνήσι,το (νησίς);0.27;0;0
21300;Κουνούπι,το;0.27;0;0
84005;Κουταλάς,ο;0.27;0;0
84400;Κρωτήρι,το;0.27;0;0
80100;Κύθηρα,τα;0.27;0;0
23062;Κυπάρισσος,η;0.27;0;0
23071;Κυπάρισσος,η;0.27;0;0
18010;Λαγούσα,η (επί της νήσου Ελεούσης);0.27;0;0
18010;Λαγουσάκι,το (επί της νήσου Παναγίτσης);0.27;0;0
71500;Λευκαδιά,η;0.27;0;0
84008;Λεύκαι,αι;0.27;0;0
74053;Λευκόγεια,τα;0.27;0;0
74060;Λευκόγεια,τα;0.27;0;0
85700;Λευκός,ο;0.27;0;0
24022;Λεύκτρον,το;0.27;0;0
24024;Λεύκτρον,το;0.27;0;0
85900;Λιβάδια,τα;0.27;0;0
24500;Λιθαρορίξι,το;0.27;0;0
24300;Λιμενάριον,το;0.27;0;0
23053;Λίμνες,οι (Τ.Κ.Ελίκας);0.27;0;0
84006;Λιοτρίβι,το;0.27;0;0
27054;Λογγάκι,το;0.27;0;0
84006;Λουτρά,τα;0.27;0;0
71500;Λυγαριά,η;0.27;0;0
73500;Λυγιδές,ο;0.27;0;0
84800;Μανδράκια,τα;0.27;0;0
23053;Μαραθιάς,ο;0.27;0;0
24400;Μαραθόπολις,η;0.27;0;0
73500;Μαρμαράς,ο;0.27;0;0
84300;Μαστοράκης,ο;0.27;0;0
74052;Μελιδόνιον,το;0.27;0;0
84006;Μέριχας,ο;0.27;0;0
85700;Μεσοχώριον,το;0.27;0;0
73007;Μεταμόρφωση,η;0.27;0;0
84302;Μικρή Βίβλα,η;0.27;0;0
85003;Μικρό Χωριό,το;0.27;0;0
73014;Μόδιον,το;0.27;0;0
70400;Μονή Καλυβιανής,η;0.27;0;0
24132;Μονή Προφήτη Ιωήλ,η;0.27;0;0
84600;Μύκονος,η;0.27;0;0
72053;Μυρωνικήτας,ο;0.27;0;0
84401;Νάουσα,η;0.27;0;0
84009;Όρμος Αγίου Νικολάου,ο;0.27;0;0
84600;Ορνός,ο;0.27;0;0
23053;Παλαιόκαστρο,το;0.27;0;0
24150;Παραλία Βέργας,η;0.27;0;0
83400;Πετροκάραβο,το (νησίς);0.27;0;0
24022;Πλαγιάδα,η;0.27;0;0
21056;Πλατειά,η (νησίς);0.27;0;0
84600;Πλατύς Γιαλός,ο;0.27;0;0
84400;Πούντα,η;0.27;0;0
84800;Προβατάς,ο;0.27;0;0
24400;Πρώτη,η (νησίς);0.27;0;0
71500;Σέμελη,η;0.27;0;0
85200;Σκαλιά,τα;0.27;0;0
73200;Σούδα,η;0.27;0;0
73500;Σταλός,ο;0.27;0;0
18010;Σταχτορροή,η (νησίς);0.27;0;0
24300;Στόμιον,το;0.27;0;0
24006;Σχίζα,η (νησίς);0.27;0;0
24500;Τερψιθέα,η;0.27;0;0
84501;Τουρλίτης,ο (νησίς);0.27;0;0
84600;Τραγονήσιο,το (νησίς);0.27;0;0
24022;Τραχήλα,η;0.27;0;0
24023;Τραχήλα,η;0.27;0;0
18010;Υψηλή,η (νησίς);0.27;0;0
73400;Φουρνάδος,ο;0.27;0;0
84300;Χαραυγή,η;0.27;0;0
70014;Χερσόνησος,η;0.27;0;0
84400;Χρυσή Ακτή,η;0.27;0;0
84600;Ψαρρού,η;0.27;0;0
73500;Αγία Ζώνη,η;0.26;0;0
84401;Αγία Καλή,η (νησίς);0.26;0;0
84003;Αγία Μαρίνα,η;0.26;0;0
74150;Αγία Παρασκευή,η;0.26;0;0
84300;Άγιοι Πάντες,οι;0.26;0;0
84401;Άγιος Αρτέμιος,ο (νησίς);0.26;0;0
24022;Άγιος Βασίλειος,ο;0.26;0;0
24022;Άγιος Δημήτριος,ο;0.26;0;0
24024;Άγιος Δημήτριος,ο;0.26;0;0
29090;Άγιος Ιωάννης,ο (νησίς);0.26;0;0
83400;Άγιος Μηνάς,ο (νησίς);0.26;0;0
21300;Άγιος Νικόλαος,ο;0.26;0;0
18040;Άγιος Νικόλαος,ο (νησίς);0.26;0;0
84011;Αγκάλη,η;0.26;0;0
24300;Άγριλος,ο;0.26;0;0
84800;Αδάμας,ο;0.26;0;0
84801;Αδάμας,ο;0.26;0;0
84007;Αντίπαρος,η;0.26;0;0
23053;Αρχάγγελος,ο;0.26;0;0
84100;Βαρβαρούσα,η (νησίς);0.26;0;0
28200;Βαρδιάνοι,οι (νησίς);0.26;0;0
84100;Βάρη,η;0.26;0;0
72053;Βλιχάδια,τα;0.26;0;0
71500;Βραχόκηπος,ο;0.26;0;0
70200;Βώροι,οι;0.26;0;0
73500;Γαλατάς,ο;0.26;0;0
84401;Γαλιάτσος,ο (νησίς);0.26;0;0
84006;Γαντρομάντρα,η;0.26;0;0
73014;Γεράνι,το;0.26;0;0
23062;Γιαλιά,τα;0.26;0;0
23071;Γιαλιά,τα;0.26;0;0
74150;Γιαννούδιον,το;0.26;0;0
23052;Γλυφάδα,η;0.26;0;0
23056;Γλυφάδα,η;0.26;0;0
73500;Δαράτσος,ο;0.26;0;0
74052;Δάφνη,η;0.26;0;0
18040;Δοκός,η (νησίς);0.26;0;0
23052;Ελαία,η;0.26;0;0
84703;Εμπορείον,το;0.26;0;0
74052;Εξάντης,ο;0.26;0;0
74057;Εξάντης,ο;0.26;0;0
84100;Ερμούπολις,η;0.26;0;0
73400;Ζερβιανά,τα;0.26;0;0
85300;Ζηπάριον,το;0.26;0;0
84001;Ίος,η;0.26;0;0
84600;Κάβουρας,ο (νησίς);0.26;0;0
73400;Καλουδιανά,τα;0.26;0;0
85200;Κάλυμνος,η (Ποθαία);0.26;0;0
85400;Καμάρα,η;0.26;0;0
84800;Καμίνια,τα;0.26;0;0
83400;Καμπί Φούρνων,το;0.26;0;0
84007;Κάμπος,ο;0.26;0;0
24022;Κάμπος,ο (Τοπική Κοινότητα Καρδαμύλης);0.26;0;0
23053;Καπάρι,το;0.26;0;0
73400;Καρεφιλιανά,τα;0.26;0;0
84302;Καστράκι,το;0.26;0;0
73001;Καστρίον,το;0.26;0;0
84008;Κατάπολα,τα;0.26;0;0
72300;Κάτω Ζάκρος,ο;0.26;0;0
73500;Κάτω Μαράθι,το;0.26;0;0
73011;Καψοδάσος,το;0.26;0;0
84009;Κλησίδι,το;0.26;0;0
23062;Κοκκινόγεια,τα;0.26;0;0
23071;Κοκκινόγεια,τα;0.26;0;0
73005;Κυρτωμάδος,ο;0.26;0;0
84401;Λάγκερη,η;0.26;0;0
84011;Λιβάδιον,το;0.26;0;0
18050;Λιγονέρι,το;0.26;0;0
85300;Λινοπότης,ο;0.26;0;0
71500;Λοφούπολις,η;0.26;0;0
72300;Λύδια,η;0.26;0;0
84400;Μακριά Μύτη,η;0.26;0;0
73500;Μαράθι,το;0.26;0;0
72053;Μαυρικιανόν,το;0.26;0;0
84300;Μαχαίρες,οι (νησίς);0.26;0;0
84005;Μεγάλο Λιβάδι,το (νησίς);0.26;0;0
85003;Μεγάλο Χωριό,το;0.26;0;0
24006;Μεθώνη,η;0.26;0;0
73014;Μετόχιον,το;0.26;0;0
84600;Μπάος,ο (επί της νήσου Αγίου Γεωργίου);0.26;0;0
84001;Μυλοπότας,ο;0.26;0;0
85200;Μυρτέαι,αι;0.26;0;0
84008;Νικούρια,τα (νησίς);0.26;0;0
71500;Ξηρόκαμπος,ο;0.26;0;0
73500;Όασις,η;0.26;0;0
84700;Όρμος Φηρών,ο;0.26;0;0
71500;Παραλία Φόδελε,η;0.26;0;0
73006;Παραλία,η;0.26;0;0
85101;Παστίδα,η;0.26;0;0
85106;Παστίδα,η;0.26;0;0
73011;Πατσιανός,ο;0.26;0;0
84800;Πάχαινα,η;0.26;0;0
70400;Πετροκεφάλιον,το;0.26;0;0
73400;Πιπεριανά,τα;0.26;0;0
84300;Πλάκα,η;0.26;0;0
85400;Πλάκες,οι;0.26;0;0
23052;Πλύτρα,η;0.26;0;0
23056;Πλύτρα,η;0.26;0;0
84100;Ποσειδωνία,η;0.26;0;0
23053;Πούντα,η;0.26;0;0
84302;Πυργάκι,το;0.26;0;0
84400;Πυργάκι,το;0.26;0;0
84007;Ρευματονήσι,το (νησίς);0.26;0;0
70200;Σίβας,ο;0.26;0;0
85500;Σκάλα,η;0.26;0;0
84006;Σκύλος,ο;0.26;0;0
73200;Σούδα,η (νησίς);0.26;0;0
18050;Σπέτσαι,αι;0.26;0;0
84300;Στρογγυλή,η (νησίς) (Δ.Κ. Δονούσης);0.26;0;0
85600;Σύμη,η;0.26;0;0
84800;Σχινωπή,η;0.26;0;0
84401;Τεταρτονήσι,το (νησίς);0.26;0;0
84100;Φοίνιξ,ο;0.26;0;0
84800;Φυλακωπή,η;0.26;0;0
74052;Χάνιον Αλεξάνδρου,το;0.26;0;0
74052;Χανοθιανά,τα;0.26;0;0
21300;Χινίτσα,η;0.26;0;0
84008;Χριστουλάκι,το;0.26;0;0
80100;Αβλέμονας,ο;0.25;0;0
74052;Αγγελιανά,τα;0.25;0;0
84300;Αγία Αννα,η;0.25;0;0
84800;Αγία Κυριακή,η;0.25;0;0
85400;Αγία Μαρίνα,η;0.25;0;0
84300;Αγία Παρασκευή,η (νησίς);0.25;0;0
72300;Αγία Φωτιά,η;0.25;0;0
18050;Άγιοι Ανάργυροι,οι;0.25;0;0
21300;Άγιος Αιμιλιανός,ο;0.25;0;0
73400;Άγιος Αντώνιος,ο;0.25;0;0
84800;Άγιος Γεράσιμος,ο;0.25;0;0
73400;Άγιος Γεώργιος,ο;0.25;0;0
84011;Άγιος Γεώργιος,ο;0.25;0;0
74150;Άγιος Δημήτριος,ο;0.25;0;0
84006;Άγιος Δημήτριος,ο;0.25;0;0
70200;Άγιος Ιωάννης,ο;0.25;0;0
70009;Άγιος Ιωάννης,ο;0.25;0;0
18040;Άγιος Ιωάννης,ο (νησίς);0.25;0;0
84004;Άγιος Νικόλαος,ο;0.25;0;0
84300;Άγιος Προκόπιος,ο;0.25;0;0
84007;Άγιος Σπυρίδων,ο (νησίς);0.25;0;0
84702;Αγριλιά,η;0.25;0;0
73400;Αζογυράς,ο;0.25;0;0
83400;Αλατονήσι,το (νησίς);0.25;0;0
84800;Απολλώνια,τα;0.25;0;0
85104;Βαγιές,οι;0.25;0;0
85106;Βαγιές,οι;0.25;0;0
85900;Βαθύ,το;0.25;0;0
73500;Βαμβακόπουλον,το;0.25;0;0
84008;Βιόκαστρο μικρό,το (νησίς);0.25;0;0
74150;Βιολί Χαράκι,το;0.25;0;0
84800;Βούδια,τα;0.25;0;0
85150;Βρυσιά,τα;0.25;0;0
84401;Γαϊδουρονήσι,το (νησίς);0.25;0;0
74150;Γεράνιον,το;0.25;0;0
24022;Γερανού,το;0.25;0;0
84400;Γλαρόμπουτα,η (νησίς);0.25;0;0
84005;Γλαρονήσιο,το (νησίς);0.25;0;0
85101;Δαματρία,η;0.25;0;0
85106;Δαματρία,η;0.25;0;0
21056;Δασκαλειό,το (νησίς);0.25;0;0
84600;Δήλος,η (νησίς);0.25;0;0
84100;Διδύμη,η (νησίς);0.25;0;0
84007;Διπλό,το (νησίς);0.25;0;0
23053;Ελαφόνησος,η (νησίς);0.25;0;0
84800;Εμπουρειός,ο;0.25;0;0
84800;Ζεφυρία,η;0.25;0;0
84007;Κάβουρας,ο (νησίς);0.25;0;0
85102;Κάλαθος,η;0.25;0;0
70014;Καλιβομούρης,ο;0.25;0;0
70200;Καμηλάριον,το;0.25;0;0
84800;Κάναβα,η;0.25;0;0
84006;Κανάλα,η;0.25;0;0
24022;Καρδαμύλη,η;0.25;0;0
71500;Καρτερός,ο (Τοπική Κοινότητα Καλλιθέας);0.25;0;0
23053;Κάτω Νησί,το;0.25;0;0
83400;Κισηριά,η (νησίς);0.25;0;0
84800;Κλήμα,το;0.25;0;0
73400;Κορφαλώνας,ο;0.25;0;0
85150;Κοσκινού,τα;0.25;0;0
21300;Κόστα,η;0.25;0;0
84600;Κταπόδια,τα (νησίς);0.25;0;0
85700;Λακκί,το;0.25;0;0
85109;Λάρδος,η;0.25;0;0
74150;Λούτρα,η;0.25;0;0
84300;Μάκαρες,οι (νησίς);0.25;0;0
73014;Μάλεμε,το;0.25;0;0
84300;Μάραγκας,ο;0.25;0;0
85102;Μάσαρη,τα;0.25;0;0
84401;Μαυρονήσι,το (νησίς);0.25;0;0
84100;Μέγας Γιαλός,ο (Δ.Κ.Βάρης);0.25;0;0
84100;Μέγας Γιαλός,ο (Τ.Κ.Ποσειδωνίας);0.25;0;0
24022;Μερόπη,η (νησίς);0.25;0;0
84400;Μικρονήσι,το (νησίς);0.25;0;0
72400;Μίλατος,η;0.25;0;0
73500;Μονή Αγίας Τριάδος των Τζαγκαρόλων,η;0.25;0;0
84800;Μύτικας,ο;0.25;0;0
84100;Νάτα,τα (νησίς);0.25;0;0
24022;Νέον Προάστιον,το;0.25;0;0
72200;Ξηροκαμάρα,η;0.25;0;0
74150;Ξηρόν Χωρίον,το;0.25;0;0
84401;Ξιφάρα,η;0.25;0;0
84008;Ξυλοκερατίδιον,το;0.25;0;0
84702;Όρμος Κόρφου,ο;0.25;0;0
74053;Παλαιά Ταβέρνα,η;0.25;0;0
84800;Παλιοχώρι,το;0.25;0;0
84302;Παναγία,η (νησίς);0.25;0;0
85200;Πάνορμος,η;0.25;0;0
84400;Παντερονήσι,το (νησίς);0.25;0;0
73007;Παραλία Κουρνά,η;0.25;0;0
84008;Πέρα Ραχίδι,το;0.25;0;0
74052;Πέραμα,το;0.25;0;0
74053;Πίσω Μονή Πρέβελη,η;0.25;0;0
74060;Πίσω Μονή Πρέβελη,η;0.25;0;0
85700;Πλατύολο,το;0.25;0;0
84003;Πλατύς Γιαλός,ο;0.25;0;0
84004;Πολύαιγος,η (νησίς);0.25;0;0
84702;Ποταμός,ο;0.25;0;0
84300;Πρασούρα,η (νησίς);0.25;0;0
84008;Ραχίδιον,το;0.25;0;0
84600;Ρήνεια,η (νησίς);0.25;0;0
72300;Σαραντάπηχος,ο;0.25;0;0
74053;Σούδα,η;0.25;0;0
18050;Σπετσοπούλα,η (νησίς);0.25;0;0
84300;Στελίδα,η;0.25;0;0
72053;Σχίσμα,το (Δ.Κ.Ελούντας);0.25;0;0
73006;Ταυρωνίτης,ο;0.25;0;0
84400;Τηγάνι,το (νησίς);0.25;0;0
84401;Τούρλος,ο (νησίς);0.25;0;0
84003;Φάρος,ο;0.25;0;0
84007;Φειρά,τα (Επί της νήσου Φειρών);0.25;0;0
84401;Φιλίδι,το (νησίς);0.25;0;0
84702;Φοινικιά,η;0.25;0;0
84800;Φουρκοβούνι,το;0.25;0;0
84003;Χερρόνησος,η;0.25;0;0
21300;Χηνίτσα,η (νησίς);0.25;0;0
84004;Ψάθη,η;0.25;0;0
24006;Αγία Μαρίνα,η (νησίς);0.24;0;0
74053;Αγία Παρασκευή,η;0.24;0;0
70010;Αγία Παρασκευή,η (Πέρα Τσούτσουρος,ο);0.24;0;0
71500;Αγία Πελαγία,η;0.24;0;0
84300;Άγιος Γεώργιος,ο;0.24;0;0
24022;Άγιος Νικόλαος,ο;0.24;0;0
72100;Άγιος Νικόλαος,ο;0.24;0;0
72102;Άγιος Νικόλαος,ο;0.24;0;0
24024;Άγιος Νικόλαος,ο;0.24;0;0
70010;Άγιος Παντελεήμων,ο (Μαριδάκι,το);0.24;0;0
85001;Αγρελούσσα,η (νησίς);0.24;0;0
74150;Άδελε,το;0.24;0;0
84700;Ακρωτήριον,το;0.24;0;0
85400;Άλινδα,τα;0.24;0;0
84010;Αλοπρόνοια,η;0.24;0;0
84004;Αλυκή,η;0.24;0;0
73001;Άμπελος,η;0.24;0;0
85900;Ανάληψις,η;0.24;0;0
84009;Ανάφη,η;0.24;0;0
83400;Ανθρωποφάς,ο (νησίς);0.24;0;0
74052;Άνω Βιρανεπισκοπή,η;0.24;0;0
85109;Απολακκιά,η;0.24;0;0
85001;Αρκοί,οι (νησίς);0.24;0;0
84100;Άσπρο,το (νησίς);0.24;0;0
72055;Άσπρος Ποταμός,ο;0.24;0;0
85900;Αστυπάλαια,η;0.24;0;0
85103;Αφάντου,τα;0.24;0;0
74052;Αχλαδές,ο;0.24;0;0
74057;Αχλαδές,ο;0.24;0;0
84003;Βαθύ,το;0.24;0;0
23052;Βελοπούλα,η (νησίς);0.24;0;0
84008;Βιόκαστρο μεγάλο,το (νησίς);0.24;0;0
85200;Βλυχάδια,τα;0.24;0;0
84005;Βους,ο (νησίς);0.24;0;0
73011;Βριτομάρτις,η;0.24;0;0
84800;Γλαρονήσια,τα (νησίς);0.24;0;0
84004;Γούπα - Καρά,η;0.24;0;0
85400;Γούρνα,η;0.24;0;0
71500;Γούρναι,αι;0.24;0;0
85500;Γρίγος,ο;0.24;0;0
84007;Δεσποτικό,το (νησίς);0.24;0;0
84300;Δονούσα,η;0.24;0;0
85400;Δρυμών,ο;0.24;0;0
84400;Δρυονήσι,το (νησίς);0.24;0;0
84401;Εβριόκαστρο,το (νησίς);0.24;0;0
85200;Εμπορειός,ο;0.24;0;0
84700;Έξω Γιαλός,ο (Δ.Κ.Θήρας);0.24;0;0
84702;Θόλος,ο;0.24;0;0
73400;Καβούσιον,το;0.24;0;0
84004;Καλαμίτσι,το;0.24;0;0
74053;Κάμπος,ο;0.24;0;0
73400;Κάμπος,ο (Τοπική Κοινότητα Καλλεργιανών);0.24;0;0
84011;Καραβοστάσης,ο;0.24;0;0
70004;Κάτω Βίγλες,οι;0.24;0;0
80100;Καψάλιον,το;0.24;0;0
72200;Κεντρίον,το;0.24;0;0
85700;Κήπος Αφιάρτη,ο;0.24;0;0
18040;Κιβωτός,η (νησίς);0.24;0;0
85400;Κόκκαλη,η;0.24;0;0
73400;Κόκκινον Μετόχιον,το;0.24;0;0
85001;Κόμαρος,ο (νησίς);0.24;0;0
18050;Κουζούνος,ο;0.24;0;0
73500;Κουμαρές,ο;0.24;0;0
84300;Κουφονήσιον,το (νησίς);0.24;0;0
84600;Κρομμύδι,το (νησίς);0.24;0;0
85109;Λαχανιά,η;0.24;0;0
85303;Λουτρά,τα;0.24;0;0
84001;Μαγγανάρι,το;0.24;0;0
83400;Μακρονήσι,το (νησίς);0.24;0;0
84400;Μακρονήσι,το (νησίς);0.24;0;0
85600;Μαραθούντα,η;0.24;0;0
85300;Μαρμάρι,το;0.24;0;0
84008;Μαύρη Μύτη,η;0.24;0;0
84300;Μεσαριά,η;0.24;0;0
83400;Μικρός Ανθρωποφάς,ο (νησίς);0.24;0;0
29092;Μονή Στροφάδων,η (Επί της νησίδος Σταμφάνιον Στροφάδων);0.24;0;0
74053;Μυρθιανός Πλακιάς,ο;0.24;0;0
74060;Μυρθιανός Πλακιάς,ο;0.24;0;0
84300;Νάξος,η;0.24;0;0
73400;Νέον Χωρίον,το;0.24;0;0
84008;Νερά,τα;0.24;0;0
85003;Νερά,τα (νησίς);0.24;0;0
73400;Νωπήγεια,τα;0.24;0;0
85400;Ξηρόκαμπος,ο;0.24;0;0
73014;Παλαιόν Γεράνιον,το;0.24;0;0
72300;Παναγία Φανερωμένη,η;0.24;0;0
84008;Παραλία Θολαρίων,η;0.24;0;0
85400;Παρθένιον,το;0.24;0;0
85600;Πέδιον,το;0.24;0;0
74150;Πετρές,ο;0.24;0;0
84800;Πηλονήσιο,το (νησίς);0.24;0;0
70200;Πιτσίδια,τα;0.24;0;0
72053;Πλάκα,η;0.24;0;0
83400;Πλάκα,η (νησίς);0.24;0;0
83400;Πλακάκι,το (νησίς);0.24;0;0
74053;Πλακιάς,ο;0.24;0;0
74060;Πλακιάς,ο;0.24;0;0
80100;Πλατεία Άμμος,η;0.24;0;0
80200;Πλατεία Άμμος,η;0.24;0;0
74055;Πύργος,ο;0.24;0;0
85700;Σαριά,η (νησίς);0.24;0;0
85133;Σγουρού,τα;0.24;0;0
84005;Σεριφοπούλα,η (νησίς);0.24;0;0
84300;Σκυλονήσιο,το (νησίς);0.24;0;0
74052;Σολοχιανά,τα;0.24;0;0
74057;Σολοχιανά,τα;0.24;0;0
70004;Σταυριά,η;0.24;0;0
84007;Στρογγυλή,η (νησίς);0.24;0;0
83400;Στρογγυλό,το (νησίς);0.24;0;0
84100;Στρογγυλό,το (νησίς) (Δημοτική Κοινότητα Ερμουπόλεως);0.24;0;0
84100;Στρογγυλό,το (νησίς) (Τοπική Κοινότητα Ποσειδωνίας);0.24;0;0
84600;Σφοντήλι,το (νησίς);0.24;0;0
84100;Σχινονήσιο,το (νησίς);0.24;0;0
84300;Σχοινούσσα,η;0.24;0;0
84007;Σωρός,ο;0.24;0;0
85400;Τεμένια,τα;0.24;0;0
18040;Τρίκερι,το (νησίς);0.24;0;0
85150;Τσαΐρι,το;0.24;0;0
72055;Τσικκαλαριά,τα;0.24;0;0
23053;Τσουμάλα,η;0.24;0;0
70004;Φασκομηλιά,η;0.24;0;0
84300;Φοίνικας,ο;0.24;0;0
74053;Φοίνιξ,ο;0.24;0;0
84401;Φοίνισσες,οι (νησίς);0.24;0;0
84800;Ψαθάδικα,τα;0.24;0;0
85003;Ψαθονήσιο,το (νησίς);0.24;0;0
85001;Αβάπτιστος,ο (νησίς);0.23;0;0
24150;Αβία,η;0.23;0;0
85500;Αγία Θέκλα,η (νησίς);0.23;0;0
73014;Αγία Μαρίνα,η;0.23;0;0
74053;Άγιος Γεώργιος,ο;0.23;0;0
84703;Άγιος Γεώργιος,ο;0.23;0;0
84004;Άγιος Γεώργιος,ο (νησίς);0.23;0;0
85500;Άγιος Γεώργιος,ο (νησίς);0.23;0;0
84004;Άγιος Ευστάθιος,ο (νησίς);0.23;0;0
71408;Άγιος Ιωάννης,ο;0.23;0;0
74052;Άγιος Νικόλαος,ο;0.23;0;0
24150;Ακρογιάλιον,το;0.23;0;0
74052;Αλμυρίδα,η;0.23;0;0
85500;Άνυδρο,το (νησίς);0.23;0;0
74150;Αστέριον,το;0.23;0;0
74052;Βιρανεπισκοπή,η;0.23;0;0
72150;Βρυονήσι,το (νησίς);0.23;0;0
85109;Γεννάδιον,το;0.23;0;0
84300;Γλαρονήσιο,το (νησίς);0.23;0;0
85003;Γλάρος,ο (νησίς);0.23;0;0
85900;Γλυνό,το (νησίς);0.23;0;0
84008;Δασκαλιό,το (νησίς);0.23;0;0
85600;Εμπορειός,ο;0.23;0;0
84700;Έξω Γιαλός,ο (Δ.Κ.Καρτεράδου);0.23;0;0
71000;Ηράκλειον,το;0.23;0;0
71001;Ηράκλειον,το;0.23;0;0
71004;Ηράκλειον,το;0.23;0;0
71006;Ηράκλειον,το;0.23;0;0
71110;Ηράκλειον,το;0.23;0;0
71201;Ηράκλειον,το;0.23;0;0
71202;Ηράκλειον,το;0.23;0;0
71301;Ηράκλειον,το;0.23;0;0
71303;Ηράκλειον,το;0.23;0;0
71304;Ηράκλειον,το;0.23;0;0
71305;Ηράκλειον,το;0.23;0;0
71306;Ηράκλειον,το;0.23;0;0
71307;Ηράκλειον,το;0.23;0;0
71409;Ηράκλειον,το;0.23;0;0
71410;Ηράκλειον,το;0.23;0;0
85101;Θεολόγος,ο;0.23;0;0
85106;Θεολόγος,ο;0.23;0;0
73500;Καλαθάς,ο;0.23;0;0
72200;Καλλιθέα,η;0.23;0;0
72056;Καλλιθέα,η;0.23;0;0
85001;Καλόβολος,ο (νησίς);0.23;0;0
73400;Καλυβιανή,η;0.23;0;0
85304;Καρδάμαινα,η;0.23;0;0
72300;Κάτω Επισκοπή,η;0.23;0;0
85104;Κάτω Καλαμών,ο;0.23;0;0
85106;Κάτω Καλαμών,ο;0.23;0;0
84300;Κάτω Κουφονήσιον,το (νησίς);0.23;0;0
85301;Κέφαλος,η;0.23;0;0
84008;Κίναρος,η (νησίς);0.23;0;0
85109;Κιοτάρι,το;0.23;0;0
73400;Κίσσαμος,ο;0.23;0;0
84003;Κιτριανή,η (νησίς);0.23;0;0
84702;Κολούμπος,ο;0.23;0;0
23053;Κόρακας,ο;0.23;0;0
74053;Κόρακας,ο;0.23;0;0
74060;Κόρακας,ο;0.23;0;0
85500;Κούδρος,ο – Κεντρονήσι,το (νησίς);0.23;0;0
73011;Κούτελος,ο;0.23;0;0
85001;Λειψοί,οι;0.23;0;0
85001;Μακρονήσι,το (νησίς);0.23;0;0
85001;Μάραθος,η (νησίς);0.23;0;0
72300;Μερτύδια,τα;0.23;0;0
71500;Μονοναύτης,ο;0.23;0;0
84700;Νέα Καμένη,η;0.23;0;0
72300;Ξερόκαμπος,ο (Τοπική Κοινότητα Ζίρου);0.23;0;0
72059;Ξερόκαμπος,ο (Τοπική Κοινότητα Ζίρου);0.23;0;0
84702;Οία,η;0.23;0;0
84702;Όρμος Αρμένης,ο;0.23;0;0
85104;Παραδείσιον,το;0.23;0;0
85106;Παραδείσιον,το;0.23;0;0
70004;Πατέλες,οι;0.23;0;0
70014;Πελεκητά,τα;0.23;0;0
84001;Πεταλίδι,το (νησίς);0.23;0;0
18040;Πέτασι,το (νησίς);0.23;0;0
85500;Πετροκάραβο,το (νησίς);0.23;0;0
74150;Πηγή,η;0.23;0;0
84005;Πιπέρι,το (νησίς);0.23;0;0
84300;Πλάκα,η (νησίς);0.23;0;0
84008;Πλακή,η (νησίς);0.23;0;0
73014;Πλατανιάς,ο;0.23;0;0
74053;Πολύριζος,η;0.23;0;0
74060;Πολύριζος,η;0.23;0;0
84004;Πράσσα,τα;0.23;0;0
23053;Προφήτης Ηλίας,ο;0.23;0;0
74052;Σιριπιδιανά,τα;0.23;0;0
74057;Σιριπιδιανά,τα;0.23;0;0
74052;Σκεπαστή,η;0.23;0;0
74057;Σκεπαστή,η;0.23;0;0
85500;Σκλάβες,οι (νησίς);0.23;0;0
85001;Σμυνερονήσι,το (νησίς);0.23;0;0
85001;Σπαθαθονήσι,το (νησίς);0.23;0;0
71500;Σταυρωμένο,το;0.23;0;0
85102;Στεγνά,τα;0.23;0;0
24022;Στούπα,η;0.23;0;0
24024;Στούπα,η;0.23;0;0
85001;Στρογγυλό,το (νησίς);0.23;0;0
85200;Τέλενδος,η (νησίς);0.23;0;0
85300;Τιγκάκιον,το;0.23;0;0
85500;Τραγονήσι,το (νησίς);0.23;0;0
70010;Τρεις Εκκλησιές,οι;0.23;0;0
84007;Τσιμηντήρι,το (νησίς);0.23;0;0
85001;Τσούκα,η (νησίς);0.23;0;0
85001;Τσουκάκι,το (νησίς);0.23;0;0
70010;Τσούτσουρος,ο;0.23;0;0
70200;Τυμπάκιον,το;0.23;0;0
73100;Χανία,τα;0.23;0;0
73101;Χανία,τα;0.23;0;0
73102;Χανία,τα;0.23;0;0
73103;Χανία,τα;0.23;0;0
73110;Χανία,τα;0.23;0;0
73131;Χανία,τα;0.23;0;0
73132;Χανία,τα;0.23;0;0
73133;Χανία,τα;0.23;0;0
73134;Χανία,τα;0.23;0;0
73135;Χανία,τα;0.23;0;0
73136;Χανία,τα;0.23;0;0
73137;Χανία,τα;0.23;0;0
73232;Χανία,τα;0.23;0;0
73233;Χανία,τα;0.23;0;0
70014;Χατζανά,τα;0.23;0;0
85900;Χονδρό,το (νησίς);0.23;0;0
73011;Χώρα Σφακίων,η;0.23;0;0
73500;Χωραφάκια,τα;0.23;0;0
85001;Ψαθονήσι,το (νησίς);0.23;0;0
21056;Ψηλή,η (νησίς);0.23;0;0
21060;Ψηλή,η (νησίς);0.23;0;0
84010;Αβολαδονήσιο,το (νησίς);0.22;0;0
74053;Αγία Γαλήνη,η;0.22;0;0
74056;Αγία Γαλήνη,η;0.22;0;0
84702;Αγία Ειρήνη,η;0.22;0;0
85900;Αγία Κυριακή,η (νησίς);0.22;0;0
84700;Αγία Παρασκευή,η;0.22;0;0
73011;Αγία Ρουμέλη,η;0.22;0;0
84008;Άγιος Ανδρέας,ο (νησίς);0.22;0;0
84007;Άγιος Γεώργιος,ο;0.22;0;0
85700;Άγιος Ιωάννης Αφιάρτη,ο;0.22;0;0
84011;Άγιος Ιωάννης,ο (νησίς);0.22;0;0
70010;Άγιος Νικήτας,ο;0.22;0;0
85109;Άγιος Παύλος,ο;0.22;0;0
72300;Αγκάθια,τα;0.22;0;0
84800;Ακράθιον,το (νησίς);0.22;0;0
72200;Αμμουδάραι,αι;0.22;0;0
84702;Άνυδρος,ο (νησίς);0.22;0;0
84008;Άνω Αντικέρι,το (νησίς);0.22;0;0
85800;Αρβανιτοχώριον,το;0.22;0;0
84300;Άργιλος,η (νησίς);0.22;0;0
85400;Αρχάγγελος,ο (νησίς);0.22;0;0
72200;Βαϊνιά,η;0.22;0;0
72200;Βάτος,ο;0.22;0;0
72056;Βάτος,ο;0.22;0;0
73001;Βατσιανά,τα;0.22;0;0
84300;Βενέτικο,το (νησίς);0.22;0;0
18040;Βένιζα,η (νησίς);0.22;0;0
84008;Βούλγαρη,η (νησίς);0.22;0;0
84008;Γραμβούσσα,η (νησίς);0.22;0;0
84008;Γραμπονήσιο,το (νησίς);0.22;0;0
74053;Δαμνόνι,το;0.22;0;0
85200;Καλαβρός,ο (νησίς);0.22;0;0
84010;Καλόγερος,ο (νησίς);0.22;0;0
85200;Καλόλιμνος,η (νησίς);0.22;0;0
74053;Καλυψώ,η;0.22;0;0
74060;Καλυψώ,η;0.22;0;0
72200;Κάμπος,ο;0.22;0;0
84010;Καρδιώτισσα,η (νησίς);0.22;0;0
85700;Κάρπαθος,η;0.22;0;0
84008;Κάτω Αντικέρι,το (νησίς);0.22;0;0
85600;Κάτω Μεριά,η;0.22;0;0
84008;Κισίρι,το (νησίς);0.22;0;0
84300;Κλιδούρα,η (νησίς);0.22;0;0
74053;Κόκκινα Χωράφια,τα;0.22;0;0
70200;Κόκκινος Πύργος,ο;0.22;0;0
72200;Κοπάνες,οι;0.22;0;0
72056;Κοπάνες,οι;0.22;0;0
84001;Κουμπάρα,η;0.22;0;0
85001;Κουνέλι,το (νησίς);0.22;0;0
72200;Κουτσουνάρι,το;0.22;0;0
84008;Λάζαρος,ο (νησίς);0.22;0;0
85401;Λακκίον,το;0.22;0;0
85500;Λέβιθα,τα (νησίς);0.22;0;0
23053;Λεύκη,η;0.22;0;0
84008;Λιαδί,το (νησίς);0.22;0;0
85002;Λιβάδια,τα;0.22;0;0
74052;Μαγνησία,η;0.22;0;0
70007;Μάλια,τα;0.22;0;0
85302;Μαστιχάριον,το;0.22;0;0
84008;Μεγάλη Πλάκα,η (νησίς);0.22;0;0
70010;Μονή Κουδουμά,η;0.22;0;0
84700;Μονόλιθος,ο;0.22;0;0
74052;Μπαλίον,το;0.22;0;0
74057;Μπαλίον,το;0.22;0;0
72200;Μύρτος,ο;0.22;0;0
72056;Μύρτος,ο;0.22;0;0
72200;Ξηρόκαμπος,ο;0.22;0;0
84702;Όρμος Αμμουδιού,ο;0.22;0;0
84300;Οφειδούσσα,η (νησίς);0.22;0;0
85900;Οφιδούσσα,η (νησίς);0.22;0;0
74150;Παγκαλοχώριον,το;0.22;0;0
84700;Παλαιά Καμένη,η;0.22;0;0
72300;Παλαίκαστρον,το;0.22;0;0
74150;Πανόραμα,το;0.22;0;0
70400;Παπαδογιάννης,ο;0.22;0;0
84702;Παράδεισος,ο;0.22;0;0
84008;Πατελίδι,το (νησίς);0.22;0;0
72200;Παχεία Άμμος,η;0.22;0;0
84703;Πέρισσα,η;0.22;0;0
72300;Πισκοκέφαλον,το;0.22;0;0
18040;Πλατονήσι,το (νησίς);0.22;0;0
85900;Ποντικούσα,η (νησίς);0.22;0;0
72200;Ποτάμοι,οι;0.22;0;0
80100;Ποταμός,ο (Δημοτική Κοινότητα Αντικυθήρων);0.22;0;0
80200;Ποταμός,ο (Δημοτική Κοινότητα Αντικυθήρων);0.22;0;0
84004;Πρασονήσι,το (νησίς);0.22;0;0
74052;Πρίνος,ο;0.22;0;0
72400;Πύργος,ο;0.22;0;0
74052;Ρουμελή,η;0.22;0;0
74057;Ρουμελή,η;0.22;0;0
85101;Σορωνή,η;0.22;0;0
85106;Σορωνή,η;0.22;0;0
73004;Σούγια,η;0.22;0;0
73009;Σούγια,η;0.22;0;0
18040;Σταυρονήσι,το (νησίς);0.22;0;0
72200;Στόμιον,το;0.22;0;0
85400;Στρογγυλή,η (νησίς);0.22;0;0
73400;Σφηνάριον,το;0.22;0;0
73400;Τράχηλος,ο;0.22;0;0
85400;Τρυπητή,η (νησίς);0.22;0;0
84008;Τσουλούφι,το (νησίς);0.22;0;0
85101;Φάναι,αι;0.22;0;0
85106;Φάναι,αι;0.22;0;0
85400;Φαρμακονήσιον,το (νησίς);0.22;0;0
84008;Φελούκα,η (νησίς);0.22;0;0
85001;Φράγκος,ο (νησίς);0.22;0;0
85900;Φωκιονήσια,τα (νησίς);0.22;0;0
74150;Χαμαλεύριον,το;0.22;0;0
85102;Χαράκιον,το;0.22;0;0
80100;Χαρχαλιανά,τα;0.22;0;0
85500;Χιλιομόδι,το (νησίς);0.22;0;0
84008;Ψαλίδα,η (νησίς);0.22;0;0
70004;Ψαρή Φοράδα,η;0.22;0;0
74053;Αγία Φωτεινή,η;0.21;0;0
72200;Αγιασμένος,ο;0.21;0;0
73014;Άγιοι Θεόδωροι,οι (νησίς);0.21;0;0
72150;Άγιοι Πάντες,οι (νησίς);0.21;0;0
70014;Άγιος Ιωάννης,ο;0.21;0;0
70016;Άγιος Ιωάννης,ο;0.21;0;0
84700;Άγιος Νικόλαος,ο;0.21;0;0
74053;Αμμούδι,το;0.21;0;0
74060;Αμμούδι,το;0.21;0;0
84800;Ανάνες,οι (νησίς);0.21;0;0
84700;Ασπρονήσι,το (νησίς);0.21;0;0
70200;Αφραθιάς,ο;0.21;0;0
71500;Βαθειανός Κάμπος,ο;0.21;0;0
85400;Βελόνα,η (νησίς);0.21;0;0
85700;Γαϊδουρονήσι,το (νησίς);0.21;0;0
73500;Γαλήνη,η;0.21;0;0
84008;Γλάρος,ο (νησίς);0.21;0;0
72200;Γρα Λυγιά,η;0.21;0;0
85303;Γυαλί,το (νησίς);0.21;0;0
85700;Διαφάνιον,το;0.21;0;0
70014;Δράπανος,η;0.21;0;0
72400;Επάνω Σίσιον,το;0.21;0;0
85101;Ιαλυσός,ο;0.21;0;0
85200;Ίμια - Λιμνιά δύο,τα (νησίς);0.21;0;0
85200;Ίμια - Λιμνιά ένα,τα (νησίς);0.21;0;0
85101;Καλαβάρδα,τα;0.21;0;0
85106;Καλαβάρδα,τα;0.21;0;0
72300;Καλόν Νερόν,το;0.21;0;0
84010;Κάραβος,ο (νησίς);0.21;0;0
71500;Καρτερός,ο (Τοπική Κοινότητα Ελαίας);0.21;0;0
85900;Κατσαγρέλλι,το (νησίς);0.21;0;0
85109;Κατταβία,η;0.21;0;0
70014;Κάτω Γούβαι,αι;0.21;0;0
72053;Κάτω Σέλλες,οι;0.21;0;0
85900;Κουνούποι,οι (νησίς);0.21;0;0
85900;Κουτσομύτι,το (νησίς);0.21;0;0
70010;Κρασάς,ο;0.21;0;0
70400;Κριγοί,οι;0.21;0;0
85300;Κως,η;0.21;0;0
73011;Λάκκοι,οι;0.21;0;0
85107;Λίνδος,η;0.21;0;0
73011;Λουτρόν,το;0.21;0;0
73011;Λύκος,ο;0.21;0;0
85108;Μανδρικόν,το;0.21;0;0
85500;Μαύρα,τα (νησίς);0.21;0;0
85002;Μεγάλον Χωρίον,το;0.21;0;0
84300;Μεγάλος Αβελάς,ο (νησίς);0.21;0;0
72150;Μικρονήσιον,το (νησίς);0.21;0;0
84300;Μικρός Αβελάς,ο (νησίς);0.21;0;0
72300;Μονή Καψά,η;0.21;0;0
71408;Νέα Αλικαρνασσός,η;0.21;0;0
72200;Νέα Ανατολή,η;0.21;0;0
72200;Νέος Μύρτος,ο;0.21;0;0
72056;Νέος Μύρτος,ο;0.21;0;0
85303;Πάλοι,οι;0.21;0;0
85600;Πανορμίτης,ο;0.21;0;0
74052;Πάνορμος,ο;0.21;0;0
74057;Πάνορμος,ο;0.21;0;0
84800;Παξιμάδι,το (νησίς);0.21;0;0
72300;Παπαδιόκαμπος,ο;0.21;0;0
84009;Παχειά,τα (νησίς);0.21;0;0
84700;Περιβόλια,τα;0.21;0;0
85400;Πηγανούσσα,η (νησίς);0.21;0;0
72055;Πιλαλήματα,τα;0.21;0;0
84008;Πλάκα Λιαδιού,η (νησίς);0.21;0;0
70400;Τζίγκουνας,ο;0.21;0;0
85900;Τηγάνι,το (νησίς);0.21;0;0
84010;Τρία Αδέλφια,τα (νησίς);0.21;0;0
85150;Φαληράκιον,το;0.21;0;0
84700;Φάρος,ο - Μέσα Χωριό,το;0.21;0;0
73011;Φοίνικας,ο;0.21;0;0
73011;Φραγκοκάστελλο,το;0.21;0;0
71500;Χάνιον του Κοκκίνη,το;0.21;0;0
85900;Χονδρονήσι,το (νησίς);0.21;0;0
84700;Χριστιανά,τα (νησίς);0.21;0;0
70400;Χρυσόστομος,ο;0.21;0;0
85110;Χωρίον,το;0.21;0;0
85200;Ψέριμος,η (νησίς);0.21;0;0
85002;Άγιος Αντώνιος,ο;0.20;0;0
74150;Αγνά,τα;0.20;0;0
85150;Αμμούδες,οι;0.20;0;0
85700;Αρκάσα,η;0.20;0;0
85303;Αυλάκιον,το;0.20;0;0
85700;Άφωτη,η (νησίς);0.20;0;0
70004;Βαχουδιανός Ξερόκαμπος,ο;0.20;0;0
70400;Γερόκαμπος,ο;0.20;0;0
73001;Γιαλός,ο;0.20;0;0
70004;Δέρματος,η;0.20;0;0
85700;Δεσποτικό,το (νησίς);0.20;0;0
71500;Δία,η (νησίς);0.20;0;0
72300;Διόνυσος,ο;0.20;0;0
84703;Εξωμύτης,ο;0.20;0;0
85301;Καμάριον,το;0.20;0;0
85108;Κάμειρος Σκάλα,η;0.20;0;0
85301;Κάμπος,ο;0.20;0;0
85303;Κανδελιούσσα,η (νησίς,φάρος);0.20;0;0
70004;Καστρί,το;0.20;0;0
85104;Κρεμαστή,η;0.20;0;0
70400;Λέντας,ο;0.20;0;0
70014;Λιμήν Χερσονήσου,ο;0.20;0;0
85303;Μανδράκιον,το;0.20;0;0
85111;Μεγίστη,η;0.20;0;0
85200;Νερά,τα (νησίς);0.20;0;0
85600;Νίμος,η (νησίς);0.20;0;0
85301;Όνια,η;0.20;0;0
72400;Παραλία Μιλάτου,η;0.20;0;0
85303;Παχειά,τα (νησίς);0.20;0;0
74150;Πηγιανός Κάμπος,ο;0.20;0;0
85200;Πλάτη,η (νησίς);0.20;0;0
70400;Πλατιά Περάματα,τα;0.20;0;0
70009;Πλατιά Περάματα,τα;0.20;0;0
74052;Σκαλέτα,η;0.20;0;0
70007;Σταλίς,η;0.20;0;0
73500;Σταυρός,ο;0.20;0;0
74150;Σταυρωμένος,ο;0.20;0;0
74150;Σφακάκι,το;0.20;0;0
74053;Σχοινάρια,τα;0.20;0;0
70004;Τέρτσα,τα;0.20;0;0
72300;Τρυπητός,ο;0.20;0;0
72200;Φέρμα,η;0.20;0;0
72300;Χιώνα,η;0.20;0;0
72400;Αγία Βαρβάρα,η;0.19;0;0
85800;Αγία Μαρίνα,η;0.19;0;0
70014;Αγία Πελαγία,η;0.19;0;0
72200;Αγία Φωτιά,η;0.19;0;0
72300;Άγιον Πνεύμα,το;0.19;0;0
85303;Άγιος Αντώνιος,ο (νησίς);0.19;0;0
70004;Άγιος Ιωάννης,ο;0.19;0;0
72055;Άγιος Παντελεήμων,ο;0.19;0;0
74150;Αδελιανός Κάμπος,ο;0.19;0;0
85900;Αδελφοί,οι (νησίς);0.19;0;0
70014;Ανάληψις,η;0.19;0;0
72055;Ανάληψις,η;0.19;0;0
72300;Ανεμομύλια,τα;0.19;0;0
70004;Άρβη,η;0.19;0;0
84700;Ασκανιά,τα (νησίς);0.19;0;0
72300;Ασπρόλιθος,ο;0.19;0;0
72059;Ασπρόλιθος,ο;0.19;0;0
72055;Αχλιά,τα;0.19;0;0
72055;Γαλήνη,η;0.19;0;0
72300;Γούδουρας,ο;0.19;0;0
72059;Γούδουρας,ο;0.19;0;0
70400;Δυσκός,ο;0.19;0;0
84700;Εσχάτη,η (νησίς);0.19;0;0
85700;Ζαφοράς,ο (νησίς);0.19;0;0
72200;Ιεράπετρα,η;0.19;0;0
70200;Καλαμάκιον,το;0.19;0;0
72053;Καλυδών,η (νησίς);0.19;0;0
70004;Καψάλη,η;0.19;0;0
70004;Κερατόκαμπος,ο;0.19;0;0
70004;Κολύμποι,οι;0.19;0;0
85133;Κρητικά,τα;0.19;0;0
70004;Λατόμια,τα (Τ.Κ.Αγίου Βασιλείου);0.19;0;0
70004;Λατόμια,τα (Τ.Κ.Πεύκου);0.19;0;0
74052;Λαύρις,η;0.19;0;0
74057;Λαύρις,η;0.19;0;0
84009;Μακρά,η (νησίς);0.19;0;0
72055;Μακρυγιαλός,ο;0.19;0;0
70200;Μάταλα,τα;0.19;0;0
72055;Μαύρος Κόλυμπος,ο;0.19;0;0
70004;Μονομπούκα,η;0.19;0;0
70004;Νέα Άρβη,η;0.19;0;0
70200;Νέο Καλαμάκι,το;0.19;0;0
85700;Νησί,το (νησίς);0.19;0;0
70004;Ξερόκαμπος,ο;0.19;0;0
73001;Παλαιοχώρα,η;0.19;0;0
85303;Περγούσσα,η (νησίς);0.19;0;0
72300;Πετράς,ο;0.19;0;0
74100;Ρέθυμνον,το;0.19;0;0
74101;Ρέθυμνον,το;0.19;0;0
74102;Ρέθυμνον,το;0.19;0;0
74110;Ρέθυμνον,το;0.19;0;0
74131;Ρέθυμνον,το;0.19;0;0
74132;Ρέθυμνον,το;0.19;0;0
74133;Ρέθυμνον,το;0.19;0;0
85200;Σαφονήδι,το (νησίς);0.19;0;0
72400;Σίσιον,το;0.19;0;0
85303;Στρογγύλη,η (νησίς);0.19;0;0
85600;Συκίδι,το;0.19;0;0
70004;Συνδονία,η;0.19;0;0
85900;Σύρνα,η (νησίς);0.19;0;0
85700;Τρίστομον,το;0.19;0;0
85700;Φοινίκιον,το;0.19;0;0
70004;Αγία Παρασκευή,η;0.18;0;0
72300;Άγιος Ανδρέας,ο;0.18;0;0
70400;Άγιος Μάρκος,ο;0.18;0;0
70009;Άγιος Μάρκος,ο;0.18;0;0
74053;Άγιος Παύλος,ο;0.18;0;0
70014;Αγκισαράς,ο;0.18;0;0
73400;Άγρια Γραμβούσα,η (νησίς);0.18;0;0
72200;Αγριόμανδρα,η (νησίς);0.18;0;0
70014;Ανισσαράς,ο;0.18;0;0
70014;Αποσελέμης,ο;0.18;0;0
72400;Αυγό,το (νησίς);0.18;0;0
72300;Βίγλα,η;0.18;0;0
85002;Γάιδαρος,ο (νησίς);0.18;0;0
85600;Γιαλεσίνο,το (νησίς);0.18;0;0
85002;Έριστος,η;0.18;0;0
73400;Ήμερη Γραμβούσα,η (νησίς);0.18;0;0
70400;Καλοί Λιμένες,οι;0.18;0;0
70009;Καλοί Λιμένες,οι;0.18;0;0
72059;Κεφαλή,η (νησίς);0.18;0;0
72053;Κολοκυθάς,ο (νησίς);0.18;0;0
72055;Κουτσουράς,ο;0.18;0;0
72300;Λαγκάδα,η;0.18;0;0
73400;Λιμενίσκος,ο;0.18;0;0
70400;Μακρονήσι,το (νησίς);0.18;0;0
85700;Μοίρα,η (νησίς);0.18;0;0
85800;Παναγία,η;0.18;0;0
85107;Πεύκοι,οι;0.18;0;0
85900;Πλακίδα,η (νησίς);0.18;0;0
85109;Πλημμύρι,το;0.18;0;0
85600;Σεσκλίον,το (νησίς);0.18;0;0
72300;Σητεία,η;0.18;0;0
85900;Σοχάς,η (νησίς);0.18;0;0
70400;Τράφος,η (νησίς);0.18;0;0
74053;Τριόπετρα,η;0.18;0;0
73400;Φαλασαρνά,τα;0.18;0;0
70004;Φαφλάγκος,ο;0.18;0;0
84009;Φτενά,τα (νησίς);0.18;0;0
73001;Φώκια,η;0.18;0;0
72059;Χαμηλή,η – Κούμελη,η (νησίς);0.18;0;0
85111;Ψωραδιά,η (νησίς);0.18;0;0
73001;Αγία Κυριακή,η;0.17;0;0
72059;Αναβάτης,ο (νησίς);0.17;0;0
85600;Διαβάτες,οι (νησίς);0.17;0;0
85700;Διβούνια,τα (νησίς);0.17;0;0
72059;Καβάλλος,ο (νησίς);0.17;0;0
70400;Καβούσα,η;0.17;0;0
73001;Καραβέ,η;0.17;0;0
85900;Καράβι,το (νησίς);0.17;0;0
85800;Κάστωρ,ο (νησίς);0.17;0;0
72200;Κόνιδα,η (νησίς);0.17;0;0
85600;Κουλούνδρος,ο (νησίς);0.17;0;0
72300;Κουρεμένος,ο;0.17;0;0
85600;Μαρμαράς,ο (νησίς);0.17;0;0
85900;Μεσονήσι,το (νησίς);0.17;0;0
85900;Μικρό Σόφρανο,το (νησίς);0.17;0;0
70400;Μικρονήσι,το (νησίς);0.17;0;0
85111;Πολύφαδος ένα,ο (νησίς);0.17;0;0
85700;Πρασονήσι,το (νησίς);0.17;0;0
85100;Ρόδος,η;0.17;0;0
85112;Ρόδος,η;0.17;0;0
85131;Ρόδος,η;0.17;0;0
85132;Ρόδος,η;0.17;0;0
85900;Στεφάνια,τα (νησίς);0.17;0;0
85800;Τρυπητή,η (νησίς);0.17;0;0
85800;Φρύ,το;0.17;0;0
85700;Χαμηλή,η (νησίς);0.17;0;0
85600;Χονδρός,ο (νησίς);0.17;0;0
85800;Ψείρα,η (νησίς);0.17;0;0
85111;Άγιος Γεώργιος,ο (νησίς);0.16;0;0
85111;Αγριελιά,η (νησίς);0.16;0;0
85002;Αντίτηλος,η (νησίς);0.16;0;0
85700;Αστακίδα,η (νησίς);0.16;0;0
85700;Ατσακιδόπούλο,το (νησίς);0.16;0;0
85700;Αυγό,το (νησίς);0.16;0;0
73001;Γαυδοπούλα,η (νησίς);0.16;0;0
85700;Διακόφτης,ο (νησίς);0.16;0;0
72300;Θώη,η (νησίς);0.16;0;0
85900;Καΐκι,το (νησίς);0.16;0;0
85111;Μαύρο Ποϊνί Μεγάλο,το (νησίς);0.16;0;0
73400;Μονή Χρυσοσκαλιτίσσης,η;0.16;0;0
73012;Μονή Χρυσοσκαλιτίσσης,η;0.16;0;0
74053;Παξιμάδια δύο,τα (νησίς);0.16;0;0
74053;Παξιμάδια ένα,τα (νησίς);0.16;0;0
85800;Φωκάς,ο (νησίς);0.16;0;0
85700;Χαρκιάς,ο (νησίς);0.16;0;0
85800;Χτένι,το (νησίς);0.16;0;0
85111;Ψωμί,το (νησίς);0.16;0;0
85800;Αρμάθια,τα (νησίς);0.15;0;0
72300;Γιανυσάδα,η (νησίς);0.15;0;0
72300;Δραγονάδα,η (νησίς);0.15;0;0
72300;Δωρίς,η (νησίς);0.15;0;0
85800;Καροφύλλα,η (νησίς);0.15;0;0
85700;Κάτω Λευκός,ο;0.15;0;0
73400;Λιβάδια,τα;0.15;0;0
73012;Λιβάδια,τα;0.15;0;0
85800;Μακρονήσι,το (νησίς);0.15;0;0
85111;Μαύρο Ποϊνί,το (νησίς);0.15;0;0
85109;Μαχαιριά,η;0.15;0;0
72300;Μόχλος,ο;0.15;0;0
72057;Μόχλος,ο;0.15;0;0
85700;Νισιερός,ο (νησίς);0.15;0;0
85800;Ποριονήσι,το (νησίς);0.15;0;0
72300;Πρασονήσι,το (νησίς);0.15;0;0
85800;Στρογγύλη,η (νησίς);0.15;0;0
85800;Τράχηλας,ο (νησίς);0.15;0;0
85110;Χάλκη,η;0.15;0;0
85110;Άγιος Θεόδωρος,ο (νησίς);0.14;0;0
85110;Αλιμιά,η (νησίς);0.14;0;0
85110;Κρεβάτια,τα (νησίς);0.14;0;0
85800;Λίτρα,η (νησίς);0.14;0;0
85110;Μαελονήσι,το (νησίς);0.14;0;0
72300;Παξιμάδα,η (νησίς);0.14;0;0
85800;Ποντικονήσια,τα (νησίς);0.14;0;0
85109;Πρασονήσιον,το (Φάρος);0.14;0;0
85111;Στρογγυλή,η (νησίς);0.14;0;0
85108;Στρογγύλη,η (νησίς);0.14;0;0
85700;Σώκαστρο,το (νησίς);0.14;0;0
85109;Χήνα,η (νησίς);0.14;0;0
72300;Ελάσα,η (νησίς);0.13;0;0
85110;Κολόφονας,ο (νησίς);0.13;0;0
72300;Κουφονήσιον,το (νησίς);0.13;0;0
72300;Κυριαμάδι,το;0.13;0;0
85108;Μακρή,η (νησίς);0.13;0;0
85110;Πάνω Πρασούα,η (νησίς);0.13;0;0
85800;Πλάκα,η (νησίς);0.13;0;0
85800;Πλάτη,η (νησίς);0.13;0;0
72059;Στρογγυλό,το (νησίς);0.13;0;0
85110;Σφύρα,η (νησίς);0.13;0;0
85110;Τσούκα,η (νησίς);0.13;0;0
72200;Χρυσή,η (νησίς);0.13;0;0
72057;Άγιος Νικόλαος,ο (νησίς);0.12;0;0
85110;Κάτω Πρασούα,η (νησίς);0.12;0;0
85800;Κούρικα,τα (νησίς);0.12;0;0
72059;Μακρουλό,το (νησίς);0.12;0;0
72059;Μάρμαρος,ο (νησίς);0.12;0;0
85108;Νήπουρι,το (νησίς);0.12;0;0
85111;Ρω,η (νησίς);0.12;0;0
85111;Σαβούρα,η (νησίς);0.12;0;0
85111;Τραγονέρα,η (νησίς);0.12;0;0
85110;Τραγούσα,η (νησίς);0.12;0;0
72059;Τράχηλος,ο (νησίς);0.12;0;0
72057;Ψείρα,η (νησίς);0.12;0;0
